user_detail_name,text,text 2,text 3,text 4,text 5,content_wrap,iplocation,,,,,attraction_name
匿名用户,2分,一般,景色5,趣味2,性价比2,把我们安排进一个很多人的团，解说废话太多，不到3小时，没听出来些什么，介绍的点也少。净说一些什么甄执，电视剧的。不专业。最后珍宝馆那些不进去讲的。不推荐！,IP属地:北京,,,,,故宫差评
匿名用户,1分,不佳,景色2,趣味1,性价比1,巨差无比，到了也没看到那里有领队，全程自己瞎逛，联系不到人，不靠谱，完全没秩序也不靠谱，不推荐，而且价格也很贵，反映了状况商家也不给退款。,IP属地:北京,,,,,故宫差评
白冰1984,2分,一般,景色3,趣味3,性价比2,时长未到，很不满意,IP属地:浙江,,,,,故宫差评
匿名用户,1分,不佳,,,,差劣 差劣 差劣,IP属地:未知,,,,,故宫差评
匿名用户,2分,一般,景色3,趣味1,性价比3,这次最不满意得就是这个导游，废话很多，好看的两馆如果不是我们提醒她还不准备带我们去，准备就在珍宝馆让我们自由活动了！说好一个团10-35人，结果有60人，还要不停地加人，导游等这个等那个就浪费了很多时间，最后的两馆也是匆匆结束，连西六宫都没来得及去看！如果自己能买到票还是建议租一个讲解器就可以了。跟团实在浪费时间，而且导游讲的感觉是电视剧里照搬的，没什么新意。,IP属地:上海,,,,,故宫差评
e40****03,1分,不佳,景色1,趣味1,性价比1,门口全是带队讲解的，老师们应该学会分头行动，而不是按照他的内容从头到尾说一遍。要不是自己抢不到故宫博物院的票，绝对不会选这个讲解。老师是一对非常多的人。价格太贵了，性价比极低。体验很差，我们听了20分钟就离队自行游完了。,IP属地:上海,,,,,故宫差评
_WeCh****03289,1分,不佳,景色3,趣味3,性价比3,可能对700多的讲解期待太多，其实和98的有啥差别？导游都不知道我这个订单含珍宝馆，导游没买到票没进去。,IP属地:天津,,,,,故宫差评
匿名用户,1分,不佳,景色1,趣味1,性价比1,感觉就是预约不上故宫进故宫的一个途径 研学谈不上 也可能是我要求高了 但一般是否需要和孩子们介绍一下自己孩子们之间互动一下 讲解的过程需要生动一下而不是用大人的语言生搬硬套的背讲解词！如果是和我有一样期待的家长不要选 哪怕不去故宫也不要报 体验感不好,IP属地:北京,,,,,故宫差评
M34****038,2分,一般,景色5,趣味5,性价比1,导游不管游客，一直往前走，游客总在打电话问他在哪，差评,IP属地:北京,,,,,故宫差评
M34****038,2分,一般,景色5,趣味5,性价比1,导游不管游客，一直往前走，游客总在打电话问他在哪，差评,IP属地:北京,,,,,故宫差评
匿名用户,1分,不佳,景色1,趣味1,性价比1,导游一直在门口讲也不进去参观 冬天北京冷死了 导游就放我们在门口吹风 在等的过程又有几个家庭进入 感觉就是为了多赚几个人的钱 超级差评 如果能买到票千万不要买这个导游！,IP属地:北京,,,,,故宫差评
M15****532,1分,不佳,景色1,趣味1,性价比1,说好的好评给礼品，结果一个没给，没诚信,IP属地:河北,,,,,故宫差评
匿名用户,1分,不佳,景色2,趣味1,性价比1,差评！！！不仅态度差，还打孩子并且不诚实,IP属地:北京,,,,,故宫差评
M23****1425,1分,不佳,景色3,趣味1,性价比1,超级差超级差,IP属地:重庆,,,,,故宫差评
_FB***35,1分,不佳,,,,非常不满意找不到解说服务,IP属地:未知,,,,,故宫差评
M52****9532,2分,一般,景色4,趣味2,性价比1,时间三小时，其实说的很少，扯闲篇，他的学生拿着一个小知识家人那赚钱，他给谁讲过，看什么有占有欲望！想听的的是历史，不是身边的人事，珍宝馆没任何解说，也就报个名，我谢谢你，名字上面有！,IP属地:北京,,,,,故宫差评
M23****6947,2分,一般,景色3,趣味2,性价比4,冲着互动和趣味活动来的，发现其实只是导游在讲解，趣味性不强,IP属地:北京,,,,,故宫差评
M22****2765,1分,不佳,景色1,趣味1,性价比1,约了11点30讲解，当天9点多退订，申请退款时扣除部分费用，结果晚上19点多说不能退款，未享受到讲解服务，期间也没有人联系沟通，还说已使用，莫名其妙。钱就打了水漂,IP属地:北京,,,,,故宫差评
匿名用户,1分,不佳,景色1,趣味1,性价比1,所有门都没开，只能在外面看看，特别是导游，竟是废话，磨磨唧唧，直接走了，直接溜达,IP属地:北京,,,,,故宫差评
206****831,1分,不佳,景色5,趣味5,性价比1,极不满意，给老爸老妈买的讲解，结果在“两馆”外边，导游告诉不含馆内讲解，需要加钱，结果两个老人就被甩下了（精讲服务确实不含两馆的讲解，但客人是可以自行参观两馆的，馆内讲解结束，要继续带人的）结果搞得老人连第一个馆都没进，后续2/3行程也未提供讲解服务,IP属地:上海,,,,,故宫差评
Darry u,2分,一般,,,, 垃圾，完全看不到有咩特点吸引,IP属地:未知,,,,,故宫差评
匿名用户,1分,不佳,景色1,趣味1,性价比1,购票说明和后来的短信约定时间不一致，购票说明里写明“不会单独联系”导致没期待短信，就也不会去特别关注。导致到时间没见人致电客服时，客服说有短信和致电（其实并没有）其实就不好说应该以哪个为准。到了故宫再过时去追就明显影响体验了。,IP属地:北京,,,,,故宫差评
匿名用户,2分,一般,景色5,趣味2,性价比2,讲的实在是过于繁琐，听着听不到重点，喜欢抓着小朋友一顿问，还给小朋友上历史课了，要不直接开个儿童班算了，浪费其他人的时间,IP属地:湖南,,,,,故宫差评
花瓣儿ztt,1分,不佳,景色4,趣味1,性价比1,讲解内容太无聊！无语??,IP属地:河北,,,,,故宫差评
M61****160,1分,不佳,景色5,趣味1,性价比1,差差差差差,IP属地:福建,,,,,故宫差评
匿名用户,2分,一般,景色5,趣味2,性价比1,没有按上面的线路走，九点半才开始点名准备出发（上面写九点），最后快一点才到珍宝馆，人非常多，我原先看上面介绍是先去珍宝馆（人就会少很多）才选择这个团的，结果只是问了一句导游怎么没按线路走，他们的态度就非常差，三个工作人员都是这样，一大一小花了两百多，结果还花钱找气受！珍宝馆就在外面讲解了一会，就让我们自己进馆参观，完全没有讲解，整个体验太差了，还不如后来圆明园花15元的古猫线上语音讲解，可以自由活动，去到哪里就选择哪一个讲解，而且这个是真正针对这个景点的专业讲解，而不是听很多未经证实的历史故事。,IP属地:福建,,,,,故宫差评
sunny.周,2分,一般,景色4,趣味1,性价比1,说是资深导游，实际上也是野导，深度游也没深度到哪儿。全程语速极快，没听清楚多问问就非常不耐烦，中午一点多才出发，不到四点就结束了！所谓3-3.5小时是时间不够的。完了还硬说时间到了！总之体验感非常不好！不如自己租个语音讲解。,IP属地:北京,,,,,故宫差评
匿名用户,1分,不佳,景色4,趣味1,性价比1,虽然导游带着全程三个小时，但是思来想去，还是给后来者提个醒，不要约这家了，谁来北京玩一趟都不容易，这个故宫有多难约也都知道，真的是非常水的一次讲解旅程，首先是时间不能保证，什么半小时发团纯属扯淡，一定要凑够人数才走，特别耽误时间，二是讲解太一般了，非常无聊，我第二天去国博约的另一家研学的，真是没有对比就没有伤害，那家讲的特别好。我很少写评价，觉得大家都不容易，可能是北京之行太累了，场馆特别难约，所以对于这种耽误时间的事特别难以容忍。可能我买的价位较低，买低价团能好一些？总之，避雷吧。,IP属地:北京,,,,,故宫差评
_WeCh****40656,1分,不佳,景色1,趣味1,性价比1,讲解员非常一般,IP属地:上海,,,,,故宫差评
匿名用户,1分,不佳,景色1,趣味1,性价比1,"非常糟糕，毫无诚信。
提早十天完成预定，出行前一天晚上六点临时通知预定的班次取消，要求消费者改时间；携程介入后，又改口说不取消，可以正常使用。当天按照要求提前赶到集合点，又告知预定班次取消，只能参加后续的班次。携程再次介入后，又向携程谎称改时间是经过消费者同意的。
现场讲解水平也很低，不到一小时已有近一半人弃团；路线设计也不合理，对于购买了珍宝馆门票的消费者，要全部兜完一圈，送走没买珍宝馆的消费者后，再回到珍宝馆讲解，费时费力。

大家注意避雷。",IP属地:上海,,,,,故宫差评
,1分,不佳,景色1,趣味1,性价比1,没找到讲解，不给退票,IP属地:河北,,,,,故宫差评
,1分,不佳,景色1,趣味1,性价比1,故宫导游时我原先订的不是后来带我出游的导游，但后来把我安排给他，是我在我北京留下的最差的印象是后来安排的姓张好像电话是1391077开头的）导游。我非常后悔没有跟到帮我指派的导游，虽然后来没见到给我指派的导游在最后一刻我不知道该怎么办时找到头天给我发短信的导游，向他求助时他的声音还是很感动我虽然没见到他，但他给我留下的一丝温暖还是让人感动他的电话（1861293开头的也是姓张）,IP属地:北京,,,,,故宫差评
,1分,不佳,景色1,趣味1,性价比1,不可能再预订携程了，根本没去成，客服态度傲慢，明确说了就算是携程的责任，也只能50块钱补偿，其他一分不陪，告辞！,IP属地:上海,,,,,故宫差评
匿名用户,1分,不佳,景色1,趣味1,性价比1,旅行社有点坑…订错时间了没去成，未使用的订单平台也显示已完成，并且不允许退款，最终不愉快收场！,IP属地:北京,,,,,故宫差评
,1分,不佳,景色1,趣味1,性价比1,挺差的，听了恭王府、国子监、颐和园和故宫的讲解，最差的就是在携程买的故宫了，导游姓丁，毫无趣味性，像是在背书，讲东西的时候不是走到哪讲到哪，边让我们看边讲，是在一边停着，讲完了再让看，真的是无聊至极，不像导游，像上课老师。为了体验好，还加了40，128/人，真是天坑。,IP属地:山东,,,,,故宫差评
,2分,一般,景色4,趣味3,性价比1,"说是半小时一场，从12点20等到1点还没开始，导致最后都没有讲完，散团还临时价钱，服务不好。
导游讲得不错，可惜了，时间不够。",IP属地:北京,,,,,故宫差评
匿名用户,2分,一般,景色2,趣味2,性价比2,感觉导游知识面很窄，讲的内容和*音差不多，没什么收获，一个团二三十个人，每看一个点你的团友都可以把你淹没。没必要买双馆深度游，他只是把你扔在双馆的门口就886了，自己买票进去或者跟那些导游会跟进馆讲解的会更好,IP属地:广东,,,,,故宫差评
,1分,不佳,景色1,趣味1,性价比1,导游讲解精彩,IP属地:北京,,,,,故宫差评
匿名用户,2分,一般,景色3,趣味2,性价比3,故宫作为中国历史文化的重要遗产，对孩子们的历史文化教育具有重要意义，既然是研学，讲解老师在传播历史文化知识方面具有一定的引导责任，不要因为难于管理就走马观花式的敷衍一下，注意每个景点讲解主次，时间分配，三个小时还是让孩子多走一走，不要坐在广场上一讲就是一个半小时，有些东西可以边走边说，旅游团队最基本的技能就是能够合理，最大化的利用时间，这也是判定计划是否合理基准，希望以后的研学能够着重于历史文化,IP属地:北京,,,,,故宫差评
,1分,不佳,景色1,趣味1,性价比1,应该是连门票点一起下单，,IP属地:浙江,,,,,故宫差评
M83****0333,1分,不佳,景色1,趣味1,性价比1,特别差劲   一个劲封建迷信也就算了    还说什么****狭隘    正儿八经建筑不讲   净说一些歪门邪道   我们成人有辨别力 小孩子被毒害   赶紧摘了耳机   告辞     这讲解是怎么审核通过的  怎么退票    怎么投诉？？？,IP属地:北京,,,,,故宫差评
吃不可爱的小小朋友,1分,不佳,景色1,趣味1,性价比1,不值得参加，孩子没有收获,IP属地:英国,,,,,故宫差评
匿名用户,1分,不佳,景色4,趣味4,性价比1,因为小朋友生病，所以当日申请退团，理解当日退团无法退全款，但看到贵店以客户至上的所谓金字招牌，希望还是能够人性化的沟通，尽量能够因病挽回点损失，毕竟出来旅游，碰上小朋友生病已经很糟心了，但是并不人性的协商完之后，清楚的意识到，人性确实只有金钱至上，同样今日取消的其他行程，商家都会客客气气的处理，并尽可能的帮助客户挽回部分的损失，我心存感恩，以后来北京一定找机会补上这趟行程，但是这家以后即使有需要，我也绝对不推荐20%的退款，难道我真的在乎吗？即使一分钱不退，我也要留下这样的差评，无良商家，建议带孩子带老人的家庭不要选择这个团，因为一旦有意外，你将无非讨回任何损失,IP属地:北京,,,,,故宫差评
反AI拯救者联盟,1分,不佳,景色1,趣味1,性价比1,我和儿子两人定的上午场，结果出票一个上午一个下午，到跟前又改票，排两次队，过两次安检，严重浪费时间，破坏体验。,IP属地:北京,,,,,故宫差评
M29****0228,1分,不佳,景色3,趣味2,性价比1,我因樽愿60元a票，跟你M^叫我到平台申，但一直]有回覆，麻┩嘶夭糠葙M用,IP属地:中国澳门,,,,,故宫差评
M77****1396,1分,不佳,景色1,趣味1,性价比1,由于下雨列车停运导致无法到达目的地，损失费不应该由游客一人承担。一半,IP属地:山西,,,,,故宫差评
匿名用户,2分,一般,景色3,趣味2,性价比2,按说明找，没有找到接头的人，出票老是要打电话问，体验不好,IP属地:广东,,,,,故宫差评
匿名用户,1分,不佳,景色1,趣味1,性价比1,"1. 出行前一天，问集合地点，因为写了故宫文创搜到地图上非常多地方，问具体是哪一个，携程也说不清楚
2. 询问导游联系方式，说前一天晚上9点会联系，也没联系，早上十点要出发了都没联系，问到有联系方式，到开始行程一小时才知道集合地和联系方式",IP属地:北京,,,,,故宫差评
徐行暇客,2分,一般,景色2,趣味1,性价比2,好多地方不开放，三大宫殿不开放，什么都看不到，不要找导游。,IP属地:江西,,,,,故宫差评
M25****5970,2分,一般,景色5,趣味3,性价比2,讲解太差，不值这个价钱,IP属地:广东,,,,,故宫差评
momo83737,1分,不佳,景色5,趣味2,性价比1,管理混乱,IP属地:北京,,,,,故宫差评
Nirvana zhang,1分,不佳,景色1,趣味1,性价比1,买票的时候没注意看， 结果此订单只有讲解，不包含门票，而我想去售票处单独买票却被告知无法订当日票。 携程简直就是坑人！ 退票又不行， 完全是陷阱！ 大家不要上当！,IP属地:上海,,,,,故宫差评
匿名用户,2分,一般,景色5,趣味3,性价比1,去年还有导游来个电话、这没导游联系真的是不方便啊！,IP属地:北京,,,,,故宫差评
205****215,1分,不佳,景色1,趣味1,性价比1,根本找不到，指示不清楚,IP属地:广东,,,,,故宫差评
M25****5442,1分,不佳,景色1,趣味1,性价比1,导游讲解还可以 但是从一开始就没讲清楚我的票只能是下午进让我在外面等2个多小时才进去 之后票里含钟表馆和珍宝馆一开始刷身份证也根本没进去 之后联系客服才进去 差评！,IP属地:北京,,,,,故宫差评
匿名用户,1分,不佳,景色1,趣味1,性价比1,这次的行程差非常，到了故宫门口，因为预约证件的问题无法进入，从青岛大老远带着孩子就为了来故宫，携程说跟携程一点关系没有，我收到短信说预约成功我才来的，那为什么证件预约成功了，我无法入内？,IP属地:山东,,,,,故宫差评
139****2089,1分,不佳,景色3,趣味1,性价比1,太捣浆糊了，号称研学营，其实也就是普通讲解，还不如普通讲解，讲解的老师状态也不好，组织很乱，讲解的也很散，故宫的历史几乎没有，边走会问小朋友几个问题，就算是研学了，两个老师，一个讲解，一个是位老阿姨，太失望了,IP属地:北京,,,,,故宫差评
匿名用户,1分,不佳,景色1,趣味1,性价比1,导游讲解全程只有各种野史段子，关于故宫本身的历史，特点，文化几乎一点没讲。去过那么多博物馆旅游地，这真的是最差的一个,IP属地:北京,,,,,故宫差评
怪盗基德,2分,一般,景色3,趣味2,性价比3,感觉讲解一般，有购物推荐,IP属地:山东,,,,,故宫差评
M12****012,1分,不佳,景色1,趣味1,性价比1,根本没有导游，没有人联系，出行当天打电话问，说导游会联系，结果还是没有。100多块钱其实就是买的门票,IP属地:北京,,,,,故宫差评
M24****385,1分,不佳,景色2,趣味2,性价比2,现在的故宫已经不值得去了！很多殿都围起来了，进不去！只能在外面看看，建议以后能进去了再去看，否则纯属走过场！！,IP属地:湖南,,,,,故宫差评
180****1292,1分,不佳,景色4,趣味1,性价比1,携程这次合作的“秀才说”公司服务真的太差！现场工作人员的服务态度太恶劣了！！！并且说好10点的行程，10:36还不出发！太不准时！多的不说，五天北京之旅最不开心的就是故宫行程！！！,IP属地:江苏,,,,,故宫差评
匿名用户,1分,不佳,景色1,趣味1,性价比1,孩子不用们票 200完全是讲解 但是讲解的孩子完全听不懂 。就听了2分钟。 白白浪费钱。建议小朋友不要买这个票,IP属地:北京,,,,,故宫差评
",ㄟM??",1分,不佳,景色1,趣味1,性价比1,黑心商家，以后订票可千万不要在这个平台，证件号输错1位都居然不会提示，直接就出票啊！没使用不给退，真**霸王条款，别的平台错1位都会有错误提示，你们这**平台为啥连最基本的提示都没有？****，恶心死了！,IP属地:北京,,,,,故宫差评
M53****6848,1分,不佳,景色3,趣味1,性价比1,别买，**导游厉害我们，贼**。态度差，没知识，有也跟你当哑巴，催人到挺**，卖货也听**，别买。珍宝馆钟表馆都没去,IP属地:北京,,,,,故宫差评
M76****7028,1分,不佳,景色3,趣味1,性价比1,非常差，把两组路线不同的散客安排到了一起，我们一部分人是含珍宝馆，钟表馆的，一部分人没有，导游说他带的是不包含的，打电话给客服也没解决，只能跟着导游先走着，导游结束后，自己急忙赶去珍宝馆，钟表馆就没时间去了，16：10分双馆就停止检票了，导游结束是15：50，导游是站桩输出型，到一个景点就找个角落不停讲厉史讲故事，讲完就直接去下一个，体检感很差，我虽然是来了解一下厉史，但更是要近距离观看感受啊，不是在角落上课，就算不能做到边走边说，至少也留点照相时间吧，我前脚跑太和殿前面拍个照，一转头导游已经去下一个景点了，后面一直如此，简直和看视频学习有一拼。果断卸载！这个平台算是烂透了！,IP属地:北京,,,,,故宫差评
匿名用户,1分,不佳,景色5,趣味1,性价比1,因为无法买到门票就买了含门票的讲解团，但体验感很差。首先提前七天预约到门票却没发短信通知，是联系携程客服去问商家才知道成功预约；其次商家也没有提前一天联系告知检票及导游等注意事项，也是主动联系携程客服帮忙问到，打商家的紧急联系电话也从来不接，这算哪门子紧急联系人，必须要通过携程客服去找他们才给你发个短信（国博讲解也是在携程上定的，人家导游提前一天主动联系，告知注意事项，体验感差太多了）。进了故宫后果断舍弃商家导游，直接找到故宫内的官方导游，一家全程三个多小时，讲解到位，孩子收获满满，虽然亏了几百（一个人费用200多），但不后悔，只希望为其他游客提个醒，如果订不到票，找个便宜点的团只是让他订票，开门时早点进去，找官方导游最实在。,IP属地:福建,,,,,故宫差评
匿名用户,1分,不佳,景色3,趣味1,性价比1,"预约不到，想着这个就相当于买个门票。会提前建微信群，告知集合点，到点后导游不会点人数，爱来不来。导游旗子会收起来，迟到了就比较难找了。
到了会给你耳机，坐在午门阴凉处，讲解1个多小时。
之后全程走的是左侧，美其名曰为了大家少晒太阳，中轴线上的宫殿只是远远看一眼。
暑假人比较多，一下就走丢，因为这个导游不举旗。",IP属地:北京,,,,,故宫差评
M46****4210,2分,一般,景色4,趣味3,性价比2,"1.导游公司安排的导游和游客汇合的地点不方便游客寻找。
2.导游太累了。
3.没有告诉游客具体怎么到达午门入口检票比较方便。
4.游客迟到，打电话给导游问在哪里的时候，导游没耐心。",IP属地:北京,,,,,故宫差评
M50****7754,2分,一般,景色5,趣味5,性价比1,注意了，这家打着研学的幌子不干实事，同类产品最贵的价格却没有相应的服务。我家两个孩子参加，讲解人员没有在指定地点手对手和家长交接孩子，而是在闸机里等，找不到讲解非常着急，在群里发问没人回答或者只发一张图片看不懂在哪，几乎没有人引领，给领队打电话态度非常不耐烦，还怪我没有好好看他们的文字通知，毕竟我们也不是天天去故宫参观的，不了解其中情况很自然，都了解清楚了还给孩子买什么讲解，自己就讲解了不是！由于讲解没有在刷票闸机外和家长交接孩子，家长又没有票进不去，只能让孩子自己进去找讲解，这中间有很大的安全漏洞，如果孩子跟错了讲解或者被别有用心的人带走怎么办？于是家长在群里说希望集合齐了发张照片，家长好放心，但集合后一个小时还没发照片。后来本想着会有助教给孩子拍些特写，结果除了集体照啥也没有。回来后两个孩子没有任何兴奋，想把学到的东西与家长分享，我就感觉很不值了。这还不算，到了晚上，态度不耐烦回答我问题的领队居然跟我索要好评，说对他很重要，我也是醉了！才有感而发在这里说出实情，不是最贵的票价一定有最好的服务！消费前请斟酌，毕竟孩子的安全是第一位的，底线的事情都做不好，其它就更可想而知了。,IP属地:北京,,,,,故宫差评
M22****7478,2分,一般,景色5,趣味1,性价比1,"冲着秀才说品牌来的，结果不满意。都不如租讲解器了。
1、报过很多讲解团，只有这个占用讲解时间卖东西（一套盖章本）
2、讲解员真的不专业。（和几年前来京时的讲解员比较）",IP属地:辽宁,,,,,故宫差评
匿名用户,1分,不佳,景色1,趣味1,性价比1,398的价格，准备去了才通知不讲古代中国，所以有的镇馆之宝一个也不讲，纯纯卖门票，如果是为了门票就有钱也行了，如果是为了讲解这个真的很差,IP属地:河南,,,,,故宫差评
M50****3266,1分,不佳,景色1,趣味1,性价比1,因为没有预约到大人的票，才花300多让老师带小朋友进去,IP属地:四川,,,,,故宫差评
M23****7209,1分,不佳,景色1,趣味1,性价比1,体验感非常不好，雷老师口头威胁孩子爸爸，说我们不给好评，就不给发孩子个人照片，态度极其恶劣，商家也不予解决,IP属地:广西,,,,,故宫差评
205****865,1分,不佳,景色5,趣味5,性价比1,小孩子挺开心的，天气很热，一半在屋檐下讲解，小朋友印象最深的是空调房。不满意两点，第一，我们准时到，有其他小朋友迟到，助教带着我家孩子10分钟奔波于各个安检处，没有送到老师集合处，建议两个助教，毕竟孩子是免费带入故宫的，368一个人，15个人还不够再请个助教吗？第二点，每个孩子两张个人照，我们少了一张，老师回复是孩子不愿意拍，老师说他只负责讲解，其他服务内容不归他管。如果亲子团无可厚非，孩子单独团还这么说是不是有点过分了。老师还要我五星好评，小朋友觉得讲解还行，服务就算了吧。,IP属地:山东,,,,,故宫差评
匿名用户,1分,不佳,景色1,趣味1,性价比1,导游不体谅游客，还把身份证押在他那，中间有人想离团自己游不可以，快下雨了，由于身份证在导游那也没法离开避雨，导致淋成落汤鸡，珍宝馆花钱了最后没看成，在大雨中困在故宫一个半小时,IP属地:山东,,,,,故宫差评
匿名用户,1分,不佳,景色3,趣味2,性价比1,故宫预约的上午场，短信电话都确认是上午场次，让我们一早去故宫等检票，我们行程也都安排的上午场。临到好不容易到了故宫，排上队安检，刷票时显示无票！又让工作人员请到一边去等，联系了导游说订错时间了，要下午场才能进。真是无语了，又退回出去。出来旅游一天都是订好时间，下午出行的地方要变地方，酒店退房时间得沟通，不然还要收房费，吃饭时间也不对。太不靠谱了！讲解也没有趣味性，一个团各个是面无表情。,IP属地:安徽,,,,,故宫差评
25****895,2分,一般,景色2,趣味2,性价比2,抢不到故宫的门票，只能给孩子报了这个。谁知孩子出来很失望，告知只去了：午门，武英殿，陶瓷馆，太和门，太和殿，中和殿，保和殿。隆宗门，乾清门，箭亭。导游给的解释是：孩子们太小听不懂后宫的知识，没有去后宫。只能浅浅满足故宫打卡的愿望,IP属地:广东,,,,,故宫差评
匿名用户,1分,不佳,景色1,趣味1,性价比1,申请退款，却退不了。前几天的房子也是。才一点钟，却不能退了。差评，差评差评，差评，差评，差评，差评，差评。,IP属地:北京,,,,,故宫差评
匿名用户,2分,一般,景色4,趣味3,性价比2,我花了一千多深度私人讲解都没有二三百的好 二三百都给陪一个耳机 你这个啥啥也听不见  一点深度也没有 这个价格希望以后的朋友别踩雷了 一点优势哪怕一点点的优势都没有体现出来 这钱跟打水漂没有什么区别 然后最后结束了还好意思要好评的截图 我真的醉了 以后在有家人游览故宫绝不在找这家了 希望携程能给推荐其他的商家,IP属地:北京,,,,,故宫差评
匿名用户,1分,不佳,景色1,趣味1,性价比1,买了导游服务，结果小孩子的票没有给买上，38°高温在故宫检票口等了54分钟，衣服都湿透，孩子等的都不耐烦了，打了七八个电话，仍然没有解决，一家五楼现在检票口等待着出票！！！最后故宫检票口人员都考不下去了，主动帮忙买的票才进去！然后一路追导游，追不上，到了最后结束也没看到导游没有享受一秒钟导游服务！！！,IP属地:江苏,,,,,故宫差评
匿名用户,2分,一般,景色5,趣味5,性价比3,人很多，建筑还是很宏伟的，杨青霞导游讲解比较有趣，还跟孩子有互动，挺好的。订单里有钟表馆门票，去刷身份证的时候显示未通过，联系客服，一直没解决，一直让等2分钟，可是导游一共就给20分钟，还包括休息上厕所时间，客服让等导游讲解结束后再自己去，那我还要走回去，这跑来跑去的不是浪费时间和精力，感觉挺失望的，不知道是平台的问题，还是商家的问题。,IP属地:北京,,,,,故宫差评
匿名用户,1分,不佳,景色5,趣味1,性价比1,京状元服务、售后超差。出发前联系不回复，爱答不理。尤其点名批评导游马老师，状态不佳，不像一位合格导游。让京状元提供马老师其人简单简介以及评估资质，京状元态度很差，不予提供。总之，体验超差。,IP属地:北京,,,,,故宫差评
M10****222,2分,一般,景色2,趣味2,性价比2,没收获！！,IP属地:北京,,,,,故宫差评
203****278,1分,不佳,景色1,趣味1,性价比1,基本啥地方都没去，主要是坐在阴凉的地方听讲解,IP属地:广东,,,,,故宫差评
M49****585,1分,不佳,景色1,趣味1,性价比1,历史上第一次给差评，不知道这些好评都是怎么来的。一言难尽。,IP属地:北京,,,,,故宫差评
匿名用户,1分,不佳,景色1,趣味1,性价比1,指定地点没有解说人员，留的电话也无人接听，最终未解说服务,IP属地:辽宁,,,,,故宫差评
M11****339,1分,不佳,景色1,趣味1,性价比1,买了珍宝馆和钟表馆的票是自己玩，没有讲解。自由由行的，无需讲解，自己看就行了。,IP属地:北京,,,,,故宫差评
_WeCh****392577,2分,一般,景色2,趣味2,性价比2,不值得 还是约票吧,IP属地:广东,,,,,故宫差评
匿名用户,2分,一般,景色4,趣味4,性价比2,导游太敷衍太不专业了，景点都是离得远远的稍微讲一下，或者给看照片。讲得内容很多来源于明朝那些事。,IP属地:湖北,,,,,故宫差评
匿名用户,1分,不佳,景色5,趣味5,性价比1,故宫博物院很美，携程太差劲，说好的定票结果检票时说没票。,IP属地:北京,,,,,故宫差评
匿名用户,1分,不佳,景色5,趣味3,性价比1,导游全程用没有营养的“胡说八道，自吹自擂”野史，***混时间，建议严谨的游客慎重，尤其是带孩子的更是浪费时间,IP属地:北京,,,,,故宫差评
M28****3602,1分,不佳,景色1,趣味1,性价比1,导游讲解很详细，尽量找阴凉处讲解，进门的时候孩子没给约到票，也不提前告知，安检后才知道，又出去排队拿票，体验感非常不好！,IP属地:北京,,,,,故宫差评
匿名用户,1分,不佳,景色1,趣味1,性价比1,误导消费者差，极差，门票和讲解费混淆视听，差，极差，携程购票误导消费者，都兴高采烈的到门口了，最后说是讲解员的票，！,IP属地:北京,,,,,故宫差评
M84****88,2分,一般,景色4,趣味2,性价比3,导游声音小，耳麦没有声音，离开导游一两米就什么都听不到，体验极差。一个讲解员四十多人，行程走得快，带着孩子根本跟不上。带孩子不推荐。,IP属地:北京,,,,,故宫差评
m42****9858,1分,不佳,景色5,趣味1,性价比1,"研学游，何谓研学游？怒我不才，百度了一下。

从孩子进门到孩子出来，全程没有体现到服务，如果不是有电话手表，那么家长该什么办？咨询时冰冷的态度，把沟通的门堵死了，让人不禁疑惑，到底消费者花钱买的是什么？是门票吗？还是研学游的附加价值？

并不是所有人都可以自称老师，如果您让别人称呼您老师，是否您应该对得起这个称呼？这个研学游究竟给孩子家长带来什么？是高高在上的态度，还是一言不合把您移出群的老师？钱，不是大风刮来的，消费者选择了您，是否您也应该对消费者负责？您对家长这种态度，请问家长放心把孩子交给您吗？

这到底是商家问题，还是平台没有做好监督？
或者是消费者问题，还是相关部门没有监督？",IP属地:北京,,,,,故宫差评
Edison-Hu,2分,一般,景色4,趣味2,性价比2,给家人团购的这个讲解套餐，因为本人不在，家人的体验感很差，全程行程太赶，本身又带的有小孩子，导游也没有照顾到小朋友的听讲，很多地方根本人都没有跟上就已经讲解完了，所以家人反馈真的很糟糕，跟个讲解手忙脚乱的，心累。,IP属地:贵州,,,,,故宫差评
匿名用户,1分,不佳,景色5,趣味1,性价比1,"组织得非常差。
到了之后登记分组的过程非常混乱，一小时之后才正式出发。这个都不说了吧，人多，也不是所有客人都讲究先来后到，不全是旅行社的错，可以理解，但是在游玩途中一不小心掉队之后的经历真的气人。
某宫前下楼梯前还看得见导游，下楼梯的人多，一挤，下去到了广场就看不见人，于是立刻开始打电话――现场导游的，场外助理的，都打了，导游不接听，助理让找导游，急得团团转，愣是没法在十分钟休息时间里找到导游。
后来发现耳机没声音了，意识到超出接收范围了，于是往前走去追。当天临时拉的微信群里终于通过语音电话联系上了导游，可是打了一次之后没找到，第二次也不接语音了，直接忽略。
最后是其他团友给发的定位才大致找到地方，然后又像特工似的各个位置试耳机有没信号，最后恳请把带旗子的伞举起来，才终于能找到团队。跟了导游两小时，掉队之后找了一小时。",IP属地:澳大利亚,,,,,故宫差评
m26****476,1分,不佳,景色1,趣味1,性价比1,8点20集合，集合的时候弄个旗子靠墙上，靠后边，真是考验眼神，眼神不好真找不到，9点10分才从集合点动身，你们可以随便迟到啊，9点半到的人也等了，后面孩子说什么也不听了，我们就自己溜达，孩子倒精神了,IP属地:北京,,,,,故宫差评
匿名用户,2分,一般,景色3,趣味3,性价比1,召集人服务态度超级差，没组织没纪律，一篇混乱，有不明白问题重复问还被红衣服召集人说傻～这是什么服务态度，不要从这里报名,IP属地:北京,,,,,故宫差评
M35****7962,1分,不佳,景色5,趣味5,性价比1,故宫很美，导游很差，走道一半基本所有家庭就退出了，基本没有什么知识和历史讲解，东一句西一句的。就当作让他们帮忙预约门票了吧。,IP属地:吉林,,,,,故宫差评
匿名用户,1分,不佳,景色5,趣味1,性价比1,与深度无关的讲解,IP属地:江苏,,,,,故宫差评
angel,1分,不佳,景色1,趣味1,性价比1,体验，呵呵，真谈不上，大家谨慎选择吧,IP属地:北京,,,,,故宫差评
M67****0592,2分,一般,景色3,趣味2,性价比2,建议直接抢门票就行了。开场10分钟走掉5个，20分钟走掉5个，半个小时后还剩4个，一小时内人全部走完了……,IP属地:天津,,,,,故宫差评
匿名用户,1分,不佳,景色1,趣味1,性价比1,此处订票纯属欺骗，不认可。预约时没说明只含讲解。,IP属地:北京,,,,,故宫差评
匿名用户,1分,不佳,景色1,趣味1,性价比1,讲得很好，路线安排合理，是一次不错的故宫之旅。,IP属地:山西,,,,,故宫差评
匿名用户,1分,不佳,景色1,趣味1,性价比1,不好，体验感很差，只适合到此一游,IP属地:北京,,,,,故宫差评
匿名用户,1分,不佳,景色1,趣味1,性价比1,买了三张票，其中刘士琴我母亲的票不能用，钱还不给退携程太差劲了，差评,IP属地:内蒙古,,,,,故宫差评
匿名用户,1分,不佳,景色1,趣味1,性价比1,全是人，热，晒，全部都是在外面看看，不能进去，基本都是关上门的里面都看不到的，就是去看墙壁跟人，椅子超级缺乏，水还都卖完了，不推荐。,IP属地:中国澳门,,,,,故宫差评
M52****248,1分,不佳,景色4,趣味2,性价比1,通知10点30分至14点，每30分钟一班，我们11点之前到达登记，导游说11点35分出发，结果一直等到12点多才出发，检票后，我们在大太阳底下晒着，导游说人不齐得等，等了半个小时，这时很多家庭都离开，实在熬不住，我们也出来了，跟客服反映，也不了了之，导游完全不顾及游客的感受，体验太差了，不值,IP属地:江苏,,,,,故宫差评
匿名用户,2分,一般,景色4,趣味1,性价比1,小朋友说特别不推荐，只去了三个殿，讲解的也不好,IP属地:广西,,,,,故宫差评
M41****411,1分,不佳,景色1,趣味1,性价比1,没有完成该项服务，携程对于这类服务，没有售后解决,IP属地:江苏,,,,,故宫差评
M55****005,1分,不佳,景色1,趣味1,性价比1,迟到了没得进去，居然收全款！！！！不退钱，差评！！！！,IP属地:北京,,,,,故宫差评
M53****3202,1分,不佳,景色1,趣味1,性价比3,v解生佑腥ぃ深刻了解到故m的有趣故事,IP属地:中国香港,,,,,故宫差评
186****2388,1分,不佳,景色3,趣味3,性价比1,秀才说低于预期，现场服务人员的专业度，明锐度需要提升,IP属地:北京,,,,,故宫差评
M22****3804,1分,不佳,景色1,趣味1,性价比1,什么破旅游项目，说是3个小时讲解，前30分钟一直点名，基本就是过个门就点名，就是把所有人耐心耗尽提前退团，这种项目怎么敢售票的？,IP属地:北京,,,,,故宫差评
m27****3503,2分,一般,景色3,趣味3,性价比3,夏天游故宫，没心情听讲解，实在太热了，所花的时间也太长！！！,IP属地:上海,,,,,故宫差评
M22****1193,1分,不佳,景色4,趣味3,性价比1,实在是太不愉快的体验了，导游没有带旗子，打把伞，伞颜色根本没有辨识度。她说让我们去拍照，拍完照就找不到了。跑来跑去终于找到了，然后她又让大家去买水，买完水就又找不到了。打电话问到位置，再找过去。几乎没有仔细看故宫，也没有听到多的讲解。反正很不愉快,IP属地:北京,,,,,故宫差评
匿名用户,1分,不佳,景色3,趣味2,性价比1,差评，一个团人太多，耳机断断续续听不到，又热又累，退团了,IP属地:北京,,,,,故宫差评
M10****677,1分,不佳,景色4,趣味1,性价比1,转包 不是携程自己导游 毛导介绍的撒也不是 站她背面听不她讲解的声音 人多噪音耳麦声音几乎听不到 行程介绍了30分钟 不知道说的撒 中轴线上讲解的全在犄角旮旯 不是躲阴就是躲人 也没拍照时间 说完就跑 实在受不了了 直接离团 这种简直浪费钱 坑 建议直接故宫租讲解器也比这个好,IP属地:上海,,,,,故宫差评
匿名用户,2分,一般,景色2,趣味1,性价比1,这么热的高温天气带着小孩子、本来故宫人就多、中午12点钟的票等到她13:30分才开始、让导游讲解快一点她还不耐烦了、说非要三个小时时间、说你们要么离开、态度极差、哪我们自行离开、你慢慢讲,IP属地:山东,,,,,故宫差评
M24****1616,2分,一般,景色5,趣味2,性价比2,导游赶时间，走得飞快，信号不稳定，而且不跟进珍宝馆，钟表馆讲解，就是在故宫走过场讲解，人非常多，体验感不好。,IP属地:北京,,,,,故宫差评
M52****668,1分,不佳,景色4,趣味1,性价比1,一路排队安检，又挤又热，迟到几分钟完全联系不上导游。导游也完全不联系我们。差评差评！,IP属地:北京,,,,,故宫差评
匿名用户,1分,不佳,景色2,趣味1,性价比1,讲解枯燥无味、咬字，浪费时间,IP属地:北京,,,,,故宫差评
匿名用户,2分,一般,景色5,趣味2,性价比3,导游讲解无趣,IP属地:山西,,,,,故宫差评
马Jeremy,2分,一般,景色4,趣味3,性价比3,手机发的消息说在背靠午门走150米的文创店集合，跑过去找了半个小时没找到，无奈打电话问客服，客服说改在大门内的右侧集合，临时改集合点也不提前发短信通知一声。,IP属地:陕西,,,,,故宫差评
匿名用户,1分,不佳,景色1,趣味1,性价比1,导游人都没见到。,IP属地:北京,,,,,故宫差评
VKishi,2分,一般,,,,好风景好,IP属地:未知,,,,,故宫差评
M43****0017,1分,不佳,景色4,趣味4,性价比1,深度讲解订的是 10 点 10-35 人团，组团时 50 人发团，不算跟着的小孩，一队 50-60 人。也不准时发团等了差不多一个小时。听了一会儿，半小时后离团走了。,IP属地:北京,,,,,故宫差评
匿名用户,2分,一般,景色5,趣味5,性价比1,导游有气无力，声音很小，讲解的也很少，50的团十来分钟就都走了,IP属地:山东,,,,,故宫差评
匿名用户,1分,不佳,景色3,趣味1,性价比1,讲解服务态度恶劣,IP属地:北京,,,,,故宫差评
匿名用户,1分,不佳,景色1,趣味1,性价比1,极度不推荐，性价比为零！,IP属地:吉林,,,,,故宫差评
匿名用户,2分,一般,景色2,趣味2,性价比2,以往开放的现在只能远远的望着了。网上订不到票的二馆为什么进来了还能买票。园内的饮食商品 奇贵无比，有一个太空吧的什么地方一小杯饮料 35 元，简直就是抢钱。,IP属地:北京,,,,,故宫差评
匿名用户,1分,不佳,景色5,趣味1,性价比1,故宫很美，只是报的这个深度讲解团太坑了，这个团体验太差了，耳机不行行，讲的非常差。,IP属地:河北,,,,,故宫差评
150****196,2分,一般,景色5,趣味5,性价比5,不错，很好。,IP属地:北京,,,,,故宫差评
M26****752,2分,一般,景色4,趣味2,性价比1,故宫导演不会带着一一讲解，而是坐在阴凉处对着图片讲或者讲故事，珍珠馆和钟表馆对着图片讲好以后直接走人，体验感极差。还有定了国家博物馆是388元一人，人多了不带你去讲解古代中国，博物馆就是冲着古代中国的，而是看复兴之路和瓷器馆，都是坑，联系客服说我没看清规则，之后连点评都没有了，只能在这边评价了,IP属地:浙江,,,,,故宫差评
_WeCh****06399,1分,不佳,景色5,趣味1,性价比1,非常差劲的体验，10:02进去，到晚了两分钟，打电话问导游在哪里，特别不耐烦，语气很差。然后导游一路就抱怨天气太热了，讲得声音很小。到乾清门突然不走中轴线，导致我们走丢了，打电话问在哪里，说是右拐去了珍宝馆，让大家逛珍宝馆自由活动然后在按点回来集合，这么一来就会少了一些人回来集合，大团变小团了，然后我们也赶紧还了4个耳机，自己逛了，简直不要太差劲！自己逛的比她讲解强,IP属地:北京,,,,,故宫差评
D28****168,2分,一般,景色4,趣味4,性价比3,没有什么深度讲解就是领个路。,IP属地:浙江,,,,,故宫差评
匿名用户,1分,不佳,景色5,趣味1,性价比1,出行体验非常差！下单之后有客服告知说出行前发短信告知集合及导游信息，并确定好导游服务时间是11:30，结果根本没有收到信息！当天出发前，我们主动联系客服，订单上公示的4个电话号码，只有1个电话号码能打通，订单上的集合地点我们来来回回找了好几趟也找不到拿紫色旗帜的导游！打了几个电话让客服给导游电话，都不给我们，说导游马上联系我们，结果一直也不联系！我打电话说我们找不到导游我们自己去租讲解器自己看，要求退款，客服态度非常恶劣还很牛*的说：“你用了我们的票不可能给你退！爱找携程投诉投诉去！随便你们，就这么着！”就直接把电话给挂了！可能携程对这些供应商没有什么管控力，对酒店的管控力要强得多！因为是一家六口出行，为了不影响心情，我们其他人又用其他电话号码打过去再三询问才问到导游电话，打了2个终于联系到导游，结果集合地址在另外相距200米的地方，旗帜是蓝色，找到导游才知道他们的导游是外包的，因为他们没有接到行程单，会有被故宫罚款和禁入的风险，他们还在扯皮！我们又等了1个小时10分钟才开始讲解！由于天气太热没有讲解前我们已经折腾了2个多小时，我们有几个差点中暑，没有等讲解结束就自行离开了！,IP属地:北京,,,,,故宫差评
M37****8936,1分,不佳,景色5,趣味3,性价比1,全程都是自由行，没有旅行社的半点服务，完全是虚假销售宣传。给旅游社打了两次电话，客服人员态度非常不好。,IP属地:北京,,,,,故宫差评
匿名用户,2分,一般,景色2,趣味2,性价比2,导游一直在浪费时间，没有边走边讲解，一直说站阴凉地方讲，参观的时间也少了，还一直等人找人，对历史知识的了解不是很专业，介绍墙壁上的图案都是说小花花，一会还走错地方。其实除了了解历史更想了解建筑的风格，布局，风水，还有一些珍宝的用处和来历。但是奈何导游水平有限，说不出什么。,IP属地:北京,,,,,故宫差评
M20****142,1分,不佳,景色1,趣味1,性价比1,这个产品是本次北京之行体验最差的一次，导游服务不管有没有，好不好，反正收钱就对了，慎用,IP属地:上海,,,,,故宫差评
M45****1838,1分,不佳,景色1,趣味1,性价比1,非常不好，虚假宣传，我给父母定的是有午餐，结果到了中午，我问我父母才知道没有午餐，导游一直没有提前告知，说话恶劣，我父母一天都没有吃饭，导游安排不到位，不耐烦，态度不好！,IP属地:北京,,,,,故宫差评
M54****2500,2分,一般,景色5,趣味1,性价比1,耳麦只能在3米之内用，人数多，走在最后耳麦就失频，我们一家人只跟导游进个门，就自己租讲解器，导游态度不是很好,IP属地:北京,,,,,故宫差评
163****097,2分,一般,景色4,趣味4,性价比1,旅行社说提前就有导游告知集合时间和地点，迟迟没有短信，直到当天中午11:30都没有短信 没有电话 打电话过去也找不到联系人，后来还是找携程客服才能联系上，基本上就没人前期对接，几乎错过了,IP属地:江苏,,,,,故宫差评
M45****154,1分,不佳,景色1,趣味1,性价比1,有游客迟到，其他人一起等，导致出发迟了很多，体验非常不好,IP属地:北京,,,,,故宫差评
瓦隆蓬达克朱熹,1分,不佳,景色3,趣味1,性价比1,"根本就没有车坐
走路的
白花这么多钱
天气又热
听了一个小时就走了",IP属地:湖南,,,,,故宫差评
M42****9379,1分,不佳,景色1,趣味1,性价比1,很早就定了这个套餐最后被告知没有约上,IP属地:北京,,,,,故宫差评
M25****0803,1分,不佳,景色1,趣味1,性价比2,客服服务差,IP属地:广东,,,,,故宫差评
匿名用户,1分,不佳,景色1,趣味1,性价比1,人太多体验感较差！左等右等足足浪费一个小时。,IP属地:安徽,,,,,故宫差评
匿名用户,1分,不佳,景色5,趣味4,性价比1,导游非常不专业 对文物 古迹基本没讲解 只是让自己看 自己看要你导游干什么？本来就是看着要导游才定的 实际上基本没有用！！,IP属地:河北,,,,,故宫差评
136****0641,2分,一般,景色2,趣味2,性价比2,提前一天晚上发了信息在哪里集合，然后去的时候打电话问在哪里，助教特别不耐烦的接电话，和那边的地接服务态度太差。这么热的天。导游讲解不错。助教差,IP属地:北京,,,,,故宫差评
匿名用户,1分,不佳,景色1,趣味1,性价比1,"千万e订此公司之套票....故宫博物院门票+ 特色餐饮+ 中高级导游中文讲解服务
 导游（大糖葫芦）出发前一晚退回x费, 告诉我当天 需要自行去找吃, 她只负责讲解到中午为止,????
 当时已经没有退路,要是退票就]有办法第二天M
当天她只负责带一组廿多卅人的队伍,说明由上午九点多行三个来小时后解散,（大部分人在休息r段已经自行离开, 当然包括我们, 讲解得沉闷如背书）
这个套票完全明不符实！后在客服平台投诉, 说理解我感受,可以退回五十元作为精神上损失云云,,????",IP属地:中国香港,,,,,故宫差评
匿名用户,1分,不佳,景色1,趣味1,性价比1,60块的门票收148，儿童免费票，收了108，携程啊继续坑吧,IP属地:北京,,,,,故宫差评
匿名用户,1分,不佳,景色5,趣味1,性价比1,这个讲解的导游是我见过的最差的，我们约的下午，他给买的上午票，还没有明确告知我是上午票，导致孩子差点没让进，这就折腾半天，然后导游就开始叽叽歪歪的，我是花钱去玩的，不是看你脸去的！我们2大2小花了400块就听了几分钟讲解就不跟着了，导游水平参差不齐，谨慎购买吧。,IP属地:北京,,,,,故宫差评
M21****747,1分,不佳,景色1,趣味1,性价比1,秀才说体验感很差,IP属地:北京,,,,,故宫差评
匿名用户,1分,不佳,景色1,趣味1,性价比1,没有出行退就退不了，太霸道了，再也不来了，携程的售后太糟糕了,IP属地:北京,,,,,故宫差评
匿名用户,2分,一般,景色5,趣味3,性价比2,不推荐，讲的很辛苦但是听得也辛苦，小孩6岁算钱不划算,IP属地:北京,,,,,故宫差评
匿名用户,1分,不佳,景色4,趣味1,性价比1,极其不推荐买什么导游讲解，带到你动都不动，就站在太阳底下干说话，也不怎么走动，而且要压身份证，中途离开也不能去其它景点参观，因为没身份证进不去，我去的那天还不是很热，人也不算很多，站在外面晒都很热，我觉得导游就是在等我们受不住走人，走人后你就不能回来了，没半个小时，我们那一组差不多10个人就走完了，又热，讲的又干巴，听着完全没兴趣，几乎原地不动，像个**一样，就纯骗钱的，还不如就买个参观票，一个人才60块钱，当然，钱多像我一样攻略没做好，要当冤种，当我没说,IP属地:重庆,,,,,故宫差评
_TI***4h,1分,不佳,,,,票务系统已经成为一个骗局。很难获得正常的门票。所以你必须购买旅游。有效地定价过高的兜售。,IP属地:未知,,,,,故宫差评
mpustc,2分,一般,景色2,趣味2,性价比2,天又热，人很多，每个大殿都进不去，远远只看到里面黑乎乎的，体验不太好。,IP属地:河北,,,,,故宫差评
匿名用户,2分,一般,景色3,趣味2,性价比1,对讲机要收身份证、不接受押金，这个没事先告知也不接受别的方式，导游态度也一般，而且讲解的内容不是很有意思，听到一半就不不高兴听了,IP属地:上海,,,,,故宫差评
匿名用户,1分,不佳,景色1,趣味1,性价比1,"我一行二人订的是门票加в谓步饧氨窖餐厅牛肉饭及烤鸭套餐, 但出发前一晚退还套餐费用, 微信通知说叫我明天自行去排买吃, в沃换嵩9：30-12：30 的三小时讲解故宫, 要吃饭就自行购买, 我们想退票也不成, 因当天已没有票可订入故宫,今早问в渭热蝗绱宋何有这样个套票推出？ 回答是不关她的事, 我们行了一半时已离队（不少团友一样）这公司以这样手法来欺骗人, 劣质得很！",IP属地:北京,,,,,故宫差评
请称呼我6.6,2分,一般,景色5,趣味5,性价比5,皇城故事，孙导。美好的一天从认真讲解开始。特别认真细致，五星好评！十分推荐！,IP属地:北京,,,,,故宫差评
匿名用户,1分,不佳,景色1,趣味1,性价比1,这个团，刚过去就要求提交身份证才给配耳机，然后统一放在导游袋子里面， 这点是非常差的！没有意识到如果丢了游客证件的意外后果。过了一小时，我反映后，又改口说 提交房卡什么的也可以不然不给耳机。 说是方便联系客人，我走过十多个国家，国内去过20多个城市；还是第一次遇到这么不考虑意外事故的。没有团要求过上交保证金或者身份证还是房卡的， 若早知道是这样，谁还报名。,IP属地:北京,,,,,故宫差评
_WeCh****999396,1分,不佳,景色5,趣味5,性价比1,大失所望！ 本来想请个金牌导游，带孩子深度了解一下故宫，结果体验极差。先不说讲解的好不好，一切都是套路，商业行为太明显。本来我们可以上午12点半登完天安门城楼，在故宫外面吃饭个饭，一点进故宫游览，结果导游告诉我们外面餐厅不好吃，故宫里面的好吃，我们就信了她，没吃饭。说的一点午门集合，她却不在午门，在左边的坡上，让我们去找她，简单介绍之后，就在那边给我们拍照。当时觉的还挺好，后来才知道是为了好评的照片。也不走金水桥，还是我要求的才下来，就太和门墨迹了快一个小时，中间我们吃饭耽误半小时，到后宫的时候就剩半小时关门了，走马观花过了一下。不知道导游怎么做的规划？还不如自己逛。一点不专业。还不如人家团队导游尽职尽责。真是大失所望。结束之后还一直催着评论，要好评。好评不是要的，是自己做的，你导游讲的好，游客自然给你好评。我们第二天还有行程，一直催要评论，真是开眼了，没有自知之明吗，无语。吃相不要太难看。不知道秀才说别的导游如何，但给我们讲解的导游太影响这个品牌的形象了，真不值这个费用。还不如门口租个讲解器。故宫公众号的云游故宫也比这强。,IP属地:山西,,,,,故宫差评
M35****133,1分,不佳,景色1,趣味1,性价比1,散客随机拼的 买的中高级讲解 却跟普通讲解的拼在一起。货不对版,IP属地:北京,,,,,故宫差评
匿名用户,2分,一般,景色2,趣味2,性价比2,说真的，挺一般的，真的挺后悔，还没有那个小机器讲解的全呢。导游举着小旗走得可快了，领着孩子算是追着走，一不留神就找不着了。一开始一直在各种接电话、联络人，把时间都耽误了。反正这个体验真的挺差劲。,IP属地:天津,,,,,故宫差评
匿名用户,1分,不佳,景色5,趣味1,性价比1,服务感受很差，讲解有点像读课本，没有任何趣味性，买的四个小时的讲解，最后实在受不了，中途就终止了，在这么不满意的情况下，导游还要好评，找了携程客服，每一次都和我说这个属于主观感受，就这样的，完全站在导游的角度呢。这次北京之旅的唯一败笔，以后再也不敢在这边买讲解了，还是看看故宫官方的吧。,IP属地:江苏,,,,,故宫差评
M36****3806,1分,不佳,景色3,趣味3,性价比1,"M去看不到秀才f的服
有]集合通知，浪M了一百多元
故m在太大，花了半小r也找不到s定的地c",IP属地:中国澳门,,,,,故宫差评
M25****1700,2分,一般,景色5,趣味2,性价比2,价钱不低，讲的不行。没有意思,IP属地:河南,,,,,故宫差评
M39****845,1分,不佳,景色5,趣味5,性价比1,服务体验感差，服务内容信息客服人员解释不清晰，听半天不知道，活动内容流程，到达指定集合地后，告知直接进入故宫后找导游，大人小孩顶着大太阳来回跑，整体对接流程差评。导游讲解还不错,IP属地:北京,,,,,故宫差评
可可,2分,一般,景色2,趣味1,性价比1,真实评价，故宫真的很晒，没有树没有遮荫的地方，深度讲解的导游带着在故宫门口能讲20分钟，进一个门讲二十分钟，孩子们觉得既枯燥又累，后宫带着只去了延禧宫和另外一个宫殿，其他都没带着去，珍宝馆和珠宝馆也是自己进去看，没有讲解了，所以真的很浪费时间又枯燥！故宫的行程安排很不合理，很多地方都没带着看，暴晒三个多小时讲解结束后哪也不想去看了。真心建议租个讲课器就可以了，灵活参观。,IP属地:北京,,,,,故宫差评
D37****17,1分,不佳,景色4,趣味1,性价比1,"很差的体验，没有服务！
人海茫茫，根本找不到秀才说的讲解人员，还不如话费20元租个讲解器。来故宫最大的坑。建议陪同老人或者孩子的散客，现场租赁讲解器。",IP属地:北京,,,,,故宫差评
M22****5474,1分,不佳,景色1,趣味1,性价比1,我要给的不是一星是0星，导游太差劲了，给大家避雷绝对不要跟这个团！导游讲的没水平，而且没有服务意识，带队过程中不会照顾全员，我们全家五个人，基本没听到讲解，有携带轮椅，他全程带队走台阶，和其他旅行社的导游对比太明显了，第一次跟全家人去故宫的好心情都被这个人毁了，而且跟携程投诉后的处理方式是给我50元补偿，我对携程也很失望，消费者维权还是要靠12315,IP属地:上海,,,,,故宫差评
M19****642,2分,一般,景色5,趣味4,性价比2,导游讲的不怎么样，线路设计也不好，来回走冤枉路，御花园什么的也没带着参观，珍宝馆到了门口让自己进去的也没给讲就散团了，在上厕所地方坐那也没讲，让大家自由活动了半个小时,IP属地:北京,,,,,故宫差评
匿名用户,1分,不佳,景色1,趣味1,性价比1,光讲解是啥意思啊,IP属地:北京,,,,,故宫差评
匿名用户,2分,一般,景色3,趣味3,性价比1,套餐不清晰，到店穿自己喜欢的好看的衣服要加价，体验不好,IP属地:浙江,,,,,故宫差评
匿名用户,2分,一般,景色3,趣味3,性价比3,"深度讲解仅仅是对景点进行了介绍，珍宝馆和钟表馆导游都没有进去讲解，慎选～
1、团购写的10-30个人，实际到了四十多个人
2、写定好票没有定好票都要通知，全过程就在**发了一个短信*******，第二天没有短信或者电话告知成功与否，都是我们自己联系携程问的
3、出行前一天要求八点前打电话确定第二天行程，八点半了也没有人通知，又是自己费心费力找携程沟通，问什么时候可以回复沟通时间，只会道歉，来北京一趟行程都很满，一个环节出错就会影响另外一个环节，第二天一点起床排长城，结果整整等了半个小时，携程喊我们先睡觉，明天早上联系我们，结果睡觉了又是旅行社打电话过来喊要加微信，早干嘛去了
4、导游讲解浮于表面，说的深度讲解，就只是一个景点介绍，和人家一个小朋友京东买的书讲的内容居然差不多",IP属地:北京,,,,,故宫差评
_WeCh****06399,1分,不佳,景色1,趣味1,性价比1,非常糟糕，提前一天就发个短信，也没人主动联系，写着千万千万不要自己检票进去，一定要到故宫文创店集合，我们带着孩子走到了文创店，人又说你们自己检票进去，然后找现场助理，问怎么回事一会这样一会那样，助理爱搭不理说你自己找客服，完了进来之后找到导游已经开始讲了，我们还在排队登记（提前都没准备，效率很低很慢）我就说能不能等等再说，结果告诉我你们自己晚到了，我们到点就开始，简直无语，你们不折腾我从午门走到文创店然后又从文创店把我们一句话打发回午门，我们会晚这五分钟吗，然后跟我说要不你就等下一班，半小时后，可以从头开始听，简直了，投诉100遍都不够…..还没开始就被人气死了,IP属地:北京,,,,,故宫差评
匿名用户,1分,不佳,景色4,趣味3,性价比2,怀着激动的心情去的！结果非常失望！导游速度非常快，故宫的人又多，要不是旗子高一点半路早就走散了！走了一点路好多团友都还了讲解器自己离团了！趣味性也没有！一塌糊涂！除了能抢到票,IP属地:北京,,,,,故宫差评
匿名用户,1分,不佳,景色4,趣味1,性价比1,导游讲的一点意思都没有，感觉平时就不是干这行的，是不是没事干来兼职的？,IP属地:广西,,,,,故宫差评
匿名用户,1分,不佳,景色1,趣味1,性价比1,态度非常差，管理也非常差。浪费时间和金钱，败坏旅游度假的心情,IP属地:上海,,,,,故宫差评
匿名用户,1分,不佳,景色3,趣味1,性价比1,"故宫秀才说讲解避雷
非常非常非常无聊◇◇
88一位不含门票，讲解毫无趣味性和故事性，讲解极差，还不如一个高中生。一路上让游客不停拍照，就为了结束后可以按照他公司要求在小*书上上传照片给他好的评价，用小小的纪念章换好评。当游客问导游问题，回答很不耐烦。服务太差、专业知识太差，专业素养也不咋地。",IP属地:安徽,,,,,故宫差评
M41****4968,1分,不佳,景色5,趣味5,性价比1,非常**，根本没人管，没人联系，居然只约了大人的票，没约小孩的票，还不给退！意思把孩子扔故宫门口吗？！也没留联系方式，通过投诉平台才联系到。,IP属地:北京,,,,,故宫差评
zh****80,1分,不佳,景色3,趣味3,性价比3,故宫里不适合推轮椅，而且这家店的轮椅很破旧。,IP属地:广西,,,,,故宫差评
匿名用户,1分,不佳,景色1,趣味1,性价比1,跑进来拿个破相片本子讲三个小时！在这凑时间呢？,IP属地:北京,,,,,故宫差评
_CFT01****9824946,2分,一般,景色3,趣味3,性价比1,通过携程预订的…被迫买的这个导游服务，实在是太差劲了 体验感极差,IP属地:浙江,,,,,故宫差评
匿名用户,1分,不佳,景色4,趣味4,性价比1,导游提前一天并没有说清楚路线和时间，早上无法准时到达。导致找不到导游，除了有个门票，没有其他服务。,IP属地:北京,,,,,故宫差评
飘逸的紫罗兰,1分,不佳,景色3,趣味1,性价比1,领队很差劲，因为马英九的车队禁行影响我们堵车了，改地铁过去稍微晚点，到了午门联系她就没接电话了，等了半天还是我自己进去了，感觉领队就是为了让我签名一下，签名完了也不管我们了,IP属地:北京,,,,,故宫差评
匿名用户,1分,不佳,景色3,趣味3,性价比1,没说清楚从那个门进，兜了整个故宫外围一圈，累瘫了，进去了也找不到秀才说讲解，如果能买到票，就不建议购买讲解的，没用，没体验讲解服务,IP属地:宁夏,,,,,故宫差评
M69****1119,1分,不佳,景色4,趣味1,性价比1,出发前一天，没有导游联系我，打电话也没人接，我们自己去景点也没见到旅游团讲解员。又打几个电话到最后也没得到合理的解决方案，没讲解还打电话说，不退款。,IP属地:北京,,,,,故宫差评
嫦娥奔月6767,1分,不佳,景色1,趣味1,性价比1,满怀期待来，垂头丧气走。只能在台阶下远观大殿，殿内物品什么也看不见。建议故宫博物院把拦杆直接拦在护城河边，这样对文物保护有好处。,IP属地:北京,,,,,故宫差评
_WeCh****22011,2分,一般,景色1,趣味1,性价比1,很差非常差  浪费时间,IP属地:北京,,,,,故宫差评
M69****5861,1分,不佳,景色1,趣味1,性价比1,只有中国护照的旅客注意了，如果你在网上购入园票+观光车票的套餐，没有中国身份证是不可以进门。去服务平台申请赔偿退票也不给。三个小时说解导游后也没人带你去观光车站，浪费了车票。这次的旅游服务真的很不满意。希望大家不要给坑了。,IP属地:北京,,,,,故宫差评
匿名用户,2分,一般,景色4,趣味2,性价比1,王导基本不会想帮忙一个人多照顾、连拍张照片都不愿意，到点下班直接走了。真的不值得这个价格。,IP属地:中国台湾,,,,,故宫差评
M69****4769,2分,一般,景色4,趣味3,性价比2,导游讲的真不好,IP属地:山东,,,,,故宫差评
M61****2708,1分,不佳,景色1,趣味1,性价比1,以后建议不要订携程，黑心商家，将己成功购的门票不知道卖给谁，导致我们一家人门票只有我没有门票进去，平台不承认错误，硬把我的票退款了，不作任何解释，打电话过来都是随便问问，打发乞丐一样，没有诚信，,IP属地:广东,,,,,故宫差评
匿名用户,2分,一般,景色5,趣味3,性价比2,"本次派给我的导游水平极差，没穿工作服，没带导游证，没有任何logo，讲些乱七八糟的野史，西六宫没有看到，说话语速快，不清晰，关于故宫的东西讲的很少！！！完全不值1280,大家下单时一定要问清楚导游资质情况！！！！！抖音上面“秀才说”团队拜年视频里就没有看到这个导游，感觉就是上当受骗！！！！！！！！",IP属地:北京,,,,,故宫差评
施瓦茨塞诸葛恪,2分,一般,景色2,趣味2,性价比2,"首先安排有问题，把报了珍宝馆和没有报珍宝馆的游客放在一拨，然后报了珍宝馆的我们就得提前离团，因为要赶在珍宝馆停止检票前进入。
其次我们游览有点遗憾。其实现在故宫看不到什么实物，连皇帝龙椅都是在重重围栏之内，黑黢黢的大殿，看不到任何东西。所幸现在手机强大，用遥遥领先可以窥见一二。因此对导游的要求很高，需要仅凭这些建筑给游客讲解，由表及里。但时间太短，导游也尽力拉拢游客兴致，讲了八卦比较多。关于各大殿本身的建筑秘密，神兽的奥妙之处，我们还是得在网络上自学。
上传几张我今天用遥遥领先看到的，已经我用肉眼看到的大殿。各自斟酌",IP属地:北京,,,,,故宫差评
匿名用户,1分,不佳,景色4,趣味1,性价比1,服务体验差,IP属地:福建,,,,,故宫差评
匿名用户,1分,不佳,景色2,趣味1,性价比1,有好多标志性点位没有点评，其他还有个问题比较大的就不说了，总之感觉不太好,IP属地:北京,,,,,故宫差评
匿名用户,1分,不佳,景色1,趣味1,性价比1,极差，有隐形消费，携程上付过款之后，到店里选汉服，选的时候没有任何介绍和说明，等我们玩儿回来要退押金的时候跟我们说需要再加个升级费，和孩子两个人又加了三百左右。两个人加上携程的票的费用，只是汉服和化妆花了小一千，体验感极差！,IP属地:河南,,,,,故宫差评
匿名用户,1分,不佳,景色5,趣味1,性价比1,故宫春节期间特别难订我能理解，所以我订购了两个不同时间的，一个**失败退订了，另一个为了保险起见，找了人********，携程未能****两成人及一儿童门票，但一娃跟三老人的票***，为了不影响老人的行程，订单未退订，之前客服说能退****的门票费用，但之后的客服却说不能退，在我询问后态度很差，虽然说门票不值多少钱，但就是气不过，今日行程7人只有两人跟着团，且导游态度不好，讲解不够专业，给首都抹黑，其实这个门票问题水很深，请相关部门加强管理。,IP属地:江苏,,,,,故宫差评
xuyanting1004,1分,不佳,景色5,趣味1,性价比1,前一晚说好的集合地点，结果第二天几对人都迟到，导游就毫无时间的等，大夏天我们就硬生生的等了接近一个小时，那准时到的意义是什么？第一个讲解没听完小朋友就不乐意听了，等待的一个小时已经完全消耗了兴趣跟体力！下次不会再选择这种小团体讲解了！,IP属地:上海,,,,,故宫差评
匿名用户,2分,一般,景色2,趣味2,性价比2,为了文创才拍的这个订单，产品与描述完全不相符，商家也未提前告知取货地点和时间，第一次联系说没有文创，第二次就发了一个街边摊的地址过来，沿街卖20的东西，携程挂82，慎拍。,IP属地:北京,,,,,故宫差评
M48****1535,1分,不佳,景色1,趣味1,性价比1,实际情况和描述完全不符合。因为春节期间封路，只能步行到故宫，到达午门检票处的时候老人已经很累了，本来想按照订单上的信息可以很快拿到轮椅再排队检票。结果根本就找不到这个所谓的综合服务中心，问了好几个保安都说不知道，最后有保安说是检票后在故宫里面的轮椅租借处（其实不是）。检票进去以后才发现不对，打客服电话也说不清到底在哪里。再回到检票处和门口的人商量后重新出来，来来回回把午门外面东西两边都走了个遍，问了个遍，死活找不到这个所谓服务中心！！！所以它是根本就不存在吗？？？！！！一边找一边打客服电话，打了三个终于在第三个说有人送轮椅过来了。同时也接到送轮椅的人的电话说正从东华门赶过来，还要再等10分钟。此时距离我们检票入故宫已经快一个小时了。终于15分钟后，来了个人把轮椅带来了。前后一共花了一个多小时，开始以为拿不到轮椅，那老人就根本没法游览故宫了，非常紧张。另外，最后拿来的轮椅质量非常差，右边的方向小轮子松动，时不时卡在凹凸不平的路面上，非常非常不好用！不理解携程这是使用过期的信息还是什么？为什么这个拿轮椅的地方会根本不存在？？还是有什么别的原因？希望你们可以给出一个解释。,IP属地:北京,,,,,故宫差评
萨努尔熊心,1分,不佳,景色5,趣味1,性价比1,感觉就像在背书，每次都到一个角落中讲，自己还不能走远参观，一走远耳机还没信号，关键是讲的是真差，懒洋洋的。,IP属地:天津,,,,,故宫差评
M35****654,1分,不佳,景色1,趣味1,性价比1,讲解一点都不专业，到地点拿出手机来现场搜然后照着念的，问什么都说他也不清楚好久没来过了，随便讲了一下几就去带下一波人。但凡稍微敬业一点的讲解，不说了解历史，起码你得把讲解词给背一下吧！,IP属地:北京,,,,,故宫差评
匿名用户,1分,不佳,景色5,趣味1,性价比1,导游讲的太差,IP属地:北京,,,,,故宫差评
匿名用户,1分,不佳,景色3,趣味1,性价比1,讲解体验很差，琐碎的内容太多，总是走到离景点很远的地方，隔空讲解十几分钟，离讲解员距离不能超过两米？？？整体就是匆匆赶路，走到空地讲解,IP属地:北京,,,,,故宫差评
匿名用户,1分,不佳,景色4,趣味1,性价比1,没见过这么无语的商家，短信通知是上午的票进故宫，结果到了进不去，是下午的，我下午还有其他行程都影响了，下午进故宫也没能跟着导游听讲解，费用还不退，说我进故宫了，我没听讲解你凭什么收讲解的费用,IP属地:江苏,,,,,故宫差评
M51****7783,1分,不佳,景色5,趣味1,性价比1,迟到十分钟想找导游，导游微信实时定位都不给提供，花了一百多冤枉钱，导游叫史秀平，服务是真的垃圾，注意避坑,IP属地:北京,,,,,故宫差评
匿名用户,1分,不佳,景色5,趣味5,性价比1,地方值得去，但是4个人的票只给买三张而且没有任何通知，留的5个电话一个联系不上（不要说忙，没有任何人回电）,IP属地:北京,,,,,故宫差评
138****0625,2分,一般,景色5,趣味3,性价比5,希望导游可以深耕自己的专业水平，毕竟大家下次再来不知道要多久。在有限时间让游客有一个好的体验，才是双赢。,IP属地:北京,,,,,故宫差评
匿名用户,1分,不佳,景色1,趣味1,性价比1,我们定的10点，9：52刚到东华门，导游打电话，我们迟到了，让我们在太和门等。我们到了太和门，太和门人山人海，10：00给导游打电话，永远打不通，看几个旗子一样的导游，问了都说不是，让我们给导游打电话。这电话一直没人接。没办法，只有自己游览了，一路走一路看着，中间遇到几个旗子一样的导游，问了都说不是。直到快中午12点了，我们已经在御花园了，导游终于回电话了。算了吧，这都快游完了，谁让我们迟到10分钟呢，让别人利用我们的错误呢，都想只收钱不干活呀。不过体验也真差劲！,IP属地:北京,,,,,故宫差评
M40****813,1分,不佳,景色5,趣味5,性价比1,这个导游精讲，到点不走，等人半小时，说是我到点就开始讲了啊，可是原地等人讲啊，三个小时的导游时间，两个小时只走了三分之一行程，后面很多宫都不去，到御花园也不进，真到后宫了，反倒不讲了，直接带到珍宝馆门口，三个小时到了，散团。体验感很不好，亏了这么美的故宫。,IP属地:河北,,,,,故宫差评
匿名用户,2分,一般,景色4,趣味1,性价比1,说着说着就跑题，四周宫殿选一个介绍，其他不说，不说我们怎么知道这个发生了什么，一点都不专业，还不如讲解器,IP属地:北京,,,,,故宫差评
M26****0980,1分,不佳,景色1,趣味1,性价比1,这个讲解简直太差了，到了一半行程人都快走光最后导游还让大家给好评也是醉了，拜托携程以后供应商要筛选.,IP属地:河南,,,,,故宫差评
匿名用户,1分,不佳,景色1,趣味1,性价比1,导游太**，千万别报。耽误时间,IP属地:黑龙江,,,,,故宫差评
匿名用户,1分,不佳,景色1,趣味1,性价比1,只讲了点大概，还掺点野史，很多地方不进去讲，让游客自己进去看，不专业,IP属地:广东,,,,,故宫差评
匿名用户,1分,不佳,景色4,趣味1,性价比1,一塌糊涂，千万别买，耳麦都不响，导游也不专业，一直接电话，到点也不开始，让大家一直在寒风中等着，失望透顶。从来没见过这么差的讲解团。,IP属地:北京,,,,,故宫差评
匿名用户,2分,一般,景色1,趣味1,性价比1,不好，导游很懒，一直前宫门那有的没的讲了很久，9点到10点，一个小时，居然还没开始进入后宫，一直站在那里讲，冷得半死，宫殿都没讲到，导致后面只能自己去蹭别人导游的讲解，差评，体验感很差,IP属地:北京,,,,,故宫差评
匿名用户,1分,不佳,景色4,趣味1,性价比1,男导游还可以，但接待人员态度恶劣，几个女接待，收身份证时恶声恶气，感觉就是我便宜你们就应该忍受我的态度，管理混乱，女接待们说话也难听，什么你们是不是听不懂人话阿之类，明明自己管理混乱，安排也混乱，说话不清楚，把情绪发泄在别人身上。花钱买气受，以后不会找这个，携程也不写哪家旅游公司，好让我避雷阿～,IP属地:北京,,,,,故宫差评
110****030,1分,不佳,景色2,趣味1,性价比1,服务差，体验非常不好，导游人员的素质差，完全是上当受骗一日游,IP属地:广东,,,,,故宫差评
丁丁,1分,不佳,景色1,趣味1,性价比1,没联系到导游。到门口重新买的导游机。,IP属地:黑龙江,,,,,故宫差评
璐璐,1分,不佳,景色4,趣味4,性价比3,出发前一天没有电话，我打电话去确认行程，半夜12点多给我回电，让我第二天直接去故宫。。今天到了，找不到导游，打电话导游一直不接。找携程客服联系，最后1点的团，我快两点才找到导游。u导游说她名单里根本没我名字，携程把我弄掉了。3点半导游在珍宝馆门口结束行程。（珍宝馆门口排巨长的队，没进去）,IP属地:北京,,,,,故宫差评
m10****13,1分,不佳,景色1,趣味1,性价比1,很差 晚到一会打电话就不接了,IP属地:北京,,,,,故宫差评
_WeCh****03420,1分,不佳,景色1,趣味1,性价比1,预约的十点，导游提前一天晚上通知9点40分集合的，为了不迟到我们四大一小9点20分就到了。签到后说是10点准时开始讲解，结果为了等没时间观念的人等了一批又一批，到了10点20分还在门口集合地，还要遥遥无期等待，对于这么冷的天早到的太不公平，导游一点都不负责任，就应该准时开始，后面迟到就让他们自己进门寻找，凭什么让我们这些守时的人在这么寒冷的天气在广场上无止境的等待……,IP属地:北京,,,,,故宫差评
M33****7425,1分,不佳,景色1,趣味1,性价比1,携程旅行体验感极差，遇到问题一拖二骗三骂人，，，，，，，，，永远不用,IP属地:江苏,,,,,故宫差评
M49****2852,1分,不佳,景色1,趣味1,性价比1,**都不是，***，避雷吧，服务贼*巴 态度贼恶劣，别买，真***了,IP属地:北京,,,,,故宫差评
130****4890,1分,不佳,景色5,趣味1,性价比1,和深度一点都不沾边，刘导讲解混乱，说了上句忘了下句，一路上就是着急忙慌的走，跟赶场一样。体验感太差，还不如大爷讲的好呢！知识储备量太少，幽默感没有，几乎就是背课文。,IP属地:北京,,,,,故宫差评
M43****2513,1分,不佳,景色3,趣味3,性价比1,不按订单时间，更改场次时间，客服不能及时解决问题！,IP属地:北京,,,,,故宫差评
匿名用户,1分,不佳,景色3,趣味1,性价比1,因为一个家庭过安检存行李，整个团队天气寒冷的情况下等了30-40分钟。讲解慢、内容也比较枯燥，不如自己转转。,IP属地:北京,,,,,故宫差评
匿名用户,2分,一般,景色5,趣味2,性价比2,两星给帮忙约票的工作人员和一早在故宫等候的导游。但是整体感受真的很差，耳机信号极差，一路上讲解时有时无，听的不知所云。换了几次耳机都是一样。中间放弃提早离团了。,IP属地:北京,,,,,故宫差评
匿名用户,1分,不佳,景色4,趣味1,性价比1,一开始什么流程都不说，就让人等着，结果发个耳机发老半天一群游客在寒风中冻个半死，人数又多！然后对着地图讲老半天，冻死人，也没觉得中高级导游的亮点在哪里，差评。,IP属地:上海,,,,,故宫差评
136****0380,1分,不佳,景色5,趣味1,性价比1,故宫是个好地方，可惜导游水平太差，什么都讲不出来，时长还严重不足（少1个小时）还有是钟表馆和珍宝馆根本不介绍，特别是珍宝馆这个周导说里面不给导游介绍，但我看其他导游都在讲解，真实评价，仅供参考,IP属地:北京,,,,,故宫差评
320****061,1分,不佳,景色1,趣味1,性价比1,上了当了，精品喝普通的一样的,IP属地:北京,,,,,故宫差评
stellaxm,2分,一般,景色4,趣味3,性价比3,"讲解组织流程还好，讲解员本身也很耐心友好。
但是讲解质量本身很普通，轶事讲的比故宫本身多，然后很多行程里很多该讲的东西没讲，后宫好多宫没讲，珍宝馆钟表馆自行参观，所以也没讲重点珍宝。下图标识了所有没讲的景点。
所以，除了讲解时长，宣传和产品比较不对板。",IP属地:天津,,,,,故宫差评
匿名用户,2分,一般,景色4,趣味2,性价比2,讲的太一般了，终于不停接电话。断断续续，完全没听巴适。关键是讲的也一般、抓不住重点。拿个资料看着，自己语言也不是很丰富，讲不出个所以然。小朋友更是听的没劲。讲的也一般……,IP属地:北京,,,,,故宫差评
M35****9214,1分,不佳,景色5,趣味5,性价比2,差评，说是8：30第一场，到9：10分还在哪里发耳机，效率极差。发的耳机还是没声音的。一点不专业,IP属地:北京,,,,,故宫差评
M59****709,2分,一般,景色5,趣味3,性价比1,导游拖拉，集合的时候不点名数人数分发耳机，等进了故宫之后，点人数，分耳机，收证件磨磨蹭蹭了二三十分钟，这个过程就有人退团了,IP属地:天津,,,,,故宫差评
匿名用户,1分,不佳,景色1,趣味1,性价比1,太差了，别定！临时改时间，去了又找不到讲解，打电话又不接,IP属地:北京,,,,,故宫差评
匿名用户,1分,不佳,景色1,趣味1,性价比1,没进去，还不能退票，以后不再携程消费了,IP属地:北京,,,,,故宫差评
_seoyo****67230,1分,不佳,景色3,趣味1,性价比1,导游讲的乏味无趣，不光乏味无趣还讲的很急，走的很急，就一个借口，很冷！真无语了！而且讲的内容几岁的孩子都知道，被孩子问的哑口无言也是醉了??。我们就是土生土长北京人，因为某书上很火才来体验下，果然！不能信！劝退！劝退！劝退,IP属地:北京,,,,,故宫差评
匿名用户,1分,不佳,景色5,趣味1,性价比1,导游服务的历史底蕴太缺乏了，只会讲故事。史实掌握的太少。尤其是对于清朝后期列强入侵讲的太少了，八国联军怎么侵略北京故宫的讲的太少。东六宫也没有逛全只是看了两个，很明显糊弄。我也没发说，还跟着要好评。,IP属地:山东,,,,,故宫差评
马蒂尼杨秀清,2分,一般,景色2,趣味2,性价比2,这个所谓的，秀才解说，太差了，估计很多人听了都不知道说什么,IP属地:广东,,,,,故宫差评
M27****6329,1分,不佳,景色1,趣味1,性价比1,这个水平就别当讲解了，导游又不是电销背话术，没过太和门就离团了。建议大家租个讲解器就好，别在这浪费钱,IP属地:山西,,,,,故宫差评
夕瑶,1分,不佳,景色1,趣味1,性价比1,垃圾垃圾垃圾,IP属地:河北,,,,,故宫差评
匿名用户,1分,不佳,景色1,趣味1,性价比1,描述上一共18个景点，宋导游只带我们去了前11个景点，图上已标黄。后面7个景点没有带到，已标红。宋导跟团里的大家说行程结束时，我询问过宋导，我买的行程有钟表馆和珍宝馆，是你带我们去吗？宋导回答你们自己去。当时不记得行程里的所有景点，想着携程也不会骗人啊，回来一看，好家伙，行程上写的九龙壁、珍妃井、畅音阁、御花园也都没带去啊！明码标价，钱给足了，活干一半。,IP属地:北京,,,,,故宫差评
匿名用户,1分,不佳,景色1,趣味1,性价比1,体验感超级差，租还车还得要去她指定的地方，一点时间观念都没有,IP属地:北京,,,,,故宫差评
M46****7360,1分,不佳,景色1,趣味1,性价比1,昨天去了一趟，感觉和没去一样，没啥参与感，不管是什么宫还是什么殿都关着门，正在修缮的你关上可以理解，中间三大殿都封上，那还看个什么劲？遛了一天，除了这个门就是那个门的，真正的老古董没看见多少，故宫文创倒是一百米内就蹦出来一个，真的感觉钱白花了,IP属地:天津,,,,,故宫差评
匿名用户,1分,不佳,景色4,趣味1,性价比1,以为报的秀才说，结果是个野导。。。浪费时间,IP属地:北京,,,,,故宫差评
M32****3062,1分,不佳,景色1,趣味1,性价比1,在故宫博物院预约11.17日上午门票，预约满，无法预约，携程显示可以预约，费用是118元，含珍宝馆，价格是官方网站的两倍，显示预约成功后，实际并不能进场，购票信息虚假，体验非常差，差评，大家谨慎购买。,IP属地:北京,,,,,故宫差评
_WeCh****929063,1分,不佳,景色1,趣味1,性价比2,这app我也不想说了,IP属地:北京,,,,,故宫差评
320****923,1分,不佳,景色1,趣味1,性价比1,"暑假携程订故宫票亲身经历：希望能给你们提个醒，通过携程预约故宫门票时，携程提供了成人门票和儿童门票的预约选项，我全部预约成功！（其中儿童票138元），在实际前往故宫的过程中，我们排队2小时到验票口时，工作人员说孩子没有票，无法通过，叫我们重新到购票窗口排队购票，然后我们只能又到窗口排队核验孩子身份证，又排队2小时。才知道孩子根本不需要购票！未成年人免费！核验完孩子身份证我们再次排队进故宫，再次排队差不多1.5小时，从早上到中午，我们一直在排队，排了5小时！烈日当空进故宫没吃饭的感受想想都后怕！导致娃晚上发烧，我非常后悔为什么非要进这个故宫干什么，（我说的绝对真实，可以提供协和医院急诊发票）简直最糟糕的暑假之行！
作为一个消费者，我感到非常失望和困惑。首先，携程在预约环节中没有向消费者明确说明儿童的预约流程和注意事项，根本没有告知我们孩子也需要进行身份核验。这给我们带来了极大的困扰和耽误了宝贵的时间。
我认为，携程应该提供全面而准确的信息，确保消费者在预约门票时能够了解最新的政策和规定，你们可以提前跟我说，孩子去现场需要核验身份证信息才能进去，我可以先去核验，然后排队进场，这样浪费我们宝贵的时间，体验感实在太差！话说孩子的票你们没有购买成功，也没有帮我们核销身份证，是不是应该给我退票！？",IP属地:广东,,,,,故宫差评
M22****5459,1分,不佳,景色1,趣味1,性价比1,订的儿童推车给我拿了轮椅，小孩不愿意坐轮椅，全程带着轮椅非常影响参观，事后还不肯退租借车子的钱。,IP属地:浙江,,,,,故宫差评
M23****3347,1分,不佳,景色5,趣味1,性价比1,无话可说，,IP属地:北京,,,,,故宫差评
136****9271,2分,一般,景色5,趣味4,性价比1,检票后，导游没等就走了，也没有马上电话联系,IP属地:北京,,,,,故宫差评
匿名用户,2分,一般,景色5,趣味1,性价比1,如果是约不到故宫的票才买这个套餐的话那是ok的，但如果你想听讲解，狠狠避雷皇城故事的小刘讲解员！！！！从讲解开始在太和门前讲了30来分钟其中80%时间在讲中考考题！！！但我们当天的人群是大学毕业+孙子会打酱油的的爷爷奶奶！！！非常非常非常无趣乏味且令人费解的讲解！！！！！看到这里你可能觉得哎呀都是讲这些啦，漏！！！！我们之后找了另一个讲解大哥，非常非常好，讲解有条理有深度且有趣！！！,IP属地:北京,,,,,故宫差评
匿名用户,1分,不佳,景色1,趣味1,性价比1,李某女导游 声音太小了 嘴巴都张不开 娃平常唠嗑都声都比她大！满怀期待来到首都 失望而归 啥也没听到 差评！花的太冤谨慎拍 不如自己网上搜故宫音频,IP属地:北京,,,,,故宫差评
匿名用户,1分,不佳,景色5,趣味1,性价比1,出发走都不看人有没有漏了，人齐不齐，有没有跟上的，还有钟表馆和珍宝馆要自己另外安排，全过程不会安排时间给你去，也不会先说明。,IP属地:北京,,,,,故宫差评
微生活666,1分,不佳,景色1,趣味1,性价比1,整体体验非常不好，本来很相信携程的选择，结果发现不是那么一回事，下午还是注意吧。没有故宫专业讲解那种生动感，文化底蕴也不行。,IP属地:北京,,,,,故宫差评
139****1677,1分,不佳,景色1,趣味1,性价比1,千万不要买。12:30集合。2个半小时。只讲了三大殿和慈宁宫。不停的打电话和叫大家拍照和上厕所。基本没啥讲的。都是和故宫没啥关系的。,IP属地:北京,,,,,故宫差评
M42****8619,1分,不佳,景色4,趣味1,性价比1,在门口磨蹭了半个多小时，就一直站在太阳下暴晒，不适合带着老人孩子一起听，整体体验特别差,IP属地:上海,,,,,故宫差评
206****951,2分,一般,景色2,趣味2,性价比1,导游讲解的很差，所谓金牌导游根本名不其实，非常失望，水平很低，1000多请的导游这样的水平，十分不值得。且讲解时间根本没满三小时。强烈建议携程下架这样的导游链接。,IP属地:北京,,,,,故宫差评
M27****1144,1分,不佳,,,,超级差评，都是骗人的，交完款，买完后，无故就给退票，打乱行程，毫无诚信，大家可别上当了。,IP属地:辽宁,,,,,故宫差评
William33,1分,不佳,景色1,趣味1,性价比1,原本以为会有携程服务点，结果买了之后，去指定地点找半天找不见，也没有所谓的定点标识，打了客服电话，搞了半天才联系到对接人，结果是一个个人推了一个很脏很廉价的儿童车过来，白白浪费我40分钟时间,IP属地:上海,,,,,故宫差评
M58****862,1分,不佳,景色1,趣味1,性价比1,千万不要买城市观光车，简直是一个坑，现场买观光车只需要10元，网上买确是30，一个天坑,IP属地:四川,,,,,故宫差评
M32****466,1分,不佳,景色1,趣味1,性价比1,真差劲，不支持退订，没使用显示已使用，店里280，携程580,IP属地:北京,,,,,故宫差评
M60****3907,1分,不佳,景色1,趣味1,性价比1,游故宫订了个儿童推车，没找着取车地方然后退了，商家还拒绝退款，还说我已经使用，真是无语了，真霸道，以后不会再来了，居然有这样的商家，没退钱就当**了，很失望！！！,IP属地:山东,,,,,故宫差评
M27****1331,1分,不佳,景色4,趣味4,性价比1,定错了学生票，结果现场说要退了才能补票，结果携程退不了，最后导致得全价买了一张，是携程机制的问题,IP属地:北京,,,,,故宫差评
匿名用户,2分,一般,景色3,趣味2,性价比2,多打一星是也因为你的勤勉，老人的体验相比自由行，增加了多花钱的抱怨，慎重考虑！,IP属地:北京,,,,,故宫差评
M29****0341,1分,不佳,景色1,趣味1,性价比1,没有固定拿轮椅的地方 需要到了故宫和租轮椅的人联系 然后等他们送过来 大概等了二三十分钟 浪费时间 还轮椅也是一样 在出口打电话联系 他们再来取 故宫人那么多 光是找对方就要很久。非常差的体验 和携程上写的yo有固定的取轮椅点不符,IP属地:江苏,,,,,故宫差评
M60****392,1分,不佳,景色5,趣味1,性价比1,体验感很不好，前一天发短信说是每半小时一班讲解，结果第二天八点多就要求全都在故宫集合，本来孩子就小，住的还比较远，没有赶到，结果到了故宫被告知今天只发一班八点半的讲解。花了好几百给孩子买的讲解，也没听上，自己又花450请了一个地导。,IP属地:湖南,,,,,故宫差评
M60****3907,1分,不佳,,,,儿童小推车服务是坑人的，在携程上预约了小推车服务，可结果在故宫里没找到这个小推车服务，问了故宫工作人员，他们说不知道。在线退款，商家直接拒绝，还说已使用。我们都没找到，怎么使用？太坑人了,IP属地:河北,,,,,故宫差评
匿名用户,1分,不佳,景色1,趣味1,性价比1,为什么我在这里订了票没有用不能退了,IP属地:北京,,,,,故宫差评
匿名用户,1分,不佳,景色1,趣味1,性价比1,完全没人联系 找不到人 客服一问三不知 给的集合地点也模糊不清,IP属地:北京,,,,,故宫差评
旅途的大鹏,1分,不佳,景色3,趣味2,性价比1,导游安排不好,IP属地:北京,,,,,故宫差评
匿名用户,1分,不佳,景色5,趣味1,性价比1,打了6个电话都没接，人也找不到…9点准时过了午门，左右两边怎么找都找不到人,IP属地:北京,,,,,故宫差评
M60****840,2分,一般,景色4,趣味1,性价比1,故宫博物馆非常值得一去，秀才导游拖拖拉拉，废话太多，野史乱讲，误人子弟，董小宛说成董鄂妃，乱七八糟！,IP属地:上海,,,,,故宫差评
_WeCh****13424,1分,不佳,景色1,趣味1,性价比1,真的很差劲,IP属地:天津,,,,,故宫差评
甘里西奇,2分,一般,景色4,趣味3,性价比3,历史文化自不待言，封建糟粕遗害无穷！讲解陈述与现代社会格格不入。,IP属地:上海,,,,,故宫差评
M41****6648,1分,不佳,景色1,趣味1,性价比1,以为这个是门票，发现是讲解后又没有预约到门票，结果就不知道怎么办理退钱，请回复帮忙解决,IP属地:福建,,,,,故宫差评
M44****5530,2分,一般,景色5,趣味1,性价比1,导游秀才说，给人感觉傲慢，说话无礼，不懂得尊重长者,IP属地:北京,,,,,故宫差评
U44658****191111,1分,不佳,景色4,趣味1,性价比1,全程就是复读机，没见过这么差的讲解，历史朝代背景人物都不介绍，有什么意义呢？说是三个小时，实际上一个小时多就结束了，真不如20块钱，租个讲解机用。,IP属地:北京,,,,,故宫差评
132****8957,1分,不佳,景色1,趣味1,性价比1,不同的集合地点听的讲解都不全，半路讲解的，没听全，导游还振振有词，一样花钱，垃圾,IP属地:北京,,,,,故宫差评
M17****754,1分,不佳,景色5,趣味1,性价比1,导游很敷衍，怎么省事怎么来 ，不过无所谓，常在北京故宫以后再来,IP属地:北京,,,,,故宫差评
匿名用户,1分,不佳,景色1,趣味1,性价比1,体验感不太好,IP属地:北京,,,,,故宫差评
匿名用户,2分,一般,景色3,趣味2,性价比1,午门前找了十多分没找到也没看，在你们说的哪个点也没看,IP属地:湖南,,,,,故宫差评
joe_zhou170271,2分,一般,景色2,趣味2,性价比2,故宫博物院也就那么回事，不可能全部看完就不要勉强,IP属地:中国香港,,,,,故宫差评
M31****259,1分,不佳,景色1,趣味1,性价比1,为什么平台预定还要收押金而且车很破,IP属地:北京,,,,,故宫差评
匿名用户,1分,不佳,景色3,趣味1,性价比1,一点都不好,IP属地:北京,,,,,故宫差评
137****7784,1分,不佳,景色1,趣味1,性价比1,杨慎祖籍江西，但在成都出生成长，人可是四川第一位状元，所以算在江西有点刻意了，理应算在四川,IP属地:新疆,,,,,故宫差评
刘宇图,1分,不佳,景色4,趣味1,性价比1,非常差的一次体验,IP属地:江苏,,,,,故宫差评
匿名用户,1分,不佳,景色1,趣味1,性价比1,很差很差很差。有气无力，也不生动，还不如租个电子讲解器。,IP属地:北京,,,,,故宫差评
匿名用户,1分,不佳,景色4,趣味2,性价比1,晕死，1280元4小时，结果耳麦还没有30元一个的电子导览的效果好，完全听不清楚，整个就是浪费时间，只去了几个地方，也没听到什么讲解！！毁掉了我们整个故宫之行！！如果有想选择这个套餐的请慎重，钱都是小事，关键是好不容易来趟故宫，别被毁个彻底！,IP属地:北京,,,,,故宫差评
匿名用户,1分,不佳,景色2,趣味2,性价比1,这个杜导游一点都不责任，参观故宫就像走马观花样的，故宫那么大不走回头路，好多重要景点都没看到，不想多说，差评,IP属地:湖北,,,,,故宫差评
匿名用户,1分,不佳,景色1,趣味1,性价比1,携程和商家，服务都很差，甚选,IP属地:上海,,,,,故宫差评
320****002,1分,不佳,景色1,趣味1,性价比1,服务太差！跟本就没有服务一样！,IP属地:北京,,,,,故宫差评
瑶都都,1分,不佳,景色1,趣味1,性价比1,搞鼓了半天，还是找不到预订门票的窗口。,IP属地:湖南,,,,,故宫差评
被风吹过的红叶,1分,不佳,景色1,趣味1,性价比1,故宫博物院，值得一去，一定要找讲解,IP属地:内蒙古,,,,,故宫差评
M48****3853,1分,不佳,景色1,趣味1,性价比1,除了故宫进出大门，其他门统统是关闭的,IP属地:贵州,,,,,故宫差评
M55****848,2分,一般,景色4,趣味4,性价比5,去这里需要提前网上预约，很有历史感的地方,IP属地:北京,,,,,故宫差评
匿名用户,1分,不佳,景色3,趣味3,性价比1,买票不负责任。,IP属地:江苏,,,,,故宫差评
M25****2029,1分,不佳,景色1,趣味1,性价比1,看不懂现在景点售票问题了，我就想买个单纯的门票，怎么就是找不到？,IP属地:北京,,,,,故宫差评
M22****3995,1分,不佳,景色5,趣味5,性价比1,服务太差，多花冤枉钱,IP属地:陕西,,,,,故宫差评
M25****4714,1分,不佳,景色1,趣味1,性价比1,为什么没有单独门票价??????????????????,IP属地:内蒙古,,,,,故宫差评
木呈轩,1分,不佳,景色1,趣味1,性价比1,真的很不错，哈，有点意思，可以去看看。,IP属地:广东,,,,,故宫差评
木子文武爷,1分,不佳,景色3,趣味3,性价比2,导游却像赶鸭子一样 景区人很多 像我们带着孩子的一不留神就跟丢了,IP属地:北京,,,,,故宫差评
M24****4205,1分,不佳,景色1,趣味1,性价比1,内容服务，导游专业度，时间安排最差一次，整个团开始就走了三分之一的人，走了两个殿花了一个小时，还用语言怼游客，让她紧凑点走快一点，她就说要不就这么慢，要不半小时全走完，让游客举手，当天42度，她还慢悠悠推销纪念册等产品，无语，无奈，和骗钱没区别，逼着游客自己退团！！！,IP属地:江苏,,,,,故宫差评
M54****230,1分,不佳,景色1,趣味1,性价比1,体验很差，人多，一不留神就弄丢了，然后耳机又没有声音，导游也不等人还做推销，3小时时间，半小时上??，半小时推销，1小时找导游差劲！,IP属地:北京,,,,,故宫差评
M41****878,1分,不佳,景色1,趣味1,性价比1,居然工作人员不知道,IP属地:北京,,,,,故宫差评
M25****2840,1分,不佳,景色2,趣味1,性价比1,故宫门票都抢不上，但是88元的讲解服务费已经预订付过了，人也没有去，88元钱也被骗了，订票界面太乱，平台糟糕，难道就没有人管理吗？88元钱不给退吗？,IP属地:北京,,,,,故宫差评
300****350,1分,不佳,景色1,趣味1,性价比1,无讲解，无导游,IP属地:河北,,,,,故宫差评
梓豪他爸,1分,不佳,景色1,趣味1,性价比1,博物院实行预约制，导致黄牛滋生泛滥，几十块的门票愣是炒到200多300，还有的直接上500，800，个人觉得一点也不合适，我们来了北京找了黄牛，到最后还是没进去，我不知道实行预约制的意义在哪里？北京大部分的景点都是预约的，突发事件连改变行程都不行，无奈,IP属地:北京,,,,,故宫差评
M31****2129,1分,不佳,景色4,趣味1,性价比1,体验感很差，不如自己玩，哈好玩一点,IP属地:江苏,,,,,故宫差评
下次去哪里玩,2分,一般,景色2,趣味2,性价比2,骗人的，冒着大毒太阳找到店里，店家根本不承认有这个地图，打店主电话又说是邮寄,IP属地:北京,,,,,故宫差评
M29****5267,1分,不佳,景色1,趣味1,性价比1,去的捎迟了一会，找不见导游在哪，最让人接收不了的是没有电话不知联系谁，问客服说不清,IP属地:北京,,,,,故宫差评
刘宇图,1分,不佳,景色5,趣味1,性价比1,一个导游带70多个人，站在太阳底下讲半小时一动不动背书，体验感很差,IP属地:北京,,,,,故宫差评
137****5768,1分,不佳,景色3,趣味2,性价比1,太不愉快的行程了,IP属地:北京,,,,,故宫差评
世界那么大我还想去看看,2分,一般,景色5,趣味4,性价比3,买了五个人的票加讲解，到了截止那一天，打了两个电话告诉我说孩子预约不上，要我全部退票。我不肯，没有退。到了倒数第二天说孩子又能进了，要我别退票。结果当天到故宫、孩子都不检票直接进。导游小贝及其不负责，发了个集合时间就失联了，群里人一只在找她。她也不回。说好8点40集合不等人，9点多了还在那等。我都没有去集合，直接进去逛了。真的不知道什么操作。幸亏我当时没有退。,IP属地:北京,,,,,故宫差评
0诺一家,1分,不佳,景色1,趣味1,性价比1,没说几点前要拿，去到那里说6号商店关门了，拿不了，钱也退不了,IP属地:北京,,,,,故宫差评
M59****356,2分,一般,景色3,趣味3,性价比1,问了一圈也没换下这个地图,IP属地:北京,,,,,故宫差评
M22****6448,1分,不佳,景色1,趣味1,性价比1,都没进门，标注不明确，只是单独的讲解票，还不含门票，坑人，非常不满意，还不能退,IP属地:北京,,,,,故宫差评
何马一家,1分,不佳,景色1,趣味1,性价比1,觉得非常一般,IP属地:云南,,,,,故宫差评
138****3433,1分,不佳,景色1,趣味1,性价比1,这个旅行社的导游恒先生真的讲解一点也不好，在太阳下暴晒不说，一直站一个地方讲，然后我们就都不听了。路过看看别人的导游，我们都太羡慕了，蹭听了一会，下次要重新来一次故宫，真是太折腾了。,IP属地:上海,,,,,故宫差评
M37****0915,1分,不佳,景色1,趣味1,性价比1,没有直接预约窗口，还连带其他服务费用,IP属地:广东,,,,,故宫差评
M50****0463,1分,不佳,景色1,趣味1,性价比1,没去成，导游也没找到，电话没人接，走了一大圈回来了！很差的一次体验！,IP属地:北京,,,,,故宫差评
M21****90,1分,不佳,景色4,趣味5,性价比1,说的有提前导览会联系，完全没人联系，虽然不重要但是想吃了*一样难受,IP属地:陕西,,,,,故宫差评
匿名用户,2分,一般,景色4,趣味1,性价比1,原本以为可以让小孩好好的听一听故宫的历史讲解，才购买的秀才说，但是实际情况根本不像有的评价里说的那么生动，可能是因为人太多，导游安排不过来，但是我们这个团也太差了，天气太热队伍中有人提前退出，导游讲一半就被打断得去找身份证或者接打电话，耳机接收信号也不好，稍微离远一点就没声音了，最后一个团就剩下8个人，路线也规划的不好，讲解的东西也是可以自己百度的，可以说体验感很差，根本不值88元一个人的价格，以后不会再选择了。,IP属地:北京,,,,,故宫差评
M36****116,1分,不佳,景色1,趣味1,性价比1,千万不要选这个，导游太不负责任了，根本没什么有营养的讲解，冰窖餐厅也没吃珍宝馆也没去，根本不值这个价,IP属地:北京,,,,,故宫差评
M47****7551,1分,不佳,景色1,趣味1,性价比1,冰窖餐厅**，去了店家不认，欺诈行为，无耻商家，平台不罚，天理难容,IP属地:北京,,,,,故宫差评
M36****116,1分,不佳,景色1,趣味1,性价比1,千万不要选这个，导游太不负责任了，根本没什么有营养的讲解，冰窖餐厅也没吃珍宝馆也没去，根本不值这个价,IP属地:湖北,,,,,故宫差评
M50****9863,1分,不佳,景色1,趣味1,性价比1,逛了一下午、到晚上突然反应过来自己定的是189的门票?珍宝馆?钟表馆?院内讲解?城市观光车、为什么只有门票和院内讲解、其它项目呢？,IP属地:北京,,,,,故宫差评
M17****218,1分,不佳,景色1,趣味1,性价比1,大家看清楚，携程故宫88元这个项目，看起来是门票加讲解，但是你去检票是进不去的，只是讲解的??，表面上根本看不出只是讲解，明显是误导人购买，然后买了当日18点后就无法退票，扣全款，霸王条款，找客服也不鸟你，投诉无门，自认倒霉，本来都没进去，钱也没有了，真的是无语了，垃圾，垃圾，大家千万别上当,IP属地:山东,,,,,故宫差评
134****5673,2分,一般,景色2,趣味2,性价比2,一直就不喜欢这地，名气大，其实没什么看头，都是反面教材，强权！,IP属地:北京,,,,,故宫差评
兰州拉面,1分,不佳,景色1,趣味1,性价比1,"【景色】没有景色
【趣味】没有趣味
【性价比】极低",IP属地:北京,,,,,故宫差评
_WeCh****64212,1分,不佳,景色1,趣味1,性价比1,还要自己找人差的要死，说好了叫号还要自己找，搞什么东西！！！你墨迹XL唔要皮笑肉我提醒下楼哦子你在双鱼女U你负责上午破例一次机会了啊,IP属地:北京,,,,,故宫差评
M17****922,1分,不佳,景色1,趣味1,性价比1,为什么要搞成这种套票，限制人流你一天限多少票不行么？,IP属地:上海,,,,,故宫差评
霖h,1分,不佳,景色3,趣味1,性价比1,太差的一次讲解体验了，迟到了大热天的，九点二十才开始，导游迟到找不到，还挂电话，服务太差了，很差的一次体验,IP属地:吉林,,,,,故宫差评
M24****4205,1分,不佳,景色1,趣味1,性价比1,首先排队，既没线也没栏杆，随便排，所以安检的时候就是灾难，被挤的包放不上去安检，这个秀才说组织签到特别乱，写的很简单，然后到了没有一个总安排的，你得自己去一个一个导游问，从8点50签上到9点半才出发，已经热晕了，然后这女的金导游更是绝了，发的耳麦一半没声音调换了半天，刚出发她的主机没电了全部没声了，就说你为啥工作之前不检查设备呢，50个人陪你在那烤着嗦，然后出发就跟走不动道一样，一个半小时都没走完前三宫，整个过程耳机断断续续，说得离导游3米以内，50个人，故宫里那么多人，怎么能一直离你三米以内啊，再加上她的东北口音啥都没听见，然后她不说自己耽误时间，瞎墨迹，一直处理她的耳麦听不清听不见，整的大家热的受不了都退了走了，这谁花了钱不想听听导游啊，但命重要，两个小时了才到保和殿，我家老妈直接热的受不了了，这是故意让游客自己受不了自己退呗，从进去午门8点40到跟着这个秀才说导游10点40才到保和门，去那么早不就想凉快点，早去早回嘛？只能退了自己走，还有珍宝馆和钟表馆，根本来不及看就中午了，就说这么多年旅游，就这次太糟心了，炎热，嗦，莫名的等待，拖延！要这个导游就是个累赘！,IP属地:北京,,,,,故宫差评
小胖子168,2分,一般,景色2,趣味2,性价比2,博物院，一般般吧，没什么特别的地方吗,IP属地:北京,,,,,故宫差评
M55****168,1分,不佳,景色1,趣味1,性价比1,大家千万不要买这个套票，里面的烤鸭套餐不能用，到门店别人说没有跟携程有合作过，这是欺诈吗？因为进了故宫，使用了二维码，不能退款，到现在吃饭的钱都没人退我，联系工作人员客服，完全不理人，大家买最简单的门票就行，不要相信携程里面的套票，后面再没人回复我，我就举报，投诉，太气人了,IP属地:浙江,,,,,故宫差评
muyao1987,1分,不佳,景色4,趣味1,性价比1,人太多，导游不等人，儿童无需买票，也收费了,IP属地:北京,,,,,故宫差评
Amy扬,2分,一般,景色5,趣味2,性价比2,导游敷衍了事，有承乾宫.延禧宫，珍宝馆，九龙壁，珍妃井等都没给我们讲解就结束走了,IP属地:北京,,,,,故宫差评
138****8869,2分,一般,景色3,趣味2,性价比3,讲解就是没有很生动 应付了事体验不好,IP属地:上海,,,,,故宫差评
_M15****1480,1分,不佳,景色1,趣味1,性价比1,别买别买，讲的差，还不帮买餐。实在买不到票就买最便宜套餐！！,IP属地:云南,,,,,故宫差评
M34****542,1分,不佳,景色5,趣味2,性价比3,体验感非常差，一大群人（听说是50人）跟着导游跑，毫不夸张的说真的是用跑的，追不上那种，故宫人又多，走马观花的。太了老人小孩的慎重考虑，我带着麻麻全程我麻麻都在跟着跑。你不靠解说员近一点耳机就会没声音。不知道是不是带我们解说员的原因，看的出来他很努力在讲了，但是讲的真的很一般。那么大太阳，讲几个小时还是很辛苦，但确实讲的没什么重点，没有逻辑。去过很多有历史的地方都请导游讲这次故宫官方解说体验感是最差的。,IP属地:四川,,,,,故宫差评
无尘1,2分,一般,景色2,趣味2,性价比2,故宫博物院看了个寂寞，进入各个殿堂都封闭不让参观，没有提前通告，看不了可以不去吧，损害了消费者权益，应该部分退款。没有接待能力就闭宫修缮噻，别忽悠观众，光收门票！,IP属地:湖南,,,,,故宫差评
M52****5922,1分,不佳,景色1,趣味1,性价比1,故宫现在太差。啥也看不见。一个破院子。工作人员让你绕路。,IP属地:北京,,,,,故宫差评
生趣,1分,不佳,景色1,趣味1,性价比1,非节假日非周末、全是人人人人人人人人人人，提前订了票，排队最少需要3小时，门票和解说分币不退，真牛啊,IP属地:山东,,,,,故宫差评
M28****1766,1分,不佳,景色1,趣味1,性价比1,根本找不到哪里换，所有店都说不换,IP属地:北京,,,,,故宫差评
M27****8963,1分,不佳,景色1,趣味1,性价比1,排了半天队验证时说我没买票，问了客服竟然把我日期搞错了，虽然后来给我退票和赔付，但是太无语了这个失误直接影响我的心情。这点子也是真正。,IP属地:北京,,,,,故宫差评
琴之岳,2分,一般,景色4,趣味2,性价比2,不值得买票入内看，在景山远观更好,IP属地:瑞士,,,,,故宫差评
M22****1266,1分,不佳,景色5,趣味1,性价比1,讲的一般般,IP属地:北京,,,,,故宫差评
M27****4711,1分,不佳,景色5,趣味2,性价比1,未能提供人工讲解,IP属地:北京,,,,,故宫差评
M46****8644,1分,不佳,景色1,趣味1,性价比1,说12点50集合，导游一直在看手机打电话，一直墨迹不走，距集合时间过了一个多小时了，才走过午门！全程讲解声音特别小，讲述形式枯燥乏味，等她讲解过乾清宫都一半多不跟她团了！我想着后面应该有好玩的讲解，结果御花园那边也就一晃而过！再后面导游就一直在喊，哎我们时间不够了得赶紧走。。。钟表馆和珍宝馆讲解，结果，导游根本就没进去给我们讲解！！！？我们自己转出来，故宫都闭馆了。,IP属地:北京,,,,,故宫差评
_WeCh****241941,1分,不佳,景色5,趣味1,性价比1,一路就带大家站在太阳底下暴晒就是故意的！多花100多块钱！像傻子一样被人耍！,IP属地:北京,,,,,故宫差评
M30****7514,1分,不佳,景色1,趣味1,性价比1,太差劲了，讲的太磨叽了，这句话开会说，太疲惫了,IP属地:北京,,,,,故宫差评
_WeCh****096474,1分,不佳,景色1,趣味1,性价比1,携程服务越来越差，携程老会员了，收了钱不干活糊弄消费者，相互推脱。跟第三方一唱一和，欺骗消费者，升级服务就是个坑，大家选择更优质的平台服务，避免踩坑,IP属地:四川,,,,,故宫差评
M42****351,1分,不佳,景色1,趣味1,性价比1,真不要脸啊，携程给我拉到一个北京旅游群里，我在群里问3岁的孩子去故宫也要门票吗？群里的携程工作人员竟然跟我说要，所以我就买了这种票，去了才知道故宫18岁以前的孩子是不要门票的，太不要脸了，完全属于为了卖票胡说八道，我带了两个孩子一个6周岁一个2周岁，他们能听懂解说吗？真是骗子,IP属地:北京,,,,,故宫差评
joe_zhou170271,2分,一般,景色2,趣味2,性价比2,故宫博物院还是值得一去的就是太大了,IP属地:中国香港,,,,,故宫差评
M43****4088,1分,不佳,景色5,趣味1,性价比1,第一次带父母来北京故宫，网上定的秀才解说，实在太嗦了一个半小时从午门进三大殿一直在太阳底下晒着解说，说的是故宫的结构，防水 怎么计算时间，越听越心烦，父母来故宫就想看看皇帝坐的龙椅，导游也没让大家拍照和看看实景，就翻手机看图片给大家讲解大殿里面柱子什么样，无语??来故宫不让大家看实景，看你的手机图片我也真是服了??，跟团的老人居多有几个晒的不行了提意见说太嗦让快点讲也没加快进度，最让人无语的是竟然和小朋友互动问大殿廊沿几只小动物问题是团里没有几个小朋友？??，女儿晒的有点低血糖了脸色都变了，果断的交还了讲解器退团了，父母也不舒服了，去过很多景点像这么嗦不讲重点看手机图片的导游第一次遇见??，本意是带父母看看故宫了解皇上的日常生活和九五至尊的皇上住的紫金城什么样，龙椅什么样？我是该夸你敬业呢还是该说你没有经验呢，一个半小时还多就听你在大太阳底下晒着听你讲三个大殿的结构，真的希望你多看看别的导游怎么讲，估计你这一圈下来人都累死了，也没看到想看的，和想了解的内容，特别失败的一次体验，很少写差评，这次实在是气愤的到无语??,IP属地:北京,,,,,故宫差评
M22****8890,1分,不佳,景色1,趣味1,性价比1,说都不说一声直接说要看我买票记录，拿我手机就在那自己评价！手机是个人隐私的东西！你看记录我可以让你看！但是不能自己拿走说也不说一声就是一顿乱操作！！！无语！！,IP属地:北京,,,,,故宫差评
_WeCh****18603,2分,一般,景色2,趣味1,性价比2,"除了能带着有个路线 别的很差 走马观花 导游语速很快声音很小 该介绍的不说  一直说一些无趣的故事野史 就那种你已知的东西 真不如自己逛   整个团除了少数几位 真的没人一直跟着  因为真的太无聊了 自己看有意思多 一路上都愿意跟着蹭蹭别的导游 秀才说什么的也讲的好很多

还有些旅行团都讲的可有意思  很有兴趣 相跟着走 这个不如不买讲解",IP属地:北京,,,,,故宫差评
M22****4259,1分,不佳,景色3,趣味1,性价比1,自己去的早，早点进去人很少可以自由逛，谁知道等导游等了半个小时结果几万人一起，不能看哪哪都是人，跟在一群旅游团后面，感觉亏死了，珍宝馆 钟表馆导游还不进去的，就结束了，花了几百块亏死了，还是个人自己进去逛比较好，不建议报这个团,IP属地:浙江,,,,,故宫差评
灵动的光影,2分,一般,景色3,趣味2,性价比3,进去基本只能看外景，几乎所有宫殿都拦得严严实实的，重要宫殿的门口都到不了，里面的样子只能凭想象。,IP属地:吉林,,,,,故宫差评
Louis Pang,1分,不佳,景色1,趣味2,性价比1,不知道位置,IP属地:北京,,,,,故宫差评
110****606,2分,一般,景色5,趣味1,性价比1,讲解服务不专业，主题重点不多，讲野史不少。还不如租个讲解器。现场组团，秩序比较乱。好多游客中途就离团了。,IP属地:山东,,,,,故宫差评
_WeCh****55129,1分,不佳,景色5,趣味5,性价比1,是去的晚了些，但是根本不等人，打电话也没人接，其实就是买了个票罢了。,IP属地:北京,,,,,故宫差评
M52****2590,1分,不佳,景色5,趣味3,性价比1,讲解没有头绪,IP属地:北京,,,,,故宫差评
M59****163,1分,不佳,景色1,趣味1,性价比1,这旅游公司安排的太乱套，导游也没提前打电话，就发个信息，好几个导游一样的旗子，也不提前联系我们就走了！还好被别的导游收留了！感觉特狼狈，心情减半！??,IP属地:北京,,,,,故宫差评
_WeCh****34350,1分,不佳,景色5,趣味4,性价比2,前一晚没有人联系，需要自己联系当地官方导游，没有什么责任感可言。定的时候没有提示多少人一个解说，旺季基本上是30人一个解说，可想而知，大家谨慎选择，体验感很差！,IP属地:北京,,,,,故宫差评
木呈轩,1分,不佳,景色1,趣味1,性价比1,只记得，下午5点就差不多清场了，哈哈哈。,IP属地:广东,,,,,故宫差评
M39****869,2分,一般,景色4,趣味4,性价比1,末按rg提供服务。,IP属地:北京,,,,,故宫差评
M26****2706,2分,一般,景色5,趣味4,性价比1,"故宫很美，杨魏导游很差。
发的集合短信 ，写的进午门集合，实际在门外，语义有歧义表达不清，午门单行，不可退回，大家注意！
发耳机后，一转头人又不见了，打电话也不接。",IP属地:北京,,,,,故宫差评
M52****9004,1分,不佳,景色1,趣味1,性价比1,"我们订的10点进馆，当班导游9点就进去了，网页也没说9点，10点 进馆 是一批次，差评！！
导游并没有在进馆的前一天联系我们，直到我发信息询问才回！差评！
什么服务都没享受到，差评！",IP属地:北京,,,,,故宫差评
M95****04,1分,不佳,景色1,趣味1,性价比1,我一起买了两张票有一个人没有去，票没有使用但是退不了，说不能部分退很无语，,IP属地:北京,,,,,故宫差评
M47****5510,1分,不佳,景色3,趣味3,性价比1,还是买门票比较好，进来整个讲解器， 一样的,IP属地:北京,,,,,故宫差评
细琢惊鸿,1分,不佳,景色1,趣味1,性价比1,想要讲解自己单独要一个讲解员，这种随大流的时间不允许，并且讲的也不好,IP属地:广西,,,,,故宫差评
安特拉格里刘邦,1分,不佳,景色4,趣味4,性价比1,明明定的是12点的，但是通知让13点集合，定的儿童票没有给预约，进不去景区，又自己去服务台预约的！珍宝馆和钟表馆没能进去，到了这两个馆门口，人已经闭馆了！退也不给退，这是目前遇到体验最差的一次！,IP属地:河北,,,,,故宫差评
M21****167,2分,一般,景色5,趣味2,性价比2,实际并不是半小时一场。10点到的，说十点半出发，实际是十点半才开始登记，一直等到十一点才准备出发。最后，直接放弃了听讲。还有骗游客里面没有卫生间，其实是中途不想停留，为什么不实话实说呢？,IP属地:北京,,,,,故宫差评
m25****1304,1分,不佳,景色5,趣味1,性价比1,"不好
不好
啊不好",IP属地:北京,,,,,故宫差评
134****5673,2分,一般,,,,感觉雷声大，雨点小没有传说中的那么神话，不喜欢。,IP属地:北京,,,,,故宫差评
小胖子168,2分,一般,景色2,趣味2,性价比2,皇宫，一般般吧，没什么特别的地方吗,IP属地:福建,,,,,故宫差评
M35****987,1分,不佳,景色5,趣味1,性价比1,这个导游是真懒，态度差，站在哪里对着地图讲了一个小时！态度恶略,IP属地:广东,,,,,故宫差评
木子沐儿,1分,不佳,景色5,趣味1,性价比1,参观的头一天晚上9点多导游联系第二天早上9点在进入故宫午门后的右边集合。（我定的也是9点场）。结果我一早排队进到故宫集合点，9点开始给导游打电话一直不接。起初想到是拼团，可能有人会迟到一小会等等也还行。结果等了快一个小时，打了10个电话终于联系上导游了，她说她带了一个50人团，还在排队进故宫！期间小孩一直问还要等多久？风也很大，人也很多，也没地方坐，就站着干等。后来我联系了携程客服还算快速给我换了一个导游，等我们和新联系的导游见面时已经10点20分钟了。在我和我老公给之前那位导游打了10多个电话，她也没有回我们一个电话。作为携程金钻用户，这是我的第一个差评。真的很气，体验感太差了！,IP属地:北京,,,,,故宫差评
_WeCh****111745,1分,不佳,景色1,趣味1,性价比1,导游都联系不上，咋退款？,IP属地:北京,,,,,故宫差评
_WeCh****80419,1分,不佳,景色5,趣味1,性价比1,累 没有导游,IP属地:云南,,,,,故宫差评
M46****6894,1分,不佳,景色4,趣味1,性价比1,定了门票?讲解，讲解迟到了40分钟，让我再门口干等了40分钟，打电话态度极差。作为携程的铂金会员，用了这么多年，这是最差的一次携程体验，考虑以后换其他app了。,IP属地:北京,,,,,故宫差评
M49****754,1分,不佳,景色1,趣味1,性价比1,现在的故宫不知道哪里变味了，都锁住了，基本看不到什么,IP属地:北京,,,,,故宫差评
M39****179,1分,不佳,景色1,趣味1,性价比1,未使用不给退，也没有任何通知！,IP属地:辽宁,,,,,故宫差评
188****0208,1分,不佳,景色1,趣味1,性价比1,三张票去了两个人，剩下一个人的票就不给退了,IP属地:北京,,,,,故宫差评
_WeCh****507366,1分,不佳,景色1,趣味1,性价比1,没意思，不值得推荐,IP属地:海南,,,,,故宫差评
M54****118,1分,不佳,景色1,趣味1,性价比1,建议携程下架这个所谓“秀才说”。毫无兴趣可言。导游几乎是走马观花的草草了事。本来一个团就已经20多人了。为了赚钱还半路佳了几个人。真的让我很失望。本以为会非常有兴趣的玩游故宫。但是。。还不如租个门口那种耳麦。真的很差。强烈不建议跟这个团,IP属地:北京,,,,,故宫差评
suiyin,1分,不佳,景色4,趣味4,性价比1,一位女导游，态度倒是不错，但全程讲述是真的很少，时长仅在9:00-11:30之间，而且其中等团友消费后拿小票拍小票的时间最久。,IP属地:山东,,,,,故宫差评
M49****387,1分,不佳,景色1,趣味1,性价比1,导游墨迹，时间安排不合理，耽误很长时间才开始讲解,IP属地:北京,,,,,故宫差评
nn930,1分,不佳,景色5,趣味1,性价比1,无人讲解  电话打不通，,IP属地:北京,,,,,故宫差评
M18****944,1分,不佳,景色1,趣味1,性价比1,携程上订的秀才说导游简直就是个坑，走马关灯不说，还不给游客时间拍照并且具有代表性的宫殿根本不介绍，主要就介绍大缸，石头这些，我都不知道他在胡扯些什么，中国古代帝王皇城被他讲的一塌糊涂，浪费钱不说，还耗了自己时间，我们一个团全部中途还掉耳麦没在跟他一起听讲解了，吃一亏长一智吧！！！,IP属地:北京,,,,,故宫差评
186****3367,1分,不佳,景色1,趣味1,性价比1,正经的一个没介绍，经废话了。走了快俩点，到正大光明牌匾下，居然没介绍,IP属地:北京,,,,,故宫差评
,1分,不佳,景色5,趣味1,性价比1,垃圾导游，我预约的早上9点景山公园的门票，打算先去景山公园再打车去故宫。结果那个导游打电话坚定的告诉我，景山公园的门票过时间了也可以用，三天内都有效。下午2点我去景山公园，就不能用了。浪费我钱。垃圾导游,IP属地:云南,,,,,故宫差评
M32****2497,1分,不佳,景色1,趣味1,性价比1,不咋地跟不上，走的太快，设备也不好，远了听不清，进了挨不上。走太快说的也可太快，最后不跟他走了，,IP属地:北京,,,,,故宫差评
M32****9574,1分,不佳,景色5,趣味5,性价比1,秀才讲解骗人..声音听不清还不能退款太坑了,IP属地:北京,,,,,故宫差评
,2分,一般,景色5,趣味3,性价比2,整体感受非常不好，没有组织，非常混乱，讲解也不生动有趣，完全就走马观花，完成了事,IP属地:四川,,,,,故宫差评
_WeCh****688498,1分,不佳,景色1,趣味1,性价比1,不建议去，很无聊,IP属地:内蒙古,,,,,故宫差评
,2分,一般,景色5,趣味3,性价比1,千万别在这里买票 讲解就是糊弄 很多人都迟到 开始很长时间就是在站着等人 讲解的一丁点都不好 实在是太太糊弄了 没讲到三分之一呢一半人都走了 包括我们 要在故宫官网买,IP属地:北京,,,,,故宫差评
,1分,不佳,景色1,趣味1,性价比1,定的人工讲解票，没有意义，没有人主动提前联系过，人很多，我们也不熟悉，自己就进去，还不如直接定门票，白费这套餐钱，相比去西安旅游，定的人工讲解，人家都是提前联系旅客,IP属地:北京,,,,,故宫差评
,1分,不佳,景色3,趣味1,性价比1,很差劲，投诉到现在也没反馈，下次用脚投票,IP属地:上海,,,,,故宫差评
,1分,不佳,景色1,趣味1,性价比1,携程网大骗子，故宫儿童免费，携程不提示，害的我卖的全价票，差评,IP属地:内蒙古,,,,,故宫差评
185****0658,1分,不佳,景色4,趣味2,性价比1,携程预订出现重大失误，订单里购买了珍宝馆门票但无法进入，显示未购买，影响整体旅途，购买讲解也中断，很不好的体验，信誉度大打折扣。之后会考虑从其他渠道预订行程。,IP属地:北京,,,,,故宫差评
M51****8439,2分,一般,景色3,趣味3,性价比2,下单与实际不符,IP属地:江苏,,,,,故宫差评
M24****746,2分,一般,景色2,趣味2,性价比2,第一天的房间与所选不符，房间狭小，床挨门，竟无挂衣架，暖气水噪音大，第二天换房后还可以！,IP属地:北京,,,,,故宫差评
135****2333,1分,不佳,景色1,趣味1,性价比1,那个团人太多了，蓝牙耳机又太小，体验感不好，最后还是决定自己租个讲解器随便玩玩了。,IP属地:北京,,,,,故宫差评
M30****4071,2分,一般,景色5,趣味4,性价比2,没有套餐，人家不认，需要到餐厅点餐，早知如此直接买门票就行了，太浪费了,IP属地:北京,,,,,故宫差评
_WeCh****47527,2分,一般,景色5,趣味1,性价比1,本来是带娃了解学习一下故宫的历史知识，可是导游的讲解迷信色彩太浓厚，还杜撰八卦涉及**……. 讲解差评,IP属地:陕西,,,,,故宫差评
M31****9237,1分,不佳,景色3,趣味1,性价比1,馆子都不开，这不是坑人吗,IP属地:北京,,,,,故宫差评
Ray-Chang,1分,不佳,景色1,趣味1,性价比1,小朋友免费票还照常收费，成本不同为何价格不一样，国家都没收的费用，携程就可以收吗？讲解服务费可以收！！ 不是你一句大小同价就可以一概了之。,IP属地:北京,,,,,故宫差评
_WeCh****898688,2分,一般,景色5,趣味5,性价比3,有两个地方没有转，钟表楼跟珍宝馆没有看，导游也没有找到，故宫博物院16：00就开始闭馆，钟表楼15：30闭馆，,IP属地:北京,,,,,故宫差评
守望星期八,2分,一般,景色5,趣味1,性价比1,故宫景色肯定没的说！差评一下讲解：1、协调能力差，因个别迟到的游客，让大部分游客在寒风里都等着，订单定的1点进，等到1点20分才进。2、订单详情写的讲解2个半小时，结果从头到尾一共才1个小时40分钟，还有20分钟自由活动！真是偷工减料！3、讲的很肤浅，有用的历史知识一点没有！差评差评！携程也是服了，单独的故宫门票没有，只能捆绑这种烂的讲解套餐……,IP属地:北京,,,,,故宫差评
众一广告-田楠,1分,不佳,景色1,趣味1,性价比1,一个人带2 3十人，讲的也一般，珍宝和钟表3分钟完事，体验极差,IP属地:北京,,,,,故宫差评
320****859,1分,不佳,景色5,趣味1,性价比1,这是导游？故宫是否需要管控一下，这种水平的导游就不要上岗了，太不专业了，携程也别上线这种讲解票，太水,IP属地:北京,,,,,故宫差评
宸蕴,2分,一般,景色2,趣味2,性价比2,一堆不开放，站在外边，啥也看不见,IP属地:北京,,,,,故宫差评
笑面人的爸,1分,不佳,景色5,趣味5,性价比1,存在欺客骗钱的现象,IP属地:河南,,,,,故宫差评
Lxxn,1分,不佳,景色5,趣味1,性价比1,本来说半小时一班，随叫随走，但是居然打电话过来说只有三个班次可以选！！！我们脚踏风火轮！火急火燎赶过去！结果却说团已经走了！让我们自己去追导游！！但是又没有耳机可以听讲解！导游应该是姓阮的，全程一直扯闲篇，道都没走几步，三个小时一共也就看了三四个宫殿！根本没讲满3小时，还夹带私货！性价比超级无敌低，还不如自己买票弄个电子讲解器听听，起码还能多转会其他地方??????,IP属地:天津,,,,,故宫差评
M30****27,1分,不佳,景色5,趣味1,性价比1,导演真的不太负责任，多团拼就不讲了。就想着快点完成任务。上厕所都会被讲，还害怕我们买票的跑路。我都醉了（耳机）,IP属地:北京,,,,,故宫差评
M31****7579,1分,不佳,景色1,趣味1,性价比1,张老师讲的是一坨*，全程没精打采跟阳了一样，我拍宫殿她叫我别拍她拍她他就不讲了您是大明星呢我拍你，讲解全程没亮点没有情绪波动我花钱搁这听您背书来着？说实话还不如我网上下载的一个讲解来的声动 ，全程站在风口讲解吹的冷不说麦克风一直都是风噪啥都听不清给她说这个问题她也当没听到这钱花的不值,IP属地:四川,,,,,故宫差评
木呈轩,2分,一般,景色2,趣味2,性价比2,我很喜欢故宫，尤其是白天近去过,IP属地:广东,,,,,故宫差评
M45****0484,1分,不佳,景色1,趣味1,性价比1,我不管去哪个景点都需要听讲解，不然感觉白去了，今天故宫的讲解老师栾老师知识渊博，性格还特别风趣幽默，大大的赞送给他！,IP属地:北京,,,,,故宫差评
M39****6837,2分,一般,景色5,趣味2,性价比1,"预约了9点，但是变更为10点。另外,虽然是10点开始,但由于人没有按时聚在一起,所以开始晚了20分钟。因为有其他日程，所以中途自己行动了。",IP属地:北京,,,,,故宫差评
134****5673,2分,一般,景色2,趣味2,性价比2,不喜欢这种地方，就像天津的狗不理包子一样！,IP属地:天津,,,,,故宫差评
兰州拉面,1分,不佳,景色1,趣味1,性价比1,"【景色】基本没有
【趣味】很低
【性价比】极差",IP属地:北京,,,,,故宫差评
小白的冬天,1分,不佳,景色1,趣味1,性价比1,真**垃圾  大家都别来了,IP属地:北京,,,,,故宫差评
Ally艾利,1分,不佳,景色1,趣味1,性价比1,有七天外地行程的不要来在门口都不让进去想出去要走很远很远的路,IP属地:吉林,,,,,故宫差评
布涅尔鬼谷子,1分,不佳,景色5,趣味5,性价比1,今天出门没戴帽子，晒的有点中暑了，想从入口那边出去，那一保安，说话太态度巨恶劣，说什么管你舒不舒服呢，啥啥的,IP属地:北京,,,,,故宫差评
M35****3625,1分,不佳,景色1,趣味1,性价比1,完全不用租轮椅，地面不适宜，服务很差劲,IP属地:北京,,,,,故宫差评
琦琦,1分,不佳,景色1,趣味1,性价比1,什么东西，订的明明是含珍宝馆和钟表馆的门票，为什么身份证显示不出来，导游也不给解释，这不是骗人么，给个解释,IP属地:海南,,,,,故宫差评
即刻出发,1分,不佳,景色1,趣味1,性价比1,当地讲解员很不错，路线讲解都很全面避免了很多绕路,IP属地:北京,,,,,故宫差评
186****6666,1分,不佳,景色1,趣味1,性价比1,哪哪宫殿都不开放，不建议去，性价比不高,IP属地:北京,,,,,故宫差评
M47****2883,1分,不佳,景色1,趣味1,性价比1,太贵了不好玩,IP属地:山东,,,,,故宫差评
施塔德李斯,1分,不佳,景色1,趣味1,性价比1,巨恶心，不建议在携程买票，还是官网吧。携程头一天买第二天的票，结果自动给我匹配第三天，害我和闺蜜白起大早大老远来，在门口却进不去。巨巨恶心，以后不会在携程订任何东西,IP属地:北京,,,,,故宫差评
胡萝卜爱旅行,1分,不佳,景色4,趣味1,性价比1,这个简直是太坑了，不如门口租个讲解器讲的好，带孩子游故宫就想让介绍介绍故宫，这个导游不带口罩，满嘴烟味，衣着也邋遢，一个劲站着讲野史，而且说话还磕巴，好多都介绍不上来，不知道怎么能当高级讲解的？要不是要求介绍一下建筑特点及功能一点都不说，简直是走马观花，不知道这个导游这个证是怎么得来的，我花一千多就是想让孩子来一趟好好了解一下，结果这钱白花还一肚子气，这个服务简直太差太差太差,IP属地:黑龙江,,,,,故宫差评
_WeCh****819387,1分,不佳,景色1,趣味1,性价比1,非常差劲的一次旅行，没体验到讲解的服务，购买的时候说10点集合，导游9点多就进去了，第一次带家人来，导游让我们去故宫里面找他，找个屁那么大地方，我要是知道哪是哪我还用找讲解？,IP属地:北京,,,,,故宫差评
139****2477,1分,不佳,景色5,趣味1,性价比1,讲解人员态度极其差，冷嘲热讽，不会再定这家公司的讲解了。大家定的时候一点要看清这家公司。,IP属地:北京,,,,,故宫差评
jessie1888,2分,一般,景色4,趣味1,性价比1,讲了半个小时，在门口一动不动，也没有讲的有关故宫有意义的，讲的都是无关紧要的！慢又没意义！太差了,IP属地:北京,,,,,故宫差评
_CFT01****7024327,1分,不佳,景色1,趣味1,性价比1,*****，什么都不写，跟盲盒一样，结果108买了个大黄桌布和一杯热咖啡，大夏天的不能换冰的，携程太坑人了，什么玩意，那么多漂亮的咖啡杯，都不在盲盒里，居然还得背着个大桌布走，太??差的体验了，**携程,IP属地:北京,,,,,故宫差评
M44****2916,1分,不佳,景色4,趣味1,性价比1,差评给了这家旅游公司，建议直接官微定,IP属地:浙江,,,,,故宫差评
一个有身份的人生活不再见,1分,不佳,景色2,趣味1,性价比1,就是一个收费的大卖场，而且空气非常难闻,IP属地:北京,,,,,故宫差评
拥冰取暖,1分,不佳,景色5,趣味1,性价比1,真的是令人气愤，买的联票服务，结果根本没有预约上钟表馆，带着孩子排了半个小时队到门口刷身份证直接显示未预约，重新去排队卖票点咨询，告知第三方预约没有预约上，让我们找携程退款。重新买票让我们排队验票，浪费了快一小时时间。珍宝馆也重新购票进入的，结果还不能退款，找不到投诉电话，真的千万不要相信第三方平台的订票服务！！！好几个遇到同样问题的家庭，都排队被告知，真不懂怎么会有这样令人失望的服务！！！,IP属地:北京,,,,,故宫差评
631****609,1分,不佳,景色1,趣味1,性价比1,太差劲了！导游不管游客，说好有餐结果没餐！不管接送！,IP属地:北京,,,,,故宫差评
M21****413,1分,不佳,景色4,趣味1,性价比2,不值得购买，不知道那些好评怎么来的,IP属地:北京,,,,,故宫差评
JoyeeXu,1分,不佳,景色5,趣味1,性价比1,服务一塌糊涂，太差了！,IP属地:北京,,,,,故宫差评
M41****567,1分,不佳,景色4,趣味4,性价比1,本来18周岁一下儿童免门票，但是却没有告知，最后通过沟通，应该只收讲解费，结果多收20元每个人,IP属地:北京,,,,,故宫差评
M24****9053,2分,一般,景色3,趣味1,性价比1,服务写的3.5个小时，实际不到2小时50分钟，联系旅游公司说是正常浮动范围，也是服了。导游的语速也可以再慢点，老年人反应不过来。,IP属地:北京,,,,,故宫差评
M30****8517,1分,不佳,景色1,趣味1,性价比1,导游声音特别小，有时候听不见，听得人特别吃力。关键是感觉他很着急的，还有一些点没讲完，就把我们放下了。讲解的不全面吧，感觉有点亏。,IP属地:北京,,,,,故宫差评
lanlan830208,1分,不佳,景色5,趣味1,性价比2,前面一小时导游一直都在找人，非常影响心情和情绪,IP属地:北京,,,,,故宫差评
M26****2056,1分,不佳,景色1,趣味1,性价比1,没使用为啥不能退,IP属地:北京,,,,,故宫差评
叶子123527,1分,不佳,景色3,趣味3,性价比1,导游等2个小时 原地讲解 没有服务 体验感差,IP属地:北京,,,,,故宫差评
M48****6186,2分,一般,景色4,趣味2,性价比2,导游讲解不精彩，象租了个讲解器，门票里本来带珍宝馆和钟表馆的解说，她说疫情不方便进去，照样有导游在里面讲，总之体验很差！,IP属地:北京,,,,,故宫差评
M41****7201,1分,不佳,景色3,趣味1,性价比1,导游大多数时间一直在外面干讲，每个地方都是讲20分钟逛三分钟，外面这么热，我真不理解为什么不能进去边逛边讲，一个小时只逛了三大殿,IP属地:北京,,,,,故宫差评
M11****745,1分,不佳,景色1,趣味1,性价比1,导游很业余，基本找不到人,IP属地:江苏,,,,,故宫差评
逸起飞扬,1分,不佳,景色1,趣味1,性价比1,不怎么样好,IP属地:北京,,,,,故宫差评
M33****2076,1分,不佳,景色1,趣味1,性价比1,讲解一般，希望改进，还要强迫游客给好评，之后讲解员拍照,IP属地:北京,,,,,故宫差评
110****606,2分,一般,景色4,趣味1,性价比1,这个旅行社服务太差，不要报这个讲解团，行前没人联系，打电话过去还很不耐烦，现场导游全程敷衍了事，中途很多人都听不下去，主动退团了。还不如租个讲解器。,IP属地:北京,,,,,故宫差评
小无赖熊,1分,不佳,景色4,趣味1,性价比1,选的是含钟表馆和珍宝馆的预约链接，烈日下排了大半小时的队，到门口发现两小馆携程根本没给约上，还得重新到门口约，大夏天的人都要中暑了，**！！！大家都去故宫公众号约，携程约不上也不告诉你，太耽误事了！！！,IP属地:北京,,,,,故宫差评
M30****4320,1分,不佳,景色5,趣味3,性价比2,不行，导游不太行，导游真不行,IP属地:北京,,,,,故宫差评
M27****0229,1分,不佳,景色5,趣味1,性价比1,说好早上8:30集合 结果导游快九点才来 又等别的游客磨磨蹭蹭9:30才进去 进去之后导游故意磨时间 一会儿说疫情一会儿跟别人拉家常 200米的路她整整带着我们走了一个半小时 故宫很不错 导游差差差差差差差评??,IP属地:北京,,,,,故宫差评
118****175,1分,不佳,景色4,趣味1,性价比1,导游是真的差，携程临时抓过来的，对故宫不熟悉，服务还特别差,IP属地:北京,,,,,故宫差评
babao123,1分,不佳,景色5,趣味3,性价比1,故宫很美，服务太**了，九点的讲解，快十点还没开始。。。 也不知道在墨迹什么，太耽误时间了，建议大家买讲解的时候斟酌一下，真的没必要。,IP属地:北京,,,,,故宫差评
M43****5297,1分,不佳,景色1,趣味1,性价比1,秀才说栾导，讲的不错，下次还选择秀才说！,IP属地:北京,,,,,故宫差评
M42****5990,1分,不佳,景色5,趣味5,性价比1,用携程预约故宫，结果根本预约不上，还是在现场排队预约，差评，差评，差评,,,,,,故宫差评
木呈轩,2分,一般,景色2,趣味2,性价比2,喜欢历史典故的朋友，可以去看看，不错的选择,,,,,,故宫差评
joe_zhou170271,2分,一般,景色2,趣味3,性价比3,故宫去之前要做点准备最好有导游,,,,,,故宫差评
luoshunming,1分,不佳,景色1,趣味1,性价比1,里面走走看看挺好的，门票还不贵,,,,,,故宫差评
dav****urne,2分,一般,景色2,趣味2,性价比2,一般………………………………………,,,,,,故宫差评
被风吹过的红叶,1分,不佳,景色1,趣味1,性价比1,北京故宫，明清两代帝王居住的地方,,,,,,故宫差评
木呈轩,2分,一般,景色2,趣味2,性价比2,很不错，值得一去，尤其是未曾来过北京的各位亲萌。,,,,,,故宫差评
小胖子168,2分,一般,景色2,趣味2,性价比2,一般般吧，没什么特别的地方吗？,,,,,,故宫差评
134****5673,2分,一般,景色2,趣味2,性价比2,就像天津的狗不理包子一样，名气大的压死人，但口感真是不咋地。,,,,,,故宫差评
海之涯y,1分,不佳,景色3,趣味3,性价比1,啥玩意，买了票进钟表馆啥还要提前一天预约,,,,,,故宫差评
M35****3641,1分,不佳,景色1,趣味1,性价比1,学生证没带，工作人员直接把身份证刷了，然后不让进，也不理你了，都没有进故宫门口,,,,,,故宫差评
营口市混世魔王,1分,不佳,景色1,趣味1,性价比1,四个馆还需要提前预约，根本就不知道，没预约根本就不让进。除了卖商品的门都开，其它的门最多开三分之一。实在是太差了。,,,,,,故宫差评
班扎老刘,1分,不佳,,,,我想骂你们这个网上预约的设计，XXX！但也忍了。就买张门票，就找不到购买的提示。全是各种套餐推荐！,,,,,,故宫差评
_WeCh****124741,1分,不佳,景色4,趣味1,性价比1,"真的很**，买了两张票，家人有事去不了，我想退掉家里人的票也退不了，要不两张都退，打电话给客服说退票，说我的其中一张票已经核验了，剩下的一张就不能退了，需要到退票处去登记，可我已经进景区了，要是再出去我不就不能入园了？而且故宫出口离售票处那么远？真的很无语??
订单退换本来就不合理，居然不能单独退一张票！",,,,,,故宫差评
M25****5422,1分,不佳,景色1,趣味1,性价比1,有俩个馆没去 不给我退差价,,,,,,故宫差评
_zx404****207666,1分,不佳,景色4,趣味1,性价比2,导游毫无文化底蕴，连对故宫基本的了解都不具备！,,,,,,故宫差评
M21****001,2分,一般,景色3,趣味2,性价比2,来北京最值得去的景点就是天安门和故宫了，今天一早看了升旗仪式然后参观了故宫，结果故宫让我挺失望的，虽然今天人不多拍照还不错，但是从一进门开始所有的大殿全都不开门，看都没法看。转了一圈只能看建筑和城墙还有些小馆，来了就是冲各个大殿来的结果一个都看不着，围起来没关系，门都关着看都没法看，真的是感觉自己白来了一趟,,,,,,故宫差评
M49****9748,1分,不佳,景色1,趣味1,性价比1,去买的六十块钱的票，珍藏馆和钟表馆没进去说到点下班了，钱说给退也没给退两个人的，四十块钱白花了,,,,,,故宫差评
yesinan・叶思男,2分,一般,景色3,趣味1,性价比1,也就那么回事,,,,,,故宫差评
_WeCh****738597,1分,不佳,景色1,趣味1,性价比1,能看的太少，去看敦煌展还没看成，预约人满，太失望了。,,,,,,故宫差评
M50****733,2分,一般,景色2,趣味2,性价比2,600年故宫，确实不同凡响，很有历史的沉淀感,,,,,,故宫差评
,1分,不佳,景色1,趣味1,性价比1,选错时间了，没用上,,,,,,故宫差评
,1分,不佳,景色1,趣味1,性价比1,这个链接存在很多漏洞，集合点和详情中有出入，价位比别的平台高百元，人也比详情中多，大家慎入。,,,,,,故宫差评
M44****3081,1分,不佳,景色1,趣味1,性价比1,体验非常差！ 本来就想买张故宫门票进去走走就好了， 结果非得和珍宝馆和钟表馆绑在一起卖， 吃相真难看； 珍宝馆和钟表馆没有秩序， 游客素质差， 好几次我正在观赏就被别人粗鲁的挤到一边去了， 就像地铁先下后上， 下车的乘客总是被上车的乘客疯狂的挤的下不来那种窘迫， 还有就是讨厌景区有随地吐痰的现象， 也没见工作人员及时消毒处理。 发达国家看不起国人不是没有道理的， 唉……,,,,,,故宫差评
,1分,不佳,景色1,趣味1,性价比1,好多地方看不了,,,,,,故宫差评
,1分,不佳,景色5,趣味1,性价比1,故宫是没有问题的。就是导游不行。都讲的啥玩意啊。该讲的不讲。该去的不去。体验感太差了,,,,,,故宫差评
,1分,不佳,景色5,趣味5,性价比1,携程差到极点，我本来定的是门票+珍宝馆+钟表馆+讲解，没想到珍宝馆门票压根就没给出票，我到珍宝馆门口已经16:00了，珍宝馆16:10就停止进馆了，我不知道你们携程是在干什么，一天的好心情全没了！,,,,,,故宫差评
,1分,不佳,景色1,趣味1,性价比1,**，捆绑销售，一个人退款，整个团队都要全部退。不然没法退，那国庆节门票那么紧俏，退了注定就买不到了啊？一个人不去，全部人都不能去了吗？当天去故宫，不去的那个人的门票必须是要退了才可以入园，故宫已经把门票退给携程，叫我们回来找携程退款，可是迟迟不给退款，**。,,,,,,故宫差评
,1分,不佳,景色1,趣味1,性价比1,非常差 根本没见到人 不知道怎么退钱,,,,,,故宫差评
,1分,不佳,景色1,趣味1,性价比1,"太差劲，非常差劲
不是官方提供租赁，取车还车等了很久很久，才有人来送车。
冒着大雨一直等，建议大家去故宫现场租赁官方的",,,,,,故宫差评
M34****6416,1分,不佳,景色1,趣味1,性价比1,导游态度太差，**至极，因为我们是三大人带三个孩子出游，一个七岁，一个12岁，一个两岁，因为国庆票不好定，只买到了三个成人带讲解，还有孩子的票没买到，是现场好不容易补上的，导游态度很差，告知我们没买讲解票不能跟着他听他讲解，否则对其他游客不公平，ok，那么我们就跟不跟，把耳机让给了我们俩孩子，随后我们带我们两岁孩子就没跟团，随后孩子和老人跟我们说，十几个人的团变成了三十多人，将近一半的都是没付钱就跟着听了，唯独我们付钱跟团的反而让他防贼一样，解说时故意压低声音怕我们听到！！！真的是太无语,,,,,,故宫差评
军歌嘹亮841017,1分,不佳,景色1,趣味1,性价比1,付了费没有享受到讲解,,,,,,故宫差评
M14****588,1分,不佳,景色1,趣味1,性价比1,值得再去参观,,,,,,故宫差评
133****5000,1分,不佳,景色5,趣味5,性价比1,携程服务质量和态度非常差,,,,,,故宫差评
_WeCh****90090,2分,一般,景色5,趣味2,性价比2,买票时无法单独购买故宫门票，买了故宫和珍宝馆联票，但最后还是没去成，给导游点赞！,,,,,,故宫差评
_WeCh****90090,2分,一般,景色5,趣味1,性价比5,故宫，（首都）帝都必打卡之地，有大国之气势，宏伟壮观，为大国工匠点赞，但是部分北京人、首都人的素质有待提高，毕竟你们有代表性，代表整个北京甚至整个中国的形象，我带了小孩不方便，要点开水，好几处、好几次楞是没要上……,,,,,,故宫差评
jamesyuan01,1分,不佳,景色1,趣味1,性价比1,买的导游票，结果没享受到，还不给退差价,,,,,,故宫差评
希普卡张仪,1分,不佳,景色1,趣味1,性价比1,不能单独买故宫门票，必须包括珍宝馆之类的票，而且不能部分退票，差劲,,,,,,故宫差评
_WeCh****74800,2分,一般,景色5,趣味5,性价比1,为啥没有直接大门票 非得捆绑，不好,,,,,,故宫差评
老高7,1分,不佳,景色1,趣味1,性价比1,讲解一般，不热情，未主动联系和引导,,,,,,故宫差评
_WeCh****74620,1分,不佳,景色5,趣味1,性价比2,所有东西都用围栏围的很远啥也看不到，很差劲，跟以前不一样,,,,,,故宫差评
158****4992,1分,不佳,景色2,趣味1,性价比1,非常差，讲解就是滑水的，一个小时第一道门都没走，火气大，果断耳机还给他们提前退出了，到哪投诉他们合适呢,,,,,,故宫差评
M33****2725,1分,不佳,景色5,趣味1,性价比3,？:一1:‘。rI，。→r、`！:?， ??????????，？I。4,,,,,,故宫差评
繁星云梦,1分,不佳,景色1,趣味1,性价比1,礼品质量很差 丢人,,,,,,故宫差评
_WeCh****598998,2分,一般,景色4,趣味3,性价比3,入场时候是下午3点多，珍宝馆和钟表馆在4:10就不能进入了，但是产品说明并没有写，当转到这两个馆时，已经不能入场了，回来退款，又被拒绝。两个人白损失40块。产品设置很有问题,,,,,,故宫差评
M37****6714,2分,一般,景色5,趣味4,性价比3,我花了30块钱订了钟表馆和珍宝馆，可是有一个没进去，还不退我五块钱,,,,,,故宫差评
118****899,1分,不佳,景色1,趣味1,性价比1,这是骗子，订了票没有票还不退钱。,,,,,,故宫差评
M50****733,2分,一般,景色3,趣味2,性价比2,600年伟大的故宫，一座伟大的建筑，也是一种伟大的传承！,,,,,,故宫差评
_WeCh****742692,1分,不佳,景色1,趣味1,性价比1,买个普通票真费劲，太利益化了。,,,,,,故宫差评
M14****751,1分,不佳,景色1,趣味1,性价比1,没用的票不给退,,,,,,故宫差评
M13****294,1分,不佳,景色1,趣味1,性价比1,导游给你扔到午门就进不来了，等了一个小时，每隔十几分钟给导游打电话都说在检票在排队，最后给你拼个团，大太阳底下的，你等导游行，导游等你一个小时你看他干不,,,,,,故宫差评
阿宝susan,2分,一般,,,,之前去过，还像这几天去看看故宫，网上订下票只有老人票,,,,,,故宫差评
诺森伯兰唐赛儿,2分,一般,景色2,趣味1,性价比1,"1. 我是看了一些所谓的故宫游攻略说是不能带童车，其实进来了才发现是可以带童车的！
2. 我本以为在携程网上定童车应该是会有一个固定的地方领车和还车，结果是一个私人推着车送到预检处，然后还车的时候是在故宫外面一个车站！！
3. 所谓的童车就是那种最简易的那种三角架子那种车，大孩子么做不进去，小孩子么做不稳！！！
总结就是：携程也会**！！！！",,,,,,故宫差评
189****2333,1分,不佳,景色5,趣味1,性价比1,我在携程下的订单，然后是大内御讲的，今天早上导游也不联系我，一天也没有联系我们两人的订单。我出行前一天晚上多问一句还不耐心，然后没有联系好嘛，早上8点过打电话也没有接，北京人真的就是这样的了不起嘛，你们在这里还不是挣全国人民的钱。,,,,,,故宫差评
M47****9326,1分,不佳,景色5,趣味3,性价比1,值得去 订票系统太垃圾了？全是跟团的和套餐,,,,,,故宫差评
M47****2906,1分,不佳,景色1,趣味1,性价比1,提前十天早上八点开始可以预约门票，但是每次八点打开就没有了，在其他网上198就可以买到当天的票，感觉没有点特殊渠道根本就买不上，中国的旅游业真的需要整治了！普通人想看个自己国家的景点都这么难,,,,,,故宫差评
qiuhd,1分,不佳,景色1,趣味1,性价比1,在古宫内，因为古宫票没买到，所以进不去，却又不能退款，坑人,,,,,,故宫差评
136****5703,1分,不佳,景色1,趣味1,性价比1,订单被取消后，近二十天才退款，期间连打三个电话无果！！,,,,,,故宫差评
M25****3894,2分,一般,,,,故宫门票可以包含一起好些，这样太不方便,,,,,,故宫差评
138****6191,1分,不佳,,,,为什么都是捆绑消费。我们就简单的买张门票，都不可以。,,,,,,故宫差评
_WeCh****633188,1分,不佳,景色1,趣味1,性价比1,都什么好评，故宫现在还能玩？票都预约不到。故宫都被黄牛吵成啥样了，我真的是醉了,,,,,,故宫差评
189****1929,1分,不佳,景色5,趣味1,性价比1,不知道为啥非要强制导游服务，说实话导游服务真不咋样，完全不太顾及带小朋友和老人的，说是老年精品导游，其实也就是***点，完全没啥特别的，最后还是自己瞎逛，慢慢的按照自己的节奏来，故宫门票这么强制搭配销售真是很奇怪,,,,,,故宫差评
134****5673,2分,一般,景色2,趣味2,性价比2,不喜欢这个被夸大的古老建筑，孩子不知道喜欢否,,,,,,故宫差评
M28****8986,1分,不佳,景色1,趣味1,性价比1,很搞笑我预订了3张票1，不知道携程怎么给分成2家旅游公司，相当于我和孩子是分开的，首先导游说话语气不好，虽然说有些规定没法改变，但是导游说话就不能语气好点了吗，说好的8.40到，9点准时到硬是被磨蹭的客人拖到9.16才排队进去故宫，我内心焦虑的直奔孩子，还好孩子的那边导游很给力，很关照我家2和孩子，故宫其实还是有必要的去逛逛，毕竟是那么多的皇帝的佳作,,,,,,故宫差评
M33****4160,2分,一般,景色5,趣味1,性价比1,这个团太差了，导游前一晚发信息说早上8点不到就要取消资格，我们带2小孩6点多起床，7点半就到了，结果9点20左右才进安检，等了约2小时。买票时写为精品小团，结果有50多人。,,,,,,故宫差评
M27****260,1分,不佳,景色3,趣味3,性价比3,携程你们干事应该动动脑子，我们家庭出游，两个大人带了一个孩子，你把我们分到两个团队里去，孩子还是单独一个团队，进故宫，订好是13点进，大人的团13点准时进了，孩子的团13点30分都没有进，进去后连孩子的团都找不到，白买了个讲解的票，导游态度实在是差劲的没法讲，牛的不得了，还不如自己去租讲解器，非常的不愉快，差评差评！！！！！！,,,,,,故宫差评
M48****2376,1分,不佳,景色1,趣味1,性价比1,买错了，不给退,,,,,,故宫差评
118****571,1分,不佳,景色1,趣味1,性价比1,说的是十二点，结果要将近两点才能进。体验太差，等了两个小时。组织非常混乱。差评,,,,,,故宫差评
老王大侠666,1分,不佳,景色1,趣味1,性价比1,"我要差评的是儿童推车服务，首先我预定了儿童推车，由于行程有变，所以没有使用。说晚上8点前没有使用可以退钱给我。但是，我在早11点提交退款，系统直接提交订单已完成，没有退我一毛钱。差评。
要预定儿童推车的家长可一定要注意。
故宫改期去了，非常棒。值得一去，",,,,,,故宫差评
M29****3096,1分,不佳,,,,不会用，没看到门票订购，携程怎么变成这样了！,,,,,,故宫差评
_M13****9266,1分,不佳,景色4,趣味1,性价比1,本来1点的团，我们11点多到集合到现在都没有进去，这么热的天干等，也不知道什么时候来，不推荐，特别占时间，也特别不愉快，没有进故宫已经没情绪和体力，孩子已经要中暑了,,,,,,故宫差评
200****900,1分,不佳,景色4,趣味3,性价比1,"组织得实在太差，通知大家11:30在观众服务中心集合，还说迟到了票就做废。
大家在那里等了一点多还没拿到票，就在那干等！！！",,,,,,故宫差评
M47****4052,1分,不佳,景色5,趣味5,性价比1,中午11点半就到了集合地点，中午1点都没有进去，无语,,,,,,故宫差评
M45****669,1分,不佳,景色5,趣味1,性价比1,单独退票不给退，不退故宫进不去，检票口等了一个多小时，真是无语,,,,,,故宫差评
134****5673,2分,一般,景色2,趣味2,性价比2,真心不喜欢这地，徒有虚名，看了太沉重，少去为妙,,,,,,故宫差评
一路有你陪伴，快乐就好,2分,一般,景色4,趣味5,性价比4,为啥都是些套餐，我就想买门票。,,,,,,故宫差评
M19****564,2分,一般,景色2,趣味2,性价比2,七月初去的，太热了，请了讲解员讲解，讲的一般，比较笼统应该是能偷懒就偷懒了，两个半小时，讲的东西不多，350大洋，想请的可以考虑。中间还带去买东西。所有的殿都围着根本不能近距离看。珍宝馆的东西也不是很多，就看个热闹。准确的说就是在故宫院子里溜达一圈。,,,,,,故宫差评
M28****5633,1分,不佳,景色1,趣味1,性价比1,呵呵，不建议,,,,,,故宫差评
M26****1310,1分,不佳,,,,门票刚0点就卖完了……这么快吗,,,,,,故宫差评
M41****224,1分,不佳,,,,为何故宫门票要129元，网上不是说60元吗？,,,,,,故宫差评
M47****9993,1分,不佳,,,,好不容易带父母来一次北京！却定不到票,,,,,,故宫差评
M47****5908,1分,不佳,景色4,趣味4,性价比1,现在故宫这么难进？预定票都要排到8天以后了？我小时候玩故宫随去随买票，现在轮到我小孩想进去看看还进不去了，真是天壤之别啊。,,,,,,故宫差评
M44****578,1分,不佳,,,,一直在携程上订酒店，机票，景区门票，结果这一次太失望了，6月20时候，就在关注故宫门票，一直显示停业7月2号开园，以为要到7月2号才能订票，打客服电话也说不太清楚，现在根本定不了故宫门票，没票了，7月4号就要返程，去一趟，北京竟然没去故宫。那么相信携程，没在其他地方看过故宫的票。第一次对携程那么失望。,,,,,,故宫差评
M22****0234,1分,不佳,景色4,趣味2,性价比1,7岁以下不需要门票还给买上票,,,,,,故宫差评
M46****1885,1分,不佳,景色1,趣味1,性价比1,太和殿等稍微有名点的地方都不让进，除了进店消费，只能在大街上转转挨大太阳晒，租的讲解器断断续续听不了，还不如百度百科。故宫算是国内有名的景点了就这水平？景色一般，可玩性低，性价比低，有待改进，,,,,,,故宫差评
徐丢丢,1分,不佳,景色4,趣味4,性价比3,到了现场，窗口人员要求我退票，因为孩子年龄无需购票，我当即点击退票，以往退票都是马上成功的，哪天反应特别慢，我就拨打客服电话了，打了两个，第一个说加急处理，第二个复杂了不得了，一会问这个一会问那个，天气本来九热，令人很暴躁，等我已经进去了，才回拨电话说我验证了，不能退了，我难道在门外等你吗？身份证就压在窗口吗？窗口人都说，今天的退票效率真低,,,,,,故宫差评
ytkfj,2分,一般,景色2,趣味2,性价比1,所有宫殿门前都做了隔离，只能看宫殿建筑，宫殿内部根本看不到。,,,,,,故宫差评
M25****4796,2分,一般,景色5,趣味2,性价比2,导游讲的不流畅，感觉有点赶时间。,,,,,,故宫差评
M60****740,1分,不佳,景色1,趣味1,性价比1,垃圾景点，不能现场买票也不说声，就算不说，可不可以在网上预约当天的票，害我大老远白跑一趟，呸,,,,,,故宫差评
渐远还生,1分,不佳,景色3,趣味1,性价比1,我就不明白为啥买了票还要先预检 再进去验票 这样做的目的是啥 提高进去故宫的门槛？本来人就多，还搞这么多程序，服了，反正我听到要预检激活直接走人，不看也罢，中间实在是浪费太多体力了，再也没有精力又去排一次队去预检，反正这次给我的体验感很差，故宫没进去，以后来北京也不会再想进去了。,,,,,,故宫差评
D50****75,1分,不佳,景色3,趣味3,性价比1,如今什么都可以人脸识别，一次就作决的事，进门前还要排队激活，再验票，这不是故意设置门槛折磨人吗？让人有待改进，反复排队，北京的服务精神、便民意识太差了！,,,,,,故宫差评
M18****944,1分,不佳,景色3,趣味3,性价比1,性价比低，,,,,,,故宫差评
Nick小天,2分,一般,景色1,趣味1,性价比1,真的搞笑 去个故宫3次安检....手持扫描 全身扫描 搜身 开包 摸口袋 ...体验感极差，像个犯人。光安检排队就浪费了大量体力精力，进去后没逛多少时间就开始赶人走了，保安把自己当总管似的拿游客不知道方向这件事来教训下面人应该怎么赶人离开故宫，让他们多学着，真的是**到了,,,,,,故宫差评
第一笨笨,1分,不佳,景色5,趣味5,性价比5,导游太坑人，前一天打电话告诉提前到，结果第二天磨蹭到9.30才开始进去，一直在午门等，需要找个靠谱准时的导游,,,,,,故宫差评
151****7505,2分,一般,景色5,趣味3,性价比3,导游大致带了半圈，东六宫看了4个，西六宫和后边都没看，简单的走了走！导游一般般吧,,,,,,故宫差评
??新??,2分,一般,,,,就在北京呆4天这没票……遗憾，太机械化……,,,,,,故宫差评
Six六6,2分,一般,景色3,趣味3,性价比1,去过多次故宫，唯有这一次最糟心，每个宫殿靠近的距离又拉远了，而且赶上大部分宫殿维护参观不了,,,,,,故宫差评
E07****89,1分,不佳,景色5,趣味5,性价比1,实在不敢相信这次旅行会出现这样的情况！我一直都是在携程上订票，我本来订的5月9号的门票显示预订成功，然后8号打电话告诉我票没买到，10号闭馆！只能改到11号早上9点，因为我带两个老人出游，11号晚上的飞机回，所以就说可以，然后11号到了故宫打电话打话打不通！气死个人，相当于我花了五百多元就买了个门票进故宫！然后一点过给我打电话问我是不是下午游故宫，我已经游出来了，携程以后这样的合作伙伴还是不要有了,,,,,,故宫差评
M47****5202,1分,不佳,景色1,趣味1,性价比1,可玩性低，性价比低，有待改进，,,,,,,故宫差评
205****337,1分,不佳,景色1,趣味1,性价比1,太差的体验了，预订了6个人的故宫门票，由于其中两人行程有变，不去了，提前就在线联系可否退票，回答是不行，到了故宫检票，说要退了 不去的门票，其余人才能进去，我去，电话联系携程供应商，后来给个供应商手机号码都是说不行，非得北京故宫检票还是哪的 怎么的 联系上携程，才电话说可以退，但是扣退票费一人10元，真是气的肝疼，投诉到底，要求携程赔偿精神损失费！！,,,,,,故宫差评
_WeCh****839530,1分,不佳,景色1,趣味1,性价比1,没领到，故宫里面而且很便宜，只有10块钱一份,,,,,,故宫差评
_FL3****9009,2分,一般,景色3,趣味2,性价比2,导游讲解一定等多人才开始，我们在门口等了足足半小时才开始。一进门后，没位置做，就等讲解半小时都不走一走。,,,,,,故宫差评
网123456789,1分,不佳,景色1,趣味1,性价比1,根本找不到人 电话也打不通 差评！！！！！！所以也没进去 没玩上,,,,,,故宫差评
甘先生,1分,不佳,,,,为什么要强迫购买那么多东西才能有门票,,,,,,故宫差评
M45****2393,1分,不佳,景色1,趣味1,性价比1,怎么预约故宫博物院门票，谁能指点一下,,,,,,故宫差评
桃花依旧笑春风,1分,不佳,景色1,趣味1,性价比1,没有接到导游电话，全程无导游！性价比低，可玩性低，有待改进，,,,,,,故宫差评
_CFT01****6225425,1分,不佳,景色1,趣味1,性价比1,"票务系统都弄不好
还谈什么5A",,,,,,故宫差评
M28****9704,1分,不佳,,,,为什么不能光卖门票，非要带个讲解加价，捆绑销售有意思？,,,,,,故宫差评
M54****020,2分,一般,景色2,趣味2,性价比2,第一个房间窗户坏了，没法修，换了2个房间，第一个刚装修完，味道特别大，第二个下水道声音特别大，总之性价比很差，朋友反馈非常不好，下次不会再住,,,,,,故宫差评
M-@-^O^,2分,一般,景色5,趣味3,性价比3,导游没找到，i馆也不知在哪,,,,,,故宫差评
M33****653,1分,不佳,景色5,趣味1,性价比1,太坑人了，通过故宫门票预约官网进来的携程网，半夜十二点起来预约门票，支付成功，支付成功！！！！原来不是你抢到了支付了就是成功了，她会在第二天当你把酒店车票都定好了告诉你，故宫没票了！！！太坑人了吧，这是在干嘛？！确定是在买门票，散客不愿意接待吗？？？,,,,,,故宫差评
M63****38,1分,不佳,景色5,趣味1,性价比1,60岁以上的老年人是可以买半价优惠票的，可是网上只能买全票，到售票口服务人员说网上给退，到现在也没有退，为什么？,,,,,,故宫差评
M42****2288,1分,不佳,景色4,趣味3,性价比1,垃圾套餐导游也找不着真牛性价比低，,,,,,,故宫差评
M31****5078,1分,不佳,景色1,趣味1,性价比1,性价比低，,,,,,,故宫差评
M29****2290,1分,不佳,景色5,趣味4,性价比5,商家太差劲，我订了四张票，其中两人去不了，要求必须整单全退。但人都在门口等着了，退了只能定明天的，最后打电话给退了两个人的，另外两人才能进去，扣了20元，也不知道师出何名。明明写的是年费退钱,,,,,,故宫差评
_wech****13666,2分,一般,景色2,趣味2,性价比3,"除了门票价格其他没啥好的，各位去北京的朋友及其不建议去天安门那边多此一举的安检，去过的自己体会吧，文创店里的东西死贵就是天价有钱人可以多买没有说的那么好，好评都是刷出来的吧，大部分景区都是一样在里头卖东西忽悠游客，休息区的椅子很脏从来不擦，不推荐去东西六宫基本都是一样的只能逛街院子压压路。有的区也不开没啥看的，有的神经病居然还能去5次，也就御花园还能待会，目前疫情期间检票繁琐至极还得排队，钟表馆，珍宝馆是单独门票，这是景区通病，叫博物院就是徒有虚名，这种文化共享文化惠民的东西就不该收票中票，算了别带水了游览完出去买吧，免得还得看安检脸色以为是危险品。两小时内基本就游览完了没必要在里头4个小时，相比较还是颐和园风景好
【性价比】",,,,,,故宫差评
M33****3747,1分,不佳,景色5,趣味5,性价比5,不推荐携程买票，退票不按规定，扣顾客费用。差差差,,,,,,故宫差评
武当有道,2分,一般,景色4,趣味3,性价比1,携程导游孩子：你讲的故宫故事很敬业、热心、专业，但是孩子，1.你咋不习惯举导游旗帜？爸妈给你的身材只有1.5米，不举导游旗帜游客咋知道你在那里；2.怎么不清点游客，可跟可不跟导游吗？3.我找你了N次，前几次找到了，后来跟丢了；4.在故宫后花园再听到你讲解器声音，但找不到你，孩子，讲解器放在神武门外路边了，我要赶飞机了，谢谢！孩子，当导游再认真一些、专业一些。,,,,,,故宫差评
M55****437,1分,不佳,景色1,趣味1,性价比1,误导消费者，建议携程取消其平台销售资格,,,,,,故宫差评
M48****358,1分,不佳,景色1,趣味1,性价比1,"继续吐槽
故宫门票价格40元，本产品“礼品票”价格40元，谁能想到这仅仅是扑克牌礼品？！！而且根本礼品也没地方领！！！一直在携程上买机票火车票酒店等旅游产品，这次上当被坑了",,,,,,故宫差评
M46****0609,1分,不佳,景色5,趣味4,性价比1,这公司骗人，联系不到客服，故宫怎么会和**公司合作？影响首都形象！,,,,,,故宫差评
M45****8286,1分,不佳,景色1,趣味1,性价比1,都没去领，以为是门票买的,,,,,,故宫差评
M44****8155,1分,不佳,景色1,趣味1,性价比1,就是骗人的根本就没有票,,,,,,故宫差评
M46****1577,1分,不佳,景色1,趣味1,性价比1,买的钟表馆和珍宝馆门票，查了一下，没出票都不让进。打客服没人接电话，白被坑40元，千万不要在这里买，太坑了,,,,,,故宫差评
M41****482,1分,不佳,景色1,趣味1,性价比1,不小心点错了，老子120元买了几个**，平台居然配合**商家做生意 ，退还要扣百分之50，一个字坑爹,,,,,,故宫差评
施甸商鞅,1分,不佳,景色1,趣味1,性价比4,保安 不会讲话 指导游客,,,,,,故宫差评
_M13****0131,2分,一般,景色4,趣味3,性价比3,导游因为个别人迟到推延了将近半个小时左右的出行集合时期，然后精品小团的游客人数太多。可玩性低，性价比低，有待改进，用户体验很差,,,,,,故宫差评
M18****848,1分,不佳,景色1,趣味1,性价比1,规则不合理，客服一推没用的话,,,,,,故宫差评
蒙圈皇后,1分,不佳,景色1,趣味1,性价比1,大概是我去过最差的景点没有之一！！！！全都是假佛像，这也就罢了，上山的步道两边都是坟头？？！！！景区居然开在坟头上？？？？大年夜的让人心里真不舒服！！能投诉吗？？劝大家不要来！！！！性价比低，,,,,,,故宫差评
E16****33,1分,不佳,景色1,趣味1,性价比1,讲的好烂，故宫相关知识都不讲，讲的七七八八不相关的，后来就脱团了，还不如自己看书，水平差,,,,,,故宫差评
M44****5472,1分,不佳,景色4,趣味4,性价比1,由于时间短没有去花钱购买的项目去游玩，***却退不了款，服务不到位，不合理需要改进！有待改进，,,,,,,故宫差评
M23****5639,1分,不佳,景色3,趣味3,性价比1,四点半关门，还没四点的时候就被工作人员赶了出来，也太坑我们了，我们排队进来就费了半天时间，还没到闭馆时间就被赶了出来，是不是太着急下班了，那怎么不把闭馆时间定在四点呢,,,,,,故宫差评
138****0127,1分,不佳,,,,携程太坑了！！！2020年10月8日预定成功了10月13日使用共6位去故宫的门票，携程系统上显示购买成功，但13号到故宫门口验票却只有4张票验票成功，还有2位老人的票却没有，当时我马上联系携程，被告知2位老人的票确实是没有，而且携程客服简单粗暴的说没办法解决门票，我再次致电给携程说我们一家专场从杭州飞来北京就是陪老人游览故宫长城的，当时不可能把2位老人留在故宫门外，我们和在携程上预定的陪同游览的讲解员联系了，当时只能买高价票，在购买前也再次致电携程告知了情况，然后不得不购买了高价票进故宫，高价票款是支付给北京一家旅行社的，有支付记录。之后我多次联系携程要求解决携程购票过错引起的赔偿，只要求携程赔偿购买高价故宫门票的钱，但至今未解决，携程给出的赔偿方案连1/4的票价都不够，最后一次致电给携程让他们把赔偿方案发书面的邮件告知我，我们准备通过法律手段来解决，但遗憾的是携程之后就杳无音讯了，连我当时在携程上购买的2张故宫门票的钱都没退回。希望大家知道携程这种对客户极度不负责任的行为！实在忍无可忍了！,,,,,,故宫差评
M22****0526,1分,不佳,景色2,趣味1,性价比1,说真的，第三次去故宫了，前两次都很好，这次的差感就在于故宫几个殿都在维修，护栏全部围着，有些还关闭了，说白了，你真能远看不能近看，原本里面的内饰可以到门口观看，现在不行，只能看外围，整个故宫客流稀稀拉拉。,,,,,,故宫差评
183****3722,1分,不佳,景色1,趣味1,性价比1,很一般，环境内容条件都差，不如去博物馆,,,,,,故宫差评
PumaCCC,1分,不佳,景色1,趣味1,性价比1,路线无法返回停车场,,,,,,故宫差评
320****017,1分,不佳,景色1,趣味1,性价比1,很安静，方便，经济,,,,,,故宫差评
_yt1****913,1分,不佳,景色1,趣味1,性价比1,误导消费者性价比低，,,,,,,故宫差评
巴布亚吕不韦,2分,一般,景色4,趣味3,性价比1,和朋友一起去的，到了故宫就跟着导游讲解逛了半天，然后就到了闭馆时间，珍宝馆和钟表馆都没时间去了，没去的馆票也退不了，同团的伙伴在公众号买的票，没去的馆都给退钱了，为什么携程不可以呢？？感觉太亏了？性价比低，,,,,,,故宫差评
_M13****4912,1分,不佳,景色4,趣味3,性价比1,打电话给导游，没人接听，提前到了指定的地方也没有人理，白花了解说的钱。,,,,,,故宫差评
hhr_1485,2分,一般,景色2,趣味5,性价比2,人头不是攒动，而是不动，活脱脱给我挤成纸片，我问过当地人啥时候人少，当地人回答：大年初一……我方了，感觉自己出生偏远地区也挺好的。图片是截图，因为我的手没法拿上来拍照片……,,,,,,故宫差评
M58****048,2分,一般,景色4,趣味2,性价比2,展品太少，包括收费的珍宝馆。建筑物许多不许进去，只能外面看。性价比很低，不满意。,,,,,,故宫差评
M29****012,1分,不佳,景色1,趣味1,性价比1,这个哪是故宫门票，就是坑，搜索故宫门票，前面全部是这个什么礼品票，门票在最最底下，而且就算礼品票，哪礼品呢，说邮寄过去，几天了没看到,,,,,,故宫差评
翠屏鱼,1分,不佳,景色3,趣味1,性价比1,导游水平太差，前面站着废话讲了一大堆，到后面看时间来不及，珍宝馆前直接就把大家解散了。进了珍宝馆看着其他领队都在兢兢业业地带队讲解，和我们的比比，我们的导游就是个渣,,,,,,故宫差评
锦鲤附体啊,1分,不佳,景色5,趣味1,性价比1,故宫集合后导游登场，导游水平太一般，讲解较少，基本上没有什么趣味性。建议大家能报团的报团吧。性价比低，有待改进，,,,,,,故宫差评
M33****6650,1分,不佳,景色5,趣味1,性价比1,找不到讲解的人,,,,,,故宫差评
M42****0038,1分,不佳,景色4,趣味1,性价比1,性价比低，这个电子导游五星差评，从进到出我的耳机就没有讲过经典，这玩意可千万别买,,,,,,故宫差评
110****026,1分,不佳,景色1,趣味1,性价比1,导游讲解太差,,,,,,故宫差评
Kikko,1分,不佳,景色1,趣味1,性价比1,辣鸡 不是门票 误导人 千万别买,,,,,,故宫差评
幂悦儿,1分,不佳,景色4,趣味3,性价比1,网上买的票40 结果冒出个礼品图不是门票，还退不了 坑货,,,,,,故宫差评
M35****913,1分,不佳,景色5,趣味1,性价比1,【踩雷！！！千万不要买】秀才说导游的水平真的是一言难尽，最多看了几期上新了故宫就出来当导游了，自诩从业七年，真不知道这么长的从业时间都在干嘛。首先，写的是精品小团，事实上人非常多，预约了估计有50人，实际到场的都有40人左右；其次，导游的组织能力很差，导致场面一度混乱，出发时间也不准时，大冷天所有游客只能在寒风中苦等，不少人还是带着孩子来的；性价比低，有待改进，可玩性低，再次，讲解没有条理，东拉西扯，想起一点讲一点，不知所云，自言自语、口头禅非常多，很嗦；最后，缺乏文化内涵，去珍宝馆的时候，给游客描述点翠工艺时，此处引用导游原话“你们进去就看那个蓝鸟毛就行了”我真是惊呆了。不期望导游带着一腔对故宫和传统文化的热爱进行讲解，也不能如此敷衍游客吧……建议租赁故宫宣教（官方）的讲解器或聘请官方讲解员，这个野鸡讲解真的不值得付出时间和金钱。,,,,,,故宫差评
_WeCh****085422,1分,不佳,,,,买的票，星期一不开放，也不退票,,,,,,故宫差评
M41****057,2分,一般,景色2,趣味2,性价比1,百闻不如一见，见了不如不见，别去,,,,,,故宫差评
阿伊A1,1分,不佳,景色5,趣味3,性价比3,只能网上预约售票而且当天退票也不放票,,,,,,故宫差评
186****2097,1分,不佳,,,,昨天晚上8点在携程预定了故宫门票，和同学说要去故宫玩，同学说一起约着去吧，同学在故宫官网预定了门票，还提醒我最好去官网预定，由于已经付款预定成功就没听，结果真是不靠谱，半夜11点给我发信息说没预定成功，立马去官网查看发现没有票了，导致我们约的计划因为我而变化。提醒大家最好不要在携程预定，浪费金钱和时间，拖延着时间买成功了让你以为订了，结果拖延着时间等到官网也没票了告诉你没预定成功。搞笑不，这么大商家不是欺负消费者嘛？要是没预定成功就不让买不让选那个日期，我们还能知道去其他途径买，这样拖延着时间告诉你买成功了其实各个渠道卖完了说没成功。关键当时买的时候官网是有票的，这样谁还敢用携程？,,,,,,故宫差评
M25****4436,1分,不佳,景色1,趣味1,性价比1,根本买不到票的破软件，浪费时间，买不到早说啊,,,,,,故宫差评
M31****7833,1分,不佳,,,,皇帝的老城，一条一条砖头，一块一块水泥,,,,,,故宫差评
雁归北,2分,一般,景色2,趣味2,性价比2,"1、北京的故宫游玩体验感比西安的华清池、兵马俑差很多，只让看墙，不让看里面陈设。西安的都可以进里面去观看陈设，知道大概是什么情况。
2、自助电子讲解器，建议大家不要购买，真心无用。走到下个景点，才开始说上个宫殿的解说。
3、整个游玩的体验感还是差很多，比起古都西安的游玩体验感差很多。好好的宫殿要不改成商店，要不不让人看，要不就是卖字画的。根本无法真正观看明清代皇朝的摆设历史感。",,,,,,故宫差评
M23****4485,2分,一般,景色5,趣味2,性价比3,还要排队激活，很烦人，这个排队买票没区别,,,,,,故宫差评
M30****9795,1分,不佳,景色3,趣味3,性价比2,景色一般，,,,,,,故宫差评
M44****0235,1分,不佳,景色1,趣味1,性价比1,导览钱白花啦！骗人的～到这不认，还得花钱自己再买性价比低，,,,,,,故宫差评
一颗萌萌哒的人,1分,不佳,趣味1,,,要提前一天在网上才能买到票，凌晨买都不行，郁闷,,,,,,故宫差评
_WeCh****712877,1分,不佳,景色1,趣味1,性价比1,买完发现比**贵多了！讲解也是一般话 那么冷的天让我们坐外面凳子上很久 就是为了等我们给他写好评！应该是每个讲解员都这样的吧，不知道天多冷风多大吗？走马观花一圈 拍几张照片就算故宫去过了,,,,,,故宫差评
63****296,1分,不佳,景色5,趣味1,性价比1,为了完成小朋友故宫一日游的任务也为了一睹传说中的故宫风采，我提前一周订了VIP导游票。暑假里带着孩子游览颐和园+圆明园后认准了VIP导游，从品质到服务都是相当的棒！。前一天晚上，收到了导游先生的短信，要求我回电话。电话里提醒我准备健康宝，之后什么都没有。我想那肯定就是正常门口集合了，于是第二天中午12：40到了故宫门口，安检排队15分钟，走到午门15分钟，这期间给导游打电话说他已经带着队伍开始入园了，要我追赶他。到了午门才知道需要换票，望着长长的换票队伍， 20分钟之内排不到我们。我想说：故宫安检和换票以及走到午门这么多超长时间的预算，为何导游不提前提醒，VIP导游是吃白食的么！小朋友急的开始哭了，算了下排完队进去跑步找到导游估计要40-50分钟了，小朋友的作文肯定泡汤了，与其跑的上气不接下气听后几十分钟不如放弃吧，怪只怪自己遇到了无良导游，我要是知道这些前奏，我干嘛还找VIP导游，没天理啊。小朋友一直在掉眼泪，我的心也疼的厉害。VIP导游先生，您的导游证是买的么，起码的集合前提醒注意事项的职责您都不会么！后疫情时代，我们的生活质量就要差到这种程度了么，小朋友也能坑......,,,,,,故宫差评
_CFT0****5898,1分,不佳,景色1,趣味1,性价比1,"很不值的，直接自己买个自助耳机听解更方便
性价比低，有待改进，而且一直电话进来，讲解断断续续",,,,,,故宫差评
飞天小猪588,2分,一般,景色3,趣味3,性价比3,故宫门票必须提前预定，当天不卖票,,,,,,故宫差评
186****2345,1分,不佳,景色5,趣味4,性价比1,导游非常不专业，在到达后40分钟都没有提醒门票激活，导致无法跟团，游览失败,,,,,,故宫差评
恺楷而谈,1分,不佳,景色5,趣味5,性价比5,用携程很久了，第一次发现不靠谱，没有成功预约进园，整个行程被迫取消了，很可惜就这样错过了故宫600周年。对订单本身很不满意，虽然后期给了一定的赔付。,,,,,,故宫差评
六目狮,1分,不佳,景色1,趣味1,性价比1,"故宫，封起来的地方越来越多，服务越来越差。原以为换了新馆长会好很多。其实并没有。
中间的殿，围栏在台阶以下。地砖一片新一片旧，像补丁一样。
网上购票，到现场再排队激活。说是新冠，如何如何，结果，里面所有的展览馆都没有规划引导，人都挤成一片。工作人员抱着牌子躲得十万八千。
任何一处景点，工作人员吆五喝六的管的就是不要坐台阶。其他拥堵，一概不管。
故宫年年去，体会一年比一年差。新馆长的精力大概都在产品上。一堆照抄台湾和日本的文创。质量差，价格贵，做工粗糙，抄袭严重。
不知道该说啥。很失望。",,,,,,故宫差评
榴莲567,1分,不佳,景色3,趣味1,性价比1,导游非常不好，根本不管，我花这个导游费这是干什么？大家以后别花这个钱，导游根本不负责任，根本不管，没影了,,,,,,故宫差评
M29****9286,1分,不佳,景色3,趣味1,性价比1,不值一去，只看见人了，还就是排队，真心不怎么样,,,,,,故宫差评
M40****2572,1分,不佳,景色2,趣味2,性价比2,19号晚上8.40下单，20早上七点半就接到另外有事的通知，取消订单居然订单取消了钱却一分都没有退，问客服就是一句话看退改规则，去看结果是下单的时候就已经过了取消订单的时候了，所以提醒大家以后下单时注意，千万不要掉坑,,,,,,故宫差评
M40****0321,2分,一般,景色5,趣味3,性价比4,午门检票人员态度差，不耐烦，差评！哪有为大家服务的心态，应加强学习培训！窗口行业，真是太不应该了，而且还是整个国家的窗口！,,,,,,故宫差评
itraveleri,1分,不佳,景色1,趣味1,性价比1,"差劲，产品经理还有IT应该更改界面，把含讲解和不含讲解一并列出, 供消费者一目了然看清楚。你这样含讲解放第一，不含讲解放那么后面，谁看得见！！！这样会让消费以为贵司这款产品只有含讲解的选项，一点都不严谨。后面竟然还有不含讲解！难不成还怪消费者买东西没看清楚？坑！一人浪费49元，两人就是浪费98元！！！！！！不是所有人都喜欢扎堆！",,,,,,故宫差评
M27****4213,1分,不佳,景色1,趣味1,性价比1,携程有哪项条目写了故宫六百年展15：40后禁止入场？怎么，在消费者咨询工作人员都没得到具体时间的情况下，赶到午门底下入口处就告知不能入场了？工作人员说的短信通知是哪一条，携程上写的毕展时间在哪儿？店大欺客还能这样？单馆长用那么多心血把故宫好不容易发展好了，又被弄成现在这个狗样子？垃圾,,,,,,故宫差评
老脚,2分,一般,景色5,趣味2,性价比2,非常不专业,,,,,,故宫差评
E43****01,2分,一般,景色4,趣味2,性价比2,等待时间长，导游一直拖拖拉拉等迟到的客人，讲解水平一般，充其量算个领队，算不上讲解，更称不上精品,,,,,,故宫差评
汉堡包95,1分,不佳,景色5,趣味5,性价比1,两个一星不是给故宫的，是给导游的。哩嗦讲了一堆和故宫无关的知识，跟着他走玩不了几个地方，还不如跟着微故宫。性价比低，有待改进，弃团了！,,,,,,故宫差评
136****7786,1分,不佳,景色1,趣味1,性价比1,这就是个骗局，一堆链接点进去把票买了，临了告诉我不能去，让我自己换个地方买票，都知道故宫需要提前约，现在让我换时间，我能换得了吗？绝对差评,,,,,,故宫差评
_WeCh****80745,2分,一般,景色4,趣味2,性价比2,"故宫必须值得去，但这次的讲解很失望。野史太多，故事太多，参观进程缓慢，陆陆续续报名讲解的人都自由活动了……听劝的话，在进门的地方自己租一个讲解器，还挺方便的。走到哪讲到哪。
钟表馆，珍宝馆人很多。建议自己看好时间，可以现场购买那两个展厅的门票。",,,,,,故宫差评
M13****192,2分,一般,景色4,趣味1,性价比2,主要想吐槽讲解，号称资深讲解，一点专业知识没有，通篇是野史八卦，还有好多常识错误，什么台北故宫博物馆？靖难之役叫“建南之役”因为发生在建南？明朝要“立长不立贤”？团里有小孩的，人家报名资深讲解是想听点知识的，别误人子弟了好吗。后来实在听不下去了就自己拍照去了。,,,,,,故宫差评
Monster_Gu,1分,不佳,景色1,趣味1,性价比1,有特定的时间， 导游告知午门，但是对于第一次去的人时间把握不好的话就特别不合适， 我们当时不知道西华门跟东华门， 骑了单车后来发现进不去， 然后绕着故宫走一大圈， 因为之前有过其他地方的导游带领，有过对比就会发现这的导游就很不耐烦并且也不管你从哪来反正你要到达目的地就只能自己想办法，如果带着老人或者小孩子的不太推荐这个。如果小情侣的话 要么打车要么你自己提前一天去研究路线，这里的旅行社跟导游一言难尽吧。性价比低，可玩性低，建议大家还是去选择每半小时就一场的那种，千万不要选择固定时间的。,,,,,,故宫差评
M28****0101,1分,不佳,景色5,趣味5,性价比5,故宫买票为什么强行给予讲解呢。不要讲解不行吗。,,,,,,故宫差评
大妞,1分,不佳,景色5,趣味1,性价比1,导游很不耐烦，本以为收费80门票给了138应该服务好一些，结果导游根本没时间搭理，就一直浪费在等人上！最后直接放弃了，不跟团自己走走看了,,,,,,故宫差评
tinaa1989,2分,一般,景色5,趣味4,性价比2,理想与现实还是有差距啊，本来想着买个深度讲解票，能逛的更系统也更有趣。结果只逛了故宫的一半，钟表馆和珍宝馆也无讲解，全是自己瞎逛，和预期差距挺大，很失望。导游的服务态度是不错，但讲的一般，语速有点快，逻辑不是很清晰，还有些口误的地方。再就是钟表馆和珍宝馆现在展出的展品实在是不咋地，感觉好东西都收起来了不给看，单独买的这个票真不值，建议大家不要买联票了，尤其是钟表馆。性价比低，,,,,,,故宫差评
M41****9400,1分,不佳,景色3,趣味3,性价比3,退不了票，体验不佳，性价比低，景色一般，可玩性低，,,,,,,故宫差评
M52****824,1分,不佳,景色1,趣味1,性价比1,非常烂的体验，人没来齐不让进园，有人生病了没来就大家都没得进去了，这是什么一种旅游规定，乱来！,,,,,,故宫差评
M42****0107,2分,一般,景色2,趣味2,性价比2,体验不佳，太累了，走不动可玩性低，景色一般，,,,,,,故宫差评
lctdl,2分,一般,景色4,趣味2,性价比2,因为买的是入门加景区导游介绍加钟表馆的套票，看到是随时退，只是不支持部分退，以为是三种功能不能部分退，就订了两个人，结果爱人突然有事去不了了，商量退一个人就遇到了麻烦，后经携程协调给退了一个人，本应该感谢和好评的，但供应商没有把我爱人的门票退掉，结果入故宫门遇到麻烦，现场打电话给供应商，两个电话都不接，后来找携程，才联系上供应商把票退了，在故宫入口等了一个多小时，但愿不是供应商有意折腾我，另外，门票预订后，联系携程也很困难，没有人工接听。性价比低，体验不佳，可玩性低，好景色也没有心情看了。,,,,,,故宫差评
M51****466,1分,不佳,景色5,趣味5,性价比3,导游乱讲解，欺负外地游客不懂，回来一搜根本就不是这么回事，呵呵,,,,,,故宫差评
海夕小鱼儿,1分,不佳,景色3,趣味1,性价比1,导游水平太差，一路同行的好几个家庭听了没多久都自己退出了。切身体会，水平不行，讲解没有趣味性，耽误时间,,,,,,故宫差评
M42****2108,1分,不佳,景色5,趣味3,性价比1,本来以为只是套票，没想到给我们定的是团体票，不跟导游就没法进，导游自己在过检票口的时候出了问题，她的身份证和人对不上，我们一群游客就在里面等好久，半天等不到导游，到最后还是我们自己散了各玩各的。磨叽半天，体验感极差，出了这岔子还一点都没赔偿的意思，我花这钱买的是啥???,,,,,,故宫差评
九阿子,1分,不佳,景色1,趣味1,性价比1,垃圾酒店，人工差评,,,,,,故宫差评
太阳大头针,1分,不佳,景色1,趣味1,性价比1,"我提前14天预订成功的故宫门票，当我和孩子千里迢迢赶到北京，按照预订时间早上赶到故宫门口，却被告知门票被取消了，而服务态度极差，当事人不解决实际的问题，相关负责人也只是推委！
体验不佳，极差",,,,,,故宫差评
M54****948,1分,不佳,,,,网上订票老人就别去了，好多老人都止步了！,,,,,,故宫差评
_WeCh****440754,1分,不佳,景色5,趣味5,性价比1,差评送给携程的代理，我买两张成人票，其中一个联系人按照我原来买机票的信息点选的，自动选定了护照号，他们代理系统问题出成了老人票，还要自己去票务补差价，十一期间害我绕着宫门跑来跑去，排队自己现场解决，搞了快2个小时才进去。很是无语和体验不佳，生气。。。,,,,,,故宫差评
M22****2764,1分,不佳,景色1,趣味1,性价比1,十多天前预订成功了，商家出行前一天取消，赔偿未果，大家不要在携程订,,,,,,故宫差评
m25****0231,1分,不佳,景色1,趣味1,性价比1,"拜携程所赐，非常非常差劲的一次体验！！！
9月23号就出票成功了，结果10月4号突然通知没有帮小孩买到故宫票，4号5号游玩的心情都被影响了，打了无数个电话督促携程尽快处理，此处省略一万字，结果在告知已经处理成功的情况下6号入故宫参观还是被拦住了，不得已再次打了N多个电话催促携程尽快处理，最后等处理完进去故宫比原计划延迟了两小时，等找到导游都十点半了，勉强玩了不到两小时就出来了…十一专门带小孩来北京来故宫参观，结果因为携程不靠谱的服务，两家人的体验太差了，游玩的心情也被影响了，实在是糟透了！以上都是客观事实，我将保留所有证据向相关部门逐个投诉，维护一名消费者最基本的权益！",,,,,,故宫差评
138****6845,2分,一般,景色5,趣味3,性价比3,"体验不佳，景色非常不错，但导游讲解太差了。
这是故宫大部分开放后我第2次来，因为上一次是将近一年前，讲解讲的非常好，令我留连往返，回家关注了公众号进一步补盲，一般不看综艺的我基本全程追下了《上新了故宫》，觉得真的要再来一次。
于是十一假期满怀期待的带着老人孩子都来了！门票加讲解就一共700多，但我预感很值。结果呢？运气太差被安排的导游是50多岁的阿姨，强调一下我决不是年龄和性别歧视！只是想为了促进讲解平台的更高质量说一下导游特征。她全程没有重点，到了殿门不讲相关的历史故事，讲自己的感受，自己的经历！讲魏忠贤讲了全程的乾清宫和交泰殿，还没走坤宁宫，先带我们去了延喜宫，问题是水晶宫讲的一团乱，和主宫的关系是啥？老人一头雾水根本听不下去了，真假皇帝没讲，婆婆都被别的团吸引了！
没有对比就没有伤害，我实在听不下去了！
老公本来听我说的也很期待，没有对比的情况他说：必须再来听一次。，
把这些说出来只是本着负责任的态度，导游的名字和姓氏我都不说了，其实态度是很好闲暇时我们也聊的很好，但，真的不专业，她说她疫情之前是做南极导游的。所以希望平台在选导游时也能够对游客负责，做好足够的培训，谢谢。",,,,,,故宫差评
na****jun,1分,不佳,景色5,趣味1,性价比1,如果你受得了你参观的前一天晚上通知你门票没给订上，你就在携程上订吧！！！切记，一定要直接上官微订故宫门票，讲解什么的真的不重要。,,,,,,故宫差评
205****161,1分,不佳,景色1,趣味1,性价比1,"携程作为一家知名旅行社，确认好的订单无法履行。


9月23日于携程上预订故宫的套票服务（门票+导游) ，并于当日收到携程发送的书面确认。


行程日期10月6日，携程于10月4日推翻书面确认，告知门票没有预订成功，造成一行三人无法参观故宫，对此次行程造成了严重影响和经济损失。


期间携程故意拖延，恶意欺瞒。
首先，携程没有能力预订，消费者完全可以在故宫官网自行**，但携程发送的虚假确认信息，导致消费者错过了**时间。第二，故宫提前10天抢票，10月6日的门票应于9月26日就已明确预订失败的结果，但携程没有履行及时告知义务，瞒骗消费者。


沟通协商的过程中，携程拿不出解决方案，没有契约精神，没有专业操守，店大欺客！",,,,,,故宫差评
sophiacat,1分,不佳,景色3,趣味1,性价比1,"导游极其不专业，
1 说好提前一天电话沟通，实际只是发一条微信，集合时间语焉不详
2 到现场等候超时半小时仍因人未到齐不能预检，询问说人未到齐全团不可入，与提前通知的不符
3 收走了所有人身份证，实际只需要三人身份证就能进入预检流程，导致所有人都要超时等候
4 9点入园，实际9点还在预检
体验不佳，性价比低，",,,,,,故宫差评
M96****44,1分,不佳,景色2,趣味1,性价比1,没有通知就乱改日期，整体体验真差，携程以前经常用，这次事情以后绝对不会再用！！！,,,,,,故宫差评
e10****25,1分,不佳,景色1,趣味1,性价比1,从杭州特别飞北京看故宫600年大展，特别提前订了10月4号的票，还立马出票确认出票成功。10月3号晚上临时单方面通知可能不能出行 是否接受理赔，我们立马拒绝不接受理赔一定要去故宫!客服说，那我向领导反应再回电话。结果一直等到晚上12点还没接到回复电话。10月4号我们一早起床去故宫排队到9点激活门票，结果被故宫工作人员告知没有我们的身份信息，于是立马沟通旅行社和携程，旅行社工作人员态度十分恶劣就说解决不了 进不去 没办法 你们去其他地方逛逛吧!!!?最可恨的是我们这么焦急他还一直嘻嘻哈哈讥笑我们，我都没反馈清楚他就把电话挂了!!!携程这边也是一直说通知领导，结果也是等了很久没下文!要没票取消票肯定要在我预定当天通知，等我来北京了安排机票住宿出发前一天临时通知是什么意思，而且接到通知明确说明不接受理赔，一定要去故宫游玩。后续就没有反馈，单方面替消费者做不合理的决定，故宫600年大展月底结束，外地人不可能随随便便来一趟，我的机票住宿开支谁来承担!!!人生能有几个600年!!!既然没票为什么当时确认订单成功?为什么临时通知?为什么没有反馈信息和电话?现在已经在故宫前焦急暴晒4小时!!!还没解决,,,,,,故宫差评
M28****3473,2分,一般,景色2,趣味2,性价比2,性价比低，体验不佳，,,,,,,故宫差评
131****5552,1分,不佳,景色1,趣味1,性价比1,特别差 我9.21预定10.3日票，确认短信已经收到，并且告知预定成功，十月二日晚八点左右来电话告诉我没定成功，只能退款，没其他解决办法，与客服沟通还是无法解决，本着省心选择预定，结果出现这样问题，还无法解决，真的太让人生气和失望了，希望以后吃一堑长一智，不要相信这类东西，来北京就是想看看故宫，你要说订不上就别告诉我已经预约成功，我还可以选择其他预约渠道，不到24小时你通知我没订上，是一个信誉平台办的事么，再不会相信平台、以及商家，投诉体验不佳，无果。望大家引以为戒。,,,,,,故宫差评
M22****048,1分,不佳,景色1,趣味1,性价比1,"客服89992服务态度太差,同样买168的门票别人有珍宝馆我那边不含。",,,,,,故宫差评
_WeCh****40097,1分,不佳,景色1,趣味1,性价比1,总体来说一个字差，疫情期间不能从天安门直接进去，要绕到后门再沿着湖边再到取票口，整整要走1.5公里路，去过一次不会去第二次，建筑物里面不给参观，你去只能拍照外观而已景色一般，,,,,,,故宫差评
忘不了你啊,2分,一般,景色5,趣味3,性价比2,疫情原因故宫人相对较少，所以体验还不错。下次一定要再来看一次。,,,,,,故宫差评
M32****6320,1分,不佳,景色1,趣味1,性价比1,大骗子，只能看房子外观，不能进去，我来看房子啦！,,,,,,故宫差评
_WeCh****307796,1分,不佳,景色5,趣味5,性价比1,这个票根本不含两馆，被坑了，去故宫一刷票发现票是三十元一个人，我买的是80一张，我可以理解中间商赚差价，但是钟表馆和珍宝馆都进不去，又在现场买的票才进去,,,,,,故宫差评
_WeCh****586418,1分,不佳,景色1,趣味1,性价比1,"【关于价格】
景区门票有点贵，对比了多家，最后在武吉美拉App买的，才花了19.9元！
还有游玩用的零食，纸巾，10包抽纸才4.9元啊，超划算有木有。
【关于体验】
走进天安门，过了端门，到达我们故宫的正门~午门，进入午门也就进入了紫禁城，过午门是内金水河和内金水桥，然后依次是太和门，太和殿，中和殿，保和殿，大石雕，如果想拍照人少请去两边，过了前三殿也就到了紫禁城的后宫门，乾清门，然后依次是乾清宫，交泰殿，坤宁宫，在然后右转进入东六宫，钟粹宫，承乾宫，景仁宫，延禧宫等游玩完毕走最右侧的阴阳路到九龙壁，然后走珍宝馆这条路到珍妃井截止出来后往左走一直走到西边到达漱芳斋往南则到西六宫，储秀宫，翊坤宫，永寿宫，蠡斯门，到武英殿再走到慈宁宫，养心殿，然后走到遵义门一直往北走到御花园游玩，最后中轴线神武门出紫禁城(故宫博物院)可能有部分写的不是特别全，但是足够您在故宫游览3~5小时了，主要看个人体力哦~",,,,,,故宫差评
M22****960,1分,不佳,景色1,趣味1,性价比1,名过其实…不值得一去系列榜首！内殿都不能进，还隔离很远，黑乎乎的啥也看不见，工作人员保安在里面乘凉。不会再去。也建议大家不去…既然不让进去那还去干嘛？！等没人去了关门彻底保护起来也好，工作人员也不需要了。,,,,,,故宫差评
M11****318,1分,不佳,,,,为什么非要加讲解？强买强卖？差评！,,,,,,故宫差评
M43****733,1分,不佳,景色1,趣味1,性价比1,语音讲解费8元，景点不认可，所以白花钱了，公司应该退钱。,,,,,,故宫差评
M44****479,1分,不佳,景色4,趣味4,性价比1,故宫门票因为疫情限制每天限制人数，临时决定去官网已经没有票看中携程带人工讲解的产品有票，本身参观的过程还算愉快。但是，出游前一晚接到电话自称工作人员说没票了要我自行取消订单，找了携程客服确认又说订单状况正常明天能正常出行，怀疑携程或者代理方泄漏信息或者和别的机构有利益勾结，而且本来订票的时候订的是12:00场，没有任何通知就直接变更成1:00场，体验很差！,,,,,,故宫差评
_WeCh****923959,1分,不佳,景色5,趣味4,性价比1,故宫领解说器，故宫工作人员说他们没有这个服务，要跟平台沟通。平台没有端口解说，也无法退款！大家在购票的时候一定擦亮眼睛，携程一贯就是这个套路！,,,,,,故宫差评
_CFT01****3160249,2分,一般,景色3,趣味3,性价比3,都封锁不让看了,,,,,,故宫差评
_WeCh****14314,2分,一般,景色4,趣味4,性价比5,四点半就闭馆不让参观了，买的钟表馆票也没有参观，也不给退，不满意携程的服务,,,,,,故宫差评
M18****508,1分,不佳,景色5,趣味1,性价比1,进去只能走马观花体验不佳，,,,,,,故宫差评
M17****903,1分,不佳,景色5,趣味1,性价比1,电话联系等半天没见到导游，门票比官网贵,,,,,,故宫差评
288****839,2分,一般,景色2,趣味2,性价比2,单独买故宫票买不到次日的，必须要加上两个馆的才可以买到，结果进去后两个馆已经提前下班了,,,,,,故宫差评
M34****7290,1分,不佳,景色5,趣味1,性价比2,导游一直让给他评价，整个行程老是提给他评价，搞得整个活动都不舒服，携程这个工作也没做好，评价应该延后一天，再评价，当天评价所有导游都有这个问题，几乎所有导游都是让你当她面评价，让人很不愉快体验不佳，,,,,,,故宫差评
M42****8368,1分,不佳,景色1,趣味1,性价比1,一直以为自己是订的9月3日的故宫博物院门票，订单成功后携程没有任何短信信息，超过入园时间也没有任何提醒退订单。人为规定19点前必须申请取消，故宫博物院官网是允许20点前申请取消和退款的。本人20点发现此情况打客服电话请求协调处理就说已经不能退款了。大家有需要一定要在官网订购，订成功后有短信提醒。我的订单款估计是被携程扣留了。,,,,,,故宫差评
M29****333,1分,不佳,,,,"此次旅行十分不悦，1.在携程软件前两天看票，显示只能买国庆节的，千里迢迢到现场又不能买，十分糟糕，本怀着十分热诚的心要看展览，此时九如一碰凉水浇头，沮丧到家。2.原本的天安门进，此时也变为东华门进，但没有明确标识，人都到安检了，才被告知，又返回走东华门。
一句话形容乘兴而来败兴而归",,,,,,故宫差评
m23****85,1分,不佳,景色1,趣味1,性价比1,不提前通知下，太差了，损失了,,,,,,故宫差评
_WeCh****87723,1分,不佳,景色1,趣味1,性价比1,体验极差好不好,,,,,,故宫差评
长路慢飞,1分,不佳,景色1,趣味1,性价比1,体验不佳，携程门票出差错，进不去门，给补偿16元，简直了！体验不佳，,,,,,,故宫差评
_WeCh****15334,1分,不佳,景色1,趣味1,性价比1,这是第二次去故宫了，上次去的时侯在故宫门口租的20元的讲解器没听过瘾，这次二刷想着在携程上团一个人工讲解仔细听听，这个虽然是在携程上报的，但是过去了之后所有网站的人都在一起集合，给我们讲解的人也不是我们的预订的，是一个旅行社跟团的导游，导游很热情，但是业务能力一般，讲解的路线不是携程订单描述的路线，他把买了珍宝馆钟表馆和没有买的都随机放在一起，但是没有卖了的明显路线不一样要去到珍妃井去讲解，也直接略过，整个讲解时常只有1个小时40分钟，不是两个半小时更不是3个小时，同时讲解员特别不专业，对于三大殿最核心的部分没有讲解，讲解的全是野史，对于了解故宫文化这么多没什么帮助，建议大家第一次来直接在门口租20元的讲解器，讲的仔细，同时也可以自由安排时间，想在哪儿停留多长时间都可以，如果想深度了解可以在抖音上看直播，很多导游抖讲解的超级好，又不用花钱，我觉得这个携程的性价比太低，,,,,,,故宫差评
M53****585,1分,不佳,景色1,趣味1,性价比1,差评，差评，以后再也不在携程上订票，走哪都行不通，还要打电话，但是在故宫讲解员邓美女挺好的，讲到忘记时间，讲的也很仔细,,,,,,故宫差评
M26****8056,2分,一般,景色4,趣味2,性价比1,购票时没有提示现在只能从东西两侧进，从天安门到西华门绕了一大圈，还没进园就走了好几公里，一身汗，排队等预检、刷身份证一直在大太阳下暴晒，连个遮阳篷都没有，诺大一个故宫博物院抠成这样吗？！大部分工作人员很辛苦也还算和善，但是遇到一个特别没人性的，见下面图片，是我微博截图，不再重新码字了。,,,,,,故宫差评
qiuwanqing,2分,一般,景色3,趣味3,性价比3,没太大意思，就拍拍照,,,,,,故宫差评
M19****79,1分,不佳,景色5,趣味5,性价比1,故宫好，导游太差了，带着走马观花的溜了一圈，说是三个小时左右，结果两个小时多点就溜完了，进的也是糊弄事。体验不佳，,,,,,,故宫差评
_bdwxj****71268,1分,不佳,景色1,趣味1,性价比1,第一次在携程给差评，导游面都没见着，我们先进了，让我们在里头等，说是自己穿个粉丝衣服到9点会进，让他进门后打个电话都不乐意，最后人影都没看到。体验不佳，,,,,,,故宫差评
M60****090,1分,不佳,景色5,趣味1,性价比1,没有讲解，讲解员态度极差。,,,,,,故宫差评
憨豆1,1分,不佳,景色1,趣味1,性价比1,携程酒店和租车等业务，各位要谨慎订。欺骗手段及多。处处是陷阱。体验不佳，,,,,,,故宫差评
M23****9393,1分,不佳,景色1,趣味1,性价比1,没有大G我不配,,,,,,故宫差评
M42****9559,1分,不佳,景色1,趣味1,性价比1,别人家60，你家就138，当我们傻是吧，进去还哪哪都不让进，还打算在这上边买欢乐谷的票呢，我看还是算了吧,,,,,,故宫差评
M28****8517,1分,不佳,景色1,趣味1,性价比1,一次糟心的购票，自己本身有问题，还态度蛮横，不说积极解决问题，让人怎么去相信携程,,,,,,故宫差评
度假旅行顾问小侯,1分,不佳,景色1,趣味1,性价比1,门票到门口景区进不去，打电话给客服说漏出门票，并且让我们在大门口一直等待先0分钟后又等待1小时，然后还说继续处理，也没有主动告知我们进不去让我们改变行程，工作有严重的失误，而且耽误时间，影响心情。没有一个诚恳的解决态度，差评,,,,,,故宫差评
Jenkin_Z,1分,不佳,景色1,趣味1,性价比1,体验不佳，景色一般，性价比低，可玩性低，上海堡垒,,,,,,故宫差评
沙1215,1分,不佳,景色1,趣味1,性价比1,可玩性低，体验不佳，景色一般，性价比低，,,,,,,故宫差评
Iris2NeYYY,1分,不佳,景色4,趣味1,性价比1,"垃圾服务！！实际是第三方导游机构 叫什么京游阿哥！一个男导游，非常壮硕 都是肌肉横肉；
得有二十几个人才能开始导游，等了半天导游终于到了，还要先点名 收身份证……然后我们就问他几句下面的行程，直接就骂我们了！！简直神经病啊！一脸懵逼，果断投诉！！还要收我们的身份证抵押语音什么耳麦！！无语，故宫明明有自带的导游团队，为什么要允许这种无良的第三方机构出现在我们的故宫里，还是什么京游阿哥！！那么壮硕一个导游，简直担心生命危险！！体验不佳，性价比低，",,,,,,故宫差评
M25****9277,1分,不佳,景色1,趣味1,性价比1,"这次是我爸妈出去游玩，我妈出门的时候忘记带手机了，从别的省份过来北京旅游；很不容易
我在订单中指定的联系人电话是我爸手机，这个是一直随身携带的；
而导游团队随便找了我妈的电话，很显然打不通，然后就随便发了一个短信至我妈的手机，显然也是看不到的；
最后导致的结果是我爸妈在故宫内瞎转悠了一天，撒也看不明白，浪费了很宝贵的故宫游玩机会，明天的返程
难道导游不能按照我指定的联系人打电话吗，或者一个电话打不通不能打另外一个吗？现在特殊时期，每天又没有多少游客，因为他们的一个疏忽导致留了这么大一个遗憾，心里非常不爽；差评",,,,,,故宫差评
吾已淡出江湖,1分,不佳,景色1,趣味1,性价比1,没见皇上，我很不满意。哈哈，调侃一下，故宫还用得着点评吗？国之瑰宝！性价比低，体验不佳，景色一般，可玩性低，,,,,,,故宫差评
_WeCh****229075,1分,不佳,景色1,趣味1,性价比1,只有门票什么都没有连导游都不见，又收了导游费，非常不满意，差评,,,,,,故宫差评
M12****782,1分,不佳,景色1,趣味1,性价比1,体验非常差，三个人订票其中一个人没来，故宫不让进，要求让携程把没来的那个人的票退了，打了携程电话，携程处理不了，要我们回去改日期。带着孩子在门口来来***打电话等了两个小时，就告诉我故宫不给退他们也没办法，自己没办法打了故宫投诉电话才解决，既然携程搞不定供应商就不要卖这个票，为什么客户自己能解决而这么大公司解决不了？说白了就是不作为！千万不要在这个网站上买代理的票！一有事把客户晾在那里没商量！？,,,,,,故宫差评
300****017,2分,一般,景色2,趣味2,性价比1,故宫可看的东西越来越少了！,,,,,,故宫差评
M24****9215,1分,不佳,景色1,趣味1,性价比1,景色一般，体验不佳，可玩性低，,,,,,,故宫差评
M31****3690,1分,不佳,景色1,趣味1,性价比1,第二次来故宫，早上九点到了说没有票了，网上只接受预订。对北京景区服务人员很失望。以后不打算再来了。,,,,,,故宫差评
_m13****3187,1分,不佳,景色5,趣味5,性价比1,订了就别想取消，哪怕孩子是未成年人不能和家长一个团也不管,,,,,,故宫差评
你爷爷我很小的时候,1分,不佳,景色1,趣味1,性价比1,没啥意思，就那样体验不佳，可玩性低，性价比低，景色一般，,,,,,,故宫差评
liu****unup,1分,不佳,,,,好不容易带母亲出游一次却在皇城帝都惹一肚子气，旅行也不欢而散。在故宫餐厅吃饭，母亲的钱从口袋里窜到了餐厅地上，自己没发觉，却被餐厅保洁以做卫生的形式扫走了，我可以告诫那个拾金就昧的人，做人还是要善良，钱不多，但是绝对烫手，你会为自己不堪的行为付出代价。,,,,,,故宫差评
M22****400,1分,不佳,,,,根本没法用,,,,,,故宫差评
逍遥无极限,2分,一般,,,,比较死板，不是很连贯,,,,,,故宫差评
卡克罗夫特乾隆,1分,不佳,,,,Rbtrhhtntthbtththtbthth,,,,,,故宫差评
偷小懒儿,2分,一般,,,,故宫是挺美的，但是携程这个票务中心不给力，退换票太麻烦，挺失望，，，，，，，，，，，，，，，，，，，，，，，，，，，，，，,,,,,,故宫差评
M27****476,1分,不佳,,,,答应退票，结果没退！,,,,,,故宫差评
_FL2****4871,1分,不佳,,,,携程“海南三亚5日4晚跟团游”（产品编号2365168）是个巨坑人的旅游产品，投诉问题至今超过70天了还没有解决，超过60天还不让点评了，只好发在这里，大家引以为鉴。该产品完全不按合同和行程单的约定进行，擅自更改行程，2万元团费的纯玩团，加入了千古情自费景点、天之涯购物店、海棠湾免税城购物等购物行程，压缩了合同行程单中约定的正常行程，导致旅游体验严重打折。本产品跟三亚当地的一个叫“康泰”的游行社合作，正式行程3天，导游贾廷果很没素质，能办理学生票的地方统统不给办理，问他，他就瞪着眼睛高声大嗓地跟你争吵，说想办学生票，那就别跟我们走一起，孩子自己去排队三小时！第一天为了收回扣，变相强迫参加自费项目“千古情”，门票一人300，贵的堪比迪士尼，里面尽是些人造景观，纯粹浪费时间。我们问导游，不参加的话可以先送我们回酒店吗？导游回答，不参加只能在外面等三小时，想回酒店自己解决！原本一天两个景点还算合理，硬塞入自费项目，搞得像打仗急行军，回酒店以后疲惫不堪，造成孩子爸爸胃病发作，后两天行程没能参加，严重影响了我们一家三口的旅游体验。第三天去天涯海角和南山，一天行程居然塞入两个购物点，原本天涯海角3小时安排缩水成1小时，后两个小时讲五行八卦、讲犯太岁、讲消财免灾，然后导游带入天之涯购物店，必须待够时间才能去吃饭；下午南山景点又是急行军，因为之后还加了一个4小时的免税城，跟之前一样，不想去购物、想回酒店的话自己解决。没参加的门票要退的话得先给好评！导游在车上跟大家讲他有老婆孩子要养，自费项目大家最好参加，又说免税城本地人无法享受折扣，让大家帮他带货，算是支持他。三天行程里，除了推销还是推销，这种“导游”应该叫导购。上述情况跟携程客服反馈，至今两个多月了还没解决，负责的主管休假，有一位工号853855的男主管不错，帮助解决问题，但他提供的解决方案在休假主管回来之后居然被推翻，以前说的话不算数了！？问她问什么之前说的不算数了，居然直接挂电话？！我在下单前咨询时，客服给我打电话到晚上11点半，大力推荐、催促尽快下单，出了问题就推三阻四，种种设限？携程，你怎么了？,,,,,,故宫差评
_WeCh****10379,1分,不佳,,,,讲解还算可以，但是最让人气愤的一点是！说好需要押金的，这个咱们可以理解，因为毕竟租用人家旅行社的设备了，但是到了故宫后，非得要扣下身份证来，不要押金，就要把身份证上交给导游，我和家人就不同意，因为身份证是很贵重的私人物品而且报团时只说需要押金，并没有说需要上交身份证！更可气的是在那边接待的人，一位年长的男性，态度简直令人喷饭！对待游客，不夸张的讲可以用恶劣至极来形容！出门在外，该遵守的规定咱必须遵守，但是我身为游客和消费者，是来旅游的也不是来挨骂的！而且我也不是随便给差评的人，我在携程消费至今，没有给过差评，只不过这次旅行实在是令人不满！但是小姐姐讲解还是可以的！,,,,,,故宫差评
Iris2NeYYY,1分,不佳,,,,"千万不要选这个产品！是第三方公司的！人多到简直是组成一个旅游团了！服务态度极差！导游壮硕，态度极其恶劣，为了多凑点人，大家都等了好久！而且一点多余的话都不能问！不然分分钟就骂你咯，你如果跟他理论，感觉他说不过还能上手的啊！还要把身份证压给他！！服务态度极其恶劣！简直了！
推荐大家检票进去之后直接买故宫的简介解说！官方渠道！虽然之前已经第一时间反馈过了，现在来评价，还是希望携程多多考核这些第三方供应商！！",,,,,,故宫差评
M15****441,1分,不佳,,,,只看人了！,,,,,,故宫差评
葫葫葫葫芦娃,1分,不佳,,,,"没
用
，什么用也没有",,,,,,故宫差评
不会骑扫把的女巫,1分,不佳,,,,差评，设备换了三次！坏了三次,,,,,,故宫差评
海沃德光绪,1分,不佳,,,,定点走，还要上交身份证，讲解的一半，想要提前走向导游要身份证，告诉我没在他这，要我回去自己取，我就想知道，万一我人刚过去，你们就把身份证，给拿走了，我去那找，真的是一般般，还不如自己买一个讲解机自己自己逛的比较好，浪费我的钱。,,,,,,故宫差评
_cmb51****3922840,1分,不佳,,,,不好，根本没用,,,,,,故宫差评
水绿盐城,2分,一般,,,,故宫，国家重要旅游景点，人流量非常大，收入也很多吧，真心说，服务态度不好，设施差，跟他在人民心目中的地位比，还有很远路要走！真心差的很,,,,,,故宫差评
_WeCh****246513,1分,不佳,,,,找不到导游和耳返,,,,,,故宫差评
帕罗卡李香君,1分,不佳,,,,导览导览呢？描述不符,,,,,,故宫差评
_M13****4990,2分,一般,,,,效果不是很好,,,,,,故宫差评
M38****5555,1分,不佳,,,,不太好，携程合作的旅游公司不好,,,,,,故宫差评
M25****8026,1分,不佳,,,,导游不太友好，中间肚子疼，去上厕所，把我耳麦收了，也没有等我.然后我就自己去蹭别的导游解说了.,,,,,,故宫差评
_WeCh****560393,1分,不佳,,,,千万别买套票，无线耳麦不让用，又另外付的现金，无语。,,,,,,故宫差评
M11****327,1分,不佳,,,,太差劲了，要收身份证或者200元抵押才给语音耳机，凭什么收身份证！！！强烈抗议。感觉上当受骗了，景区本来就20。如果要给身份证或者给了200，直接单独请语导讲解了。,,,,,,故宫差评
球球888,1分,不佳,,,,不满意，给老人买的联票，结果现场说钟表管和珍宝馆还要单独再买票没让进，故宫也没完全逛完，只逛了一半，感觉很鸡肋，还不如只买个门票自己逛,,,,,,故宫差评
300****325,1分,不佳,,,,携程的问题，让我心情很不美丽,,,,,,故宫差评
M25****4178,1分,不佳,,,,机器2～3米远就没声 导游不告知姓名电话 ****快的人态度极差,,,,,,故宫差评
M51****286,1分,不佳,,,,本来想找个导游给我们讲京城故事结果还不如牌子上写的清楚,,,,,,故宫差评
_WeCh****58405,1分,不佳,,,,没有解说，差评！,,,,,,故宫差评
e03****69,1分,不佳,,,,游北京必去故宫。但人工讲解太垃圾，只讲封建迷信、宫廷绯闻，根本不懂历史，越听越生气，完全是破坏游兴，千万不要定人工讲解。,,,,,,故宫差评
_WeCh****107233,1分,不佳,,,,差评。挤得要死，去角楼咖啡厅不知道，神武门没人拦，直接走出来就不能再进去了，花了门票钱屁都没玩到还不让进了差评差评差评,,,,,,故宫差评
云淡风清7879,1分,不佳,,,,太差了，走了两个小时导游还不让休息,,,,,,故宫差评
apple,1分,不佳,,,,讲解过程中，浪费了部分游客的时间，套路太多了,,,,,,故宫差评
Augenstern丶,1分,不佳,,,,一个导游带的人特别多 ，讲解也没讲解完，感觉像敷衍了事，并没有别人说的那么好，还扣押身份证，还讲解器才还身份证，人多 ，杂,,,,,,故宫差评
小猪,1分,不佳,,,,这个不好，导游速度太慢，到处歇息，没讲几句就让大家休息，完全是浪费时间。走到半路看导游实在墨迹，实在太浪费时间，我们把耳麦还给导游就自己走了！服务不好！,,,,,,故宫差评
M31****803,1分,不佳,,,,大阿哥团的组织混乱，导游专业水平很差，很后悔选择这个团,,,,,,故宫差评
仙人小球1,1分,不佳,,,,稀烂！看小孩子那个联票就知道原因了。,,,,,,故宫差评
_WeCh****511688,1分,不佳,,,,根本不可以领耳机。故宫人员让联系网站，耳机必须现金支付使用,,,,,,故宫差评
yezi_119,2分,一般,,,,外包的，客人进不了圆也不理人。还要自己再联系携程，把携程的口碑搞坏了。,,,,,,故宫差评
_WeCh****973566,1分,不佳,,,,别在**上买讲解门票，假的，去故宫买，垃圾,,,,,,故宫差评
_WeCh****717684,1分,不佳,,,,自由行的朋友想自己逛逛的千万不要点这个。这个直接跟团走了 墨迹半小时100步都没走。直接不要了 自己走。门口有20的自动语音播放讲解。这个太坑,,,,,,故宫差评
青海木有海,1分,不佳,,,,自我感觉没有太多的意思。没有古住的气势,,,,,,故宫差评
梦萍123,1分,不佳,,,,在这里我要吐槽一下杭州东站到乌镇的汽车！千万不要在携程订，上车点离杭州东站特别远，远的让你怀疑人生。压根不在东站里面，在一个很远的公交站台上车！也许这不是携程的错！跟携程合作的自在旅游，服务太烂！害我从东广场走到西广场，最后才得知压根不在东站里面，票还不能退！还好我是提前一天找上车点，如果是当天找！那压根来不及好吗！,,,,,,故宫差评
M11****302,1分,不佳,景色1,,,建议还是买40的票然后租个电子讲解。买这个票得跟着导游，没办法自由活动，还得压身份证。导游为了耗时间，东拉西扯。浪费时间。,,,,,,故宫差评
M22****911,1分,不佳,景色1,,,差差一点点,,,,,,故宫差评
_WeCh****16756,1分,不佳,景色1,,,千万不要跟导游走，她说走十次也走不完，因为她只想走几个门，以为订的是故宫的讲解器（故宫的讲解器全部宫和珍宝馆里的文物都有讲解的），怎么知道是挂靠的。,,,,,,故宫差评
M22****0168,1分,不佳,景色1,,,故宫兑票处不接受这个平台的除取票之外的人任何服务，电子讲解产品也不给领，需要重新购买！太坑爹了,,,,,,故宫差评
M30****2910,1分,不佳,景色1,,,59元门票，退款后扣了20元，无语,,,,,,故宫差评
111****755,1分,不佳,景色1,,,订单未使用。使用的是其他家的服务（其他家服务订单使用截图附后），请按照你们的退票规则退款！！！！！！,,,,,,故宫差评
300****715,2分,一般,景色2,,,差评！！！！,,,,,,故宫差评
M15****642,1分,不佳,景色1,,,用身份证订的票，结果不知何故变成了护照订票，因没带护照，耽误了近两个小时的时间，也耽误了同行人的旅游时间，太差劲了！！！,,,,,,故宫差评
_WeCh****948912,1分,不佳,景色1,,,掏了人工讲解的钱，都不知道该找谁,,,,,,故宫差评
lyl521805,1分,不佳,景色1,,,不给耳麦  还得自己花钱从新购买,,,,,,故宫差评
_WeCh****099250,2分,一般,景色2,,,门口需要每个人的证件，根本不认携程的一个身份证订单。还要重新买票，,,,,,,故宫差评
M27****1585,1分,不佳,景色1,,,故宫博物院非常雄伟壮观 不愧是闻名海外的紫禁城 为我们都祖国骄傲自豪,,,,,,故宫差评
singsing,2分,一般,景色2,,,故宫让扛龉都不能反影r皇室生活真面貌，很多修痛植冢室内油漆f而暗淡没有生猓∶挥懈人太大值得一看的感觉。,,,,,,故宫差评
_WeCh****108745,1分,不佳,景色1,,,当场去买就行了 更便宜,,,,,,故宫差评
M38****7073,1分,不佳,景色1,,,多收20租赁费，就是不给退，差评,,,,,,故宫差评
_WeCh****02105,1分,不佳,景色1,,,用了一张。另外一张不能退。在规定时间内退的票。不能退票。差评。,,,,,,故宫差评
M11****868,2分,一般,景色2,,,很是一般，大失所望！讲解过程走马观花，里面包含的珍宝馆就是在入口说了两句，钟表馆就是让自己去看，时间还不够就结束了，让人感觉非常敷衍。,,,,,,故宫差评
高远遥一,1分,不佳,景色1,,,检票口的女工作人员有毛病，故意刁难，是不是走后门进去的？一点服务意识没有，跟欠她800万似的，对小孩也凶神恶煞的！,,,,,,故宫差评
_FL2****4871,1分,不佳,景色1,,,元旦那天去的，订的纪念品是国旗笔、折扇和冰箱贴，领取地点不在上面写的&quot;阙左门下网络商品兑换处&quot;，因为兑换人员根本就没来，兑换也没有固定地点，里外找了半天，把听导游讲解都耽误了；兑换人员态度极其恶劣，问在哪儿领取，直接挂电话，问有什么款式，又挂电话，素质极差，最后由携程客服沟通，合作商铺说开除相关员工，多赔了一些产品；此外，商品质量一般，不属于故宫文创，感觉很山寨。国旗笔造型还比较特别，上面写着专利设计；折扇就是一般的大扇子；冰箱贴9.9不值，就是一块磁铁，正面有故宫照片。总体说来，为了兑换这些东西，耽误了那天逛故宫的时间，影响了心情，还是不值。不过，携程客服态度是好的，帮忙联系半天；合作商铺后来负责联系的人态度也是好的，但雇佣这样垃圾的员工，影响商铺形象，管理有待提高。,,,,,,故宫差评
_WeCh****931374,1分,不佳,景色1,,,一直以来旅行都是选用**旅行。这一次同样选择在**上买票（故宫），可是购票页面项目繁多，价格也不同，自己又是第一次到故宫，最终挑了排在最前面的89元套餐。可是最终发现特别的坑，跟旅行团似的，不太适合带着家里人自由行。我想说能否退款，现场工作人员态度特别的差，直接拒绝。我发这段是为了告诉后面的人，千万别买这个套餐，都是坑。大家只要买基础的故宫门票就可以了。其他的如果想看的现场再买就是了。而且故宫也有解说，价格才20块。,,,,,,故宫差评
睡狮啸,2分,一般,景色2,,,差劲，很多地方不能去了，封了。和以前不一样,,,,,,故宫差评
Dylan hoi,1分,不佳,景色1,,,我迟到了 他们也没打电话给我 都是自己打电话 到最后也找不到他们 浪费我的钱,,,,,,故宫差评
e02****11,1分,不佳,景色1,,,导游态度很恶劣，希望以后加强态度培训。不建议大家购买这个行程。,,,,,,故宫差评
行云68,2分,一般,景色2,,,讲解水平不行，应该从建筑和历史的角度讲解，太爱讲宫廷故事了。,,,,,,故宫差评
牛B夫斯基,1分,不佳,景色1,,,很多主要的殿都没讲解,,,,,,故宫差评
_WeCh****313634,1分,不佳,景色1,,,我买的票是导览的，到讲解处问她们网上这个在哪里，她居然说，你从网上买的问网上去，我就问另一个工作人员，她说，我不知道，你别让我看。故宫的工作人员服务态度太差了，很不愉快的旅行。,,,,,,故宫差评
_M15****1736,1分,不佳,景色1,,,导游对什么选妃之类的添油加醋讲特别起劲，真正的历史史实讲得不多，和故宫厚重的历史感完全不搭，不推荐！,,,,,,故宫差评
189****6366,1分,不佳,景色1,,,差评，订了3个人的票，其中有一个人不去，想取消订单重新买，客服说半个小时就会取消，但迟迟不成功，重新又订不了！没办法，只好两人先去，然后直到下午才回复不能取消，浪费了一个人的票,,,,,,故宫差评
M44****073,1分,不佳,景色1,,,不满意，我购买的是带谅解器的，结果过去根本没人搭理你，说她不知道，你在哪买的找哪去，如果要谅解器，就20块钱，而且里面工作人员态度特别差,,,,,,故宫差评
天际炫光,1分,不佳,景色1,,,人工导游就找不到，不要买导游。电子导游，人太多，直接打不开。,,,,,,故宫差评
略略嘻嘻哈哈呵呵,1分,不佳,景色1,,,定位不准，,,,,,,故宫差评
M23****7836,1分,不佳,景色1,,,"一_始我先蟮降 完全不理我 只一直弄e人的 也不告知是怎樱原本第一蟮礁愠勺钺嵋完成 不知道是差e在哪e
下次@就不建h⒓恿
解fT到是MI的",,,,,,故宫差评
M59****996,1分,不佳,景色1,,,上当了！说有讲解员的，怎么找都找不到！,,,,,,故宫差评
M46****004,1分,不佳,景色1,,,讲解是人工的速度太快根本跟不上老年人，也不能退，刚出发就不跟了，也不退讲解钱，很不合理,,,,,,故宫差评
_M13****6776,1分,不佳,景色1,,,特别不靠谱的讲解，到了之后说满员可以理解，周围逛了圈回来等了进半小时终于可以开始了，结果冷风中门口讲了半小时，进去一点点又是半小时，时间耗不起啊、又冷得要命，讲解还特别凶，想大致问问后面大概讲多久、讲什么，结果说不可能先给我讲一遍？！我又没要你详细讲，态度太差了，果断走了，后来发现故宫有官方讲解器，还便宜只要20元，之前付掉的包含讲解的钱就当买个教训了…,,,,,,故宫差评
M32****6517,2分,一般,景色2,,,导游13阿哥很好，讲解细致幽默，有问必答，但是之前的紧急联系人真是态度特别差劲,,,,,,故宫差评
M27****1438,1分,不佳,景色1,,,没找到导游,,,,,,故宫差评
M28****1913,1分,不佳,景色1,,,我都不知道哪的个人工讲解，和无线耳麦。一个都没有。别人在景区买的才四十多，手机上还有讲解。,,,,,,故宫差评
m37****3918,1分,不佳,景色1,,,下完订单没有，没有及时和客户信息联系，说明行程规划，都是在进去故宫换耳机的时候被拒，光我看到的都三四个人同样的遭遇，你们不知道给客户发个手机短信吗？怎么安排当天的集合地点，发个信息，或是打个电话！不建议购买这种,,,,,,故宫差评
_WeCh****22671,1分,不佳,景色1,,,还是不要买了，就一个人在那里！等半天都没反应。还不如直接买40的故宫门票，去里面租个20的讲解器。另外再付珍宝馆之类得！！,,,,,,故宫差评
M31****4725,1分,不佳,景色1,,,携程的服务很差劲，提前给孩子也定了票，后来知道孩子身高是不用收费的，给携程客服联系不给退，后来说反应以后再联系我怎么解决，到最后没人回复我，不了了之。,,,,,,故宫差评
M57****168,1分,不佳,景色1,,,费用和服务差距大！,,,,,,故宫差评
_WeCh****34477,1分,不佳,景色1,,,******,,,,,,故宫差评
_WeCh****892497,1分,不佳,景色1,,,不想买第二次,,,,,,故宫差评
M32****5276,1分,不佳,景色1,,,一个人的信息填错了，应该可以退这个人的费用，这个问题还是挺让人不满意的,,,,,,故宫差评
138****3033,1分,不佳,景色1,,,老没信号哦,,,,,,故宫差评
夜城舞雪,1分,不佳,景色1,,,不好不敢不敢,,,,,,故宫差评
v你×事,2分,一般,景色2,,,很多都被改的很商业化，这点不喜欢。,,,,,,故宫差评
M23****749,1分,不佳,景色1,,,商品！！！*********************************************************************,,,,,,故宫差评
M28****896,1分,不佳,景色1,,,"最垃圾的一次旅行，什么也没看上到出来了，
没有明显指示牌，出口，没去珍珠馆，钟表馆还不能退，差",,,,,,故宫差评
_WeCh****744401,1分,不佳,景色1,趣味1,,来了到这说要现金，到处换现金，换了停止售票，一分钟都不等，真的一分都不想给,,,,,,故宫差评
M83****54,2分,一般,景色2,,,提醒看到评价的各位，不要买这个讲解，门票原价35，检票进入后，有无线讲解器，20元一个。**上面说含有无线讲解器，基本上找不到**的点。事后你也无法退款，差评！,,,,,,故宫差评
易  ????,1分,不佳,景色1,,,上当只有一次的原因吧，把门票和讲解绑在一起是为了好收钱，根本找不到讲解员在哪里，纯粹多花冤枉钱，劝大家千万不要上当，现场买门票很方便，找讲解员也方便！,,,,,,故宫差评
吉祥如意大福福,1分,不佳,景色1,,,导游不能说好不好，大部分在教大家做人的道理，这个皇帝当年怎么了，然后我认为做人应该怎么样，那个皇帝当时又怎么了，和故宫本来的历史没有多大关系，其实更想就故宫听故宫。而且导游一直要求好评不喜欢！老人票也不给补齐差价！注意虽说是含钟表馆和珠宝馆，但人家不会讲解！,,,,,,故宫差评
137****3383,1分,不佳,景色1,,,晚到了一点，最后根本就没有人理,,,,,,故宫差评
晋中奕昕,1分,不佳,景色1,,,不用去，没什么看点,,,,,,故宫差评
139****3432,2分,一般,景色2,,,冲着文创产品再游故宫，结果下午3点半就关门了，商品上都不贴价格，让服务员站在旁边说价格，太奇葩。好不容易找到一家还没关门的店，在店员的催促下赶紧付款，居然网络信号不好，故宫，你是皇帝老儿经营的么？,,,,,,故宫差评
拉姆西梅尧臣,1分,不佳,景色1,,,大门票就可以，千万别买联票，坑,,,,,,故宫差评
234****748,1分,不佳,景色1,,,一般，故宫里信号不好，基本听不了。不如租故宫的讲解器，权威！清楚！也不贵！,,,,,,故宫差评
想要游遍全世界,2分,一般,景色2,,,其实玩得挺开心的，但是里面工作人员真的一个比一个凶，可怕！,,,,,,故宫差评
PatsRabbit,1分,不佳,景色1,,,8点30等检票口一开，就进了故宫，8点38分达到集合处，一个男的让我们先去家具馆，8点55分再重新集合，因为导游还没来。8点55分重新集合以后，收身份证、登记信息、发无线耳麦，9点15分还没开始讲解，8点55到9点15期间，不停的有新来报道的人，就不停的在加人加人加人，大家实在受不了当场就提出来：为什么一直在加人？我们先来的为什么要不停的等后面的人？不是说15分钟一班的吗？总之这样的事情很是影响心情！真正开始讲解为9点23分左右！可以说从8点38分开始到9点23分，都一直在集合处逗留。有照片为证。耽误了这么多时间，导致少数赶飞机赶火车的人遗憾的没有游完全程，我也是，本来预留了三个半小时故宫游玩时间，硬生生的被耽搁到来不及走完全程。所以差评！不过导游人挺好，有一说一。,,,,,,故宫差评
M25****6332,1分,不佳,景色1,,,"太差！首先这个兑换处根本不在短信通知的位置，携程客服倒是很尽责，一直帮忙联系商家，最后商家是在北门出口处给我的伴手礼，且根本没有什么兑换处，就是私人拿着个破东西就来了。送来的冰箱贴极其low，也就值1块钱，买的大折扇直接就是烂的！
希望携程以后能严格把控合作的商家质量，这也太坑了，非常不好的体验！",,,,,,故宫差评
终究是错,2分,一般,景色2,,,这辈子再也不会去了，里面很多的宫门都是锁着的不能参观，来回就是高墙里面走来走去，真是看景不如听景,,,,,,故宫差评
吉祥如意大福福,1分,不佳,景色1,,,感觉很不好，比网站时间晚了半个多小时，一会让你去看家具馆，一会上你去解手，总之就是想办法拖延时间！导游其实讲得不错，但一直提醒你给好评，明明老人退30，她只给退20，携程上购买的明明带珍宝馆和钟表馆的讲解，结果把你带进门就走人，其他好多团的导游都认认真真的讲解！总之不推荐，对了，导游叫阿拉蕾，她让我一定要提她的名字，因为她说自己很红！,,,,,,故宫差评
岐A,1分,不佳,景色1,,,导览找不到 不负责任,,,,,,故宫差评
莫克瓜司令,2分,一般,景色2,,,或许在白天的时候我会点第一个表情。首先订单上写9点集合，后来联系时说是8点15分集合。第二，因为第一次去故宫，选错了交通工具最后迟到了，还在路上时电话联系过导游，让他按计划进行，我到了之后再联系。走了几分钟的路又接到电话，问我在哪儿？我说我没办法确定自己的位置，但是知道怎么走，后来对方的电话一直很吵，就挂电话了。待我到午门外，我打了电话想确认队伍位置，但打了3个电话才接通，确定位置后进去，可是没看到队伍，以为自己走错或者什么原因，我还是拨通了电话，第二次才接吧好像。可是对方一接通口气十分不友好的强调“这是最后一次接你电话，你听清楚了，穿过门洞左转30米存包处！”不管是什么原因，这样的态度我认为已经超出我的理解范围。第三，我买的是深度讲解，可是在我看来这只是泛泛而谈+随意的笑话。（也可能是我期待的有深度的故事）最后，行程安排上的有些地方没走到，比如御膳房，或者也是我开小差吧……故宫之行，从选错交通工具开始我就觉得挺差劲的。,,,,,,故宫差评
linkcaleb,2分,一般,景色2,,,去故宫当然想要专业的讲解了。选了携程推荐的导游服务，560块。非常不值得。导游姐姐虽然服务还好，但是知识点匮乏到不行。还不如故宫300多的兼职导游讲解。完全不值得。想好好了解故宫的，自己买一本故宫100 一边看一边逛，效果要好得多。,,,,,,故宫差评
M25****542,1分,不佳,景色1,,,房间不让进，都是人,,,,,,故宫差评
_CFT0****6860,1分,不佳,景色1,,,没有体验感,,,,,,故宫差评
andymu,2分,一般,景色2,,,不能当天处理退票 不能购买其他商家的票有些强加使用的感觉,,,,,,故宫差评
mattina,1分,不佳,景色1,,,不好用，定位不准,,,,,,故宫差评
M33****1363,1分,不佳,景色1,,,差评，发票不符合会计报销要求！要由顾客承担三笔运费，邮寄、退回、再寄。耗费时间及精力，客服只会说抱歉，不解决问题！,,,,,,故宫差评
M47****457,2分,一般,景色2,,,大部分都关着门，没关门的进不去。,,,,,,故宫差评
??桃之夭夭??,2分,一般,景色2,,,根本找不到导游好讲解，服务跟不上,,,,,,故宫差评
_WeCh****22577,1分,不佳,景色1,,,非常不好的体验。就是骗子。,,,,,,故宫差评
陈小姐001,1分,不佳,景色1,,,故宫值得去，千万不要导游,,,,,,故宫差评
137****6341,2分,一般,景色2,,,以为买了之后游览畅通无阻，谁知道故宫里手机信号太差了，完全用不了，浪费钱！要知道就直接在进故宫前租那个故宫配的,,,,,,故宫差评
_WeCh****98984,2分,一般,景色2,,,下载不了怎么用！！,,,,,,故宫差评
夜的第十三章,1分,不佳,景色1,,,垃圾，骗钱的,,,,,,故宫差评
135****0801,1分,不佳,景色1,,,没去成，没兑换，不能退,,,,,,故宫差评
冰倩伊人,1分,不佳,景色1,,,太没意思这还要钱,,,,,,故宫差评
山茶之舞,2分,一般,景色2,,,北京旅游很多不人性化的地方，和江浙沪的差距至少在五年以上。很多细节做的都很差。而且最看一个旅游景区管理水平的就是洗手间，故宫洗手间也真是够脏的！,,,,,,故宫差评
小585858,1分,不佳,景色1,,,套票，坑，你懂的,,,,,,故宫差评
M37****174,1分,不佳,景色1,,,好差劲，刚进去就被赶出来，时间才下午3点。,,,,,,故宫差评
如朕亲临,2分,一般,景色2,,,赶上临时外事活动，好多限制，武英殿开了又关，什么意思？书画搬到了文华殿，白白错过。,,,,,,故宫差评
M15****60,2分,一般,景色2,,,定了4个人的票，其中1人临时去不了，但票是不能退的，白白损失40大洋，是不是应该一个人一个订单呢。,,,,,,故宫差评
阅读行走,2分,一般,景色2,,,首先对导游收客户身份证作为耳机抵押物的做法不满。如果在产品说明里注明要用身份证作抵押的话，本人肯定不会购买该产品（为何不能多收点押金呢？）。其次对旅行社的接待人员（不是导游）不满。到达集合地两次问接待人员是不是某某旅游社时，其均不回答。短信中说到某门集合（短信删了，记不清叫什么门了，好像叫熙门吧），可实际上集合地周边没有任何一个地方有“某门”的标识。总之，该旅行社的服务水平低。,,,,,,故宫差评
vr****en,1分,不佳,景色1,,,进了安检门，矿泉水价格就是门外的三倍。简直丢中国人的脸。穷疯了吧大概。旅游还是去国外吧,,,,,,故宫差评
135****0587,1分,不佳,景色1,,,没用这个服务，怎么就自动显示用了，这样不对,,,,,,故宫差评
叶叶生香,2分,一般,景色2,,,上一次来故宫，还是1999年，20年后，故地重游，最深刻的感受，人多！太多！偏殿各种做经营，主殿只能在人群中隔窗相望。顺着人流一路走，想走回头路根本不可能。,,,,,,故宫差评
M25****8399,1分,不佳,景色1,,,10月28日晚上8点半预订30日的故宫门票，短信提示已预订成功，30日当天去游玩，验票竟然显示未购票，被清出门外，与客服沟通后等待好一会才告知进去试试，原来根本没给订票，太不靠谱了，不买票就进门，丢人都丢到首都了，大家说是不是应该给差评！,,,,,,故宫差评
118****231,1分,不佳,景色1,,,"皇帝老儿的屋子没什么了不起
民脂民膏，看了心疼百姓",,,,,,故宫差评
先凤,1分,不佳,景色1,,,在网上订票时说全天可进去参观，结果头晚上十点多打电话才说第二天十一点集中进去参观，因有事还没确认就说他已帮确认了，结果320购两张票只有一人能去还等到十一点半才进门。,,,,,,故宫差评
M36****4635,2分,一般,景色2,,,出口不便，走太多冤枉路,,,,,,故宫差评
M16****141,2分,一般,景色2,,,20年前去故宫，感觉更好，可以站在大殿仔细看一看，现在去居然只能站在大门外张望，人还特别多，体验差极了。另外，暑期天气热，故宫内也没有看到什么防暑降温的便民措施，一句话，除了门票价格实惠，其它的就那么回事了，反正他们也不缺客源。,,,,,,故宫差评
MK_dudu,1分,不佳,景色1,,,压根没有找到什么京游阿哥的牌子，故宫工作人员态度超级差，请问她这个讲解在哪里，居然回我你找到再问我，眼睛看都不看一下，目视前方，最后回我一句不知道，我说能不能回过去门口问一下，回我一句不行！简直了！这是代表北京的形象，国家的形象！这个票没有写明只进不出，提示游客，差评！,,,,,,故宫差评
210****233,1分,不佳,景色1,,,态度差，体验差，服务差！一，去了取货点，让打电话自己联系给送货，打了好多电话一直通话中，换一个电话，没人接，又换一个好不容易打通，态度差劲过了一大会才送过来。二，写的送冰箱贴，结果去问，说没有冰箱贴，问为什么没有冰箱贴，说没有为什么就是没有。。。。三，说给儿童地图，也并没有。,,,,,,故宫差评
