"user_detail_name","text","text 2","text 3","text 4","text 5","content_wrap"
"ariel423","5分","超棒","景色5","趣味5","性价比5","台北101大厦是台北地标建筑，建筑风格独特，令人过目难忘。每逢佳节101还会放烟花，特别美。参观101可以坐电梯直达高层景观台，电梯非常快，可以俯瞰台北城景。让人最难忘的是台北101大厦内部可以看到大厦的风阻尼器，非常壮观。"
"君子如暖玉","5分","超棒","景色5","趣味5","性价比5","没想到101地方这么大，下面几层都是商场，就是去买票的地方路有一点绕，而且还经过了一家贵族级别的茶叶店TWG，我们两个大人买的是101和台北故宫博物院的联票，小朋友的也是600台币的票，因为故宫可以免票，听取了售票女孩的建议，买的是单人票，台北的夜色比我想象中的美太多！服务生态度都很好，也许是我们每次问问题时都是以：请问......开始的，有礼应该是相互的。"
"过年不回家","5分","超棒","景色5","趣味5","性价比5","台北第一高楼。之前在网上看101跨年的烟火表演挺震撼的。必须要来打个卡。
其实在网上买票换票要等很长时间，还不如在现场买票，要快一些。
排了2个小时队换票后，然后就等待上楼的时间。
可惜天气不好，看不到台湾的美景。
好在可以看到大楼里的减震球，可以科普一下，涨涨知识。"
"","5分","超棒","景色5","趣味5","性价比5","台北101景观台拥有世界最大、最重，且唯一外露供参观的风阻尼球。89层为室内观景层，91层为室外观景台，拥有全方位绝佳的观景视野。并设有纪念证书摄影服务等，南侧有7台40倍的望远镜设置于各角落"
"苦海无边，望不到岸","5分","超棒","景色5","趣味5","性价比5","高耸建筑，在西方象征对未知的崇仰、征服和追求。东方观点则代表着对未来更宽阔的了解和包容。TAIPEI101 以节节攀升的高度，象征祖国宝岛台湾在新世纪中的全新视界。"
"dlu808","5分","超棒","景色5","趣味5","性价比5","这一天上午逛了101大楼，中午和朋友在台北圆山大饭店吃饭，她又带我们穿街越巷去微热山丘买凤梨酥。小朋友当然最感兴趣微热山丘了，各种试吃，加上阿姨很喜欢她，各种引诱和宠溺，美得直冒泡。"
"Tom Hung","5分","超棒","景色5","趣味5","性价比5","台北101是位於臺灣臺北市信義區的摩天大樓，樓高508公尺（1,667英尺），地上101層、地下5層，總樓地板面積37萬1千平方公尺，由李祖原聯合建築師事務所設計，KTRT團隊承造，於1999年9月動工，2004年12月31日完工開幕。最初名稱為臺北國際金融中，2003年改為現名。興建與經營機構為台北金融大樓公司。其為台灣第一高樓、以及唯一樓層超過100層的建築物，曾於2004年12月31日至2010年1月4日間擁有世界第一高樓的紀錄，目前為世界第十二高樓（截至2019年）、地震帶最高摩天大廈以及世界最高的綠建築，完工以來即成為臺北重要地標之一。此外，大樓內擁有全球第二大、全球唯二開放給遊客觀賞的巨型阻尼器（另一為上海中心大廈）。2019年6月14日，開放標高460公尺的101樓上方之屋頂平台，該觀景台成為全球最高的戶外屋頂觀景步道。"
"观音莲","5分","超棒","景色5","趣味5","性价比5","台湾的最高建筑，也是世界级的高建筑，目前世界排名第八，在这里可以乘坐电梯登上第89层，然后步行上到91层，俯瞰台北的整个地形，也可以在这里欣赏美丽的日落。
     台湾101大楼与孙中山纪念馆距离不远，步行五分钟可以到达，可以安排这两个景点一起参观。"
"山羊开泰","4分","满意","景色4","趣味4","性价比4","由于出发时飞机晚点，到达台北桃园机场已近傍晚，旅游团先直接参观了台北101高楼。2010年以前，台北101是世界第一高楼，但现在已退居迪拜塔、上海中心大厦之后。101大楼多节式外观，以高科技巨型结构确保防灾防风的显著效益。每八层形成一组自主构成的空间，自然化解高层建筑引起之气流对地面造成的风场效应。另外在外观上别具一格，构思巧妙，形成有节奏的律动美感，开创了国际摩天楼的崭新风格。"
"qiuxg35","5分","超棒","景色5","趣味5","性价比5","一楼的鼎泰丰真是太棒了，不虚此行，在顶楼有望远镜，让我感受到了成熟悉景点的魅力，从五楼进到到购票处，有现金及贩卖机二种购票方式，来一趟感受一下，有个视频室可以播放盖楼时的情景！感叹！！还有一个露天平台可以观察看室外景色！"
"qiuxg35","5分","超棒","景色5","趣味5","性价比5","一楼的鼎泰丰真是太棒了，不虚此行，在顶楼有望远镜，让我感受到了成熟悉景点的魅力，从五楼进到到购票处，有现金及贩卖机二种购票方式，来一趟感受一下，有个视频室可以播放盖楼时的情景！感叹！！还有一个露天平台可以观察看室外景色！"
"gary  liu","4分","满意","景色5","趣味3","性价比3","101大楼号称是全台最高的大楼，有世界上最快的电梯。乘兴而来败兴而归，其实没啥大的感觉，就是在楼上看了看台北，站在大楼的顶部，看台北，有种一览众楼小的感觉！楼里有很多卖台湾特产及珊瑚的店，感官不好！从楼上看台北，自我感觉比上海差远了！呵呵"
"人鱼小公主🧜‍♀️👸","5分","超棒","景色5","趣味5","性价比5","台北101大楼，真的值得去，一定要去，尤其带孩子的朋友们😜👍摩天大楼处处有，这并不是我强烈推荐的理由，而是，完全开放的最大的风阻尼器😜👍"
"圣吉米尼亚诺伊尹","5分","超棒","景色5","趣味5","性价比5","台北101大楼（Taipei 101 building），前名台北国际金融中心（Taipei Financial Center），又名台北101、台北金融大楼，位于中国台湾省台北市信义区，坐落于台湾省台北信义区金融贸易区中心，其东临信义广场，北依信义21号公园，西近富士洋行，南靠台北捷运信义线。"
"乐心0826","5分","超棒","景色5","趣味5","性价比5","台北101，台北的地标，每晚会发出不同颜色的灯光，台北市民只要在晚上看一眼101就知道今天是周几。高层是办公楼，矮楼是商场，各种大牌，逛起来很爽，银联还会有各种活动。
       101上面还有好几家餐厅，我们每次都会去35楼的星巴克，需要提前预约，喝着咖啡，风景很美"
"M30****1190","5分","超棒","景色5","趣味5","性价比5","为了避开人群，我们早早的去了那里。我们可以在早上9点开门的时候尽享平静的美景。从中央车站乘坐淡水/红线到达那里，在台北101站下车。画廊和排队的队列位于5楼。 最短需要1小时或更久。 著名的鼎泰丰位于一楼也值得一试。"
"Tom Hung","5分","超棒","景色5","趣味5","性价比5","台灣第一高樓，由一棟101層高的塔樓及5層裙樓構成，塔樓有眾多國際著名企業進駐，裙樓則是高檔的購物中心，匯集世界各地知名品牌，能夠滿足旅客需求。鄰近信義新天地，透過天空陸橋相串連，使購物旅客能安全快速的在各商場內移動。"
"Raul888","5分","超棒","景色5","趣味5","性价比5","登上台北的标志性建筑，曾经的世界第一高楼台北101大楼。可以从各个角度，俯瞰整个台北的景色，晚上看灯火通明的整个台北市，非常壮观。坐电梯到89层观景平台只需要37秒，不愧为速度最快的电梯，还有世界上最大的阻尼器，当时也是创下了多项世界第一。每年的101跨年烟花表演也是台北固定的跨年节目，非常漂亮。"
"M33****9626","5分","超棒","景色5","趣味5","性价比5","在台北住了这么久，没有想到，从上面看台北可以这么美。 运气超好的，因为当天天气万里无云，眺望极远之处，再次感动台北的美好。当然上面可以拍照，建议花一点钱拍张特殊照片，值得纪念喔!"
"资深肉包子","5分","超棒","景色4","趣味4","性价比4","台北最具代表性的建筑101大楼
总高度509.2米，是台北城市里的“小巨人”。89楼的室内观景台，360度的落地大玻璃，可以看到整座城市的样貌。
尽量避开游客高峰时段，不然排队排到脚软ಠ_ಠ"
"M56****290","5分","超棒","景色5","趣味4","性价比4","作为台北的标志性建筑，当然要上去看看，游客很多，但都很有秩序。全世界最快的电梯果然不是浪得虚名，超级快。到达观景台不会觉得害怕，周围都有玻璃，可以看到台北的夜景。"
"Bobakitty888","5分","超棒","","","","台北市中心绝对令人惊叹的摩天大楼。第一次来,绝对值得乘坐电梯到山顶,但从台北附近景点的景色也很美。很棒的美食广场和豪华和中档商店的选择,您也可以在这里购买限量版星巴克杯子!"
"Mick97","5分","超棒","","","","在台北,只需一個必看的是令人印象深刻的台北101。门票很容易得到,不需要提前,而且很容易上。景色很!!"
"Shah Lee","5分","超棒","","","","爱这个!多么惊人的“旅游陷阱”。从上面去看台北,它也很有教育意义,因为我们将了解在这个容易地震的岛屿上保持建筑稳定的惊人的建筑和技术。 

强烈推荐这个。"
"过年不回家","5分","超棒","景色5","趣味5","性价比5","台北101大楼还是值得一登的，不过要确定好天气状况，再决定要不要上去。天气太差了，在上面看不到什么景色，完全被雾笼罩。
101有点很人性，票上会有上塔的时间，而且是个时间段，都不用在那儿一直等着，到时候再过来就行。
如果有时间，去象山看101还是很不错的选择。"
"M30****6151","5分","超棒","景色5","趣味5","性价比5","门票还挺贵的，儿童稍便宜一些。为省力直接网上手机定了票，到了五楼入口凭二维码兑换即可。到达89层室内观景平台的时候已经9点多，距离营业结束不到一个小时，人流已经很少，可以随意地欣赏360度的台北夜景。"
"M36****7502","5分","超棒","景色5","趣味5","性价比5","换票时，工作人员会询问你上楼的时间段，你只要在那个时间段过去上楼的地方排队就好了，不用一直在那里排着，每个时间段好像是有人数限额的。当然人还是很多，但是总体说来还是控制得很好的，流动不算慢。值得一去！"
"M35****3126","5分","超棒","","","","虽然101已经落成相当久一段时间，但是景观台的价格实在是让人望之却步，这次机会难得推出101元的特价方案，说甚么也要来看看台湾最高楼的风景，经过了长长人龙的购票和等待上楼电梯更长的人龙，终于抵达并且一饱眼福，景色真的很棒，推荐大家来赏景。"
"M51****565","5分","超棒","景色5","趣味5","性价比5","大厦87楼至91楼之间装有调谐质量阻尼器以稳定大厦，减缓强风造成的移动。游客可以去88楼近距离观看阻尼器。你可以在观景台楼层找到纪念品店。去台北101大厦很方便，可以坐地铁到台北101/世界贸易中心地铁站下车前往，或是乘坐的士或是巴士前往。"
"orany","4分","满意","景色4","趣味4","性价比4","到台北，若是不去101那就不算来过台北，就好像北京的长城，东京的天空树，巴黎的艾菲尔，纽约的帝国大厦，里约的基督山一样

这座曾经是世界第一高的大楼，如图腾般大量出现在有关台湾的一切宣传物上，台北地标之一，总高度达508米，结合证券、金融、商业活动与娱乐"
"狄波","5分","超棒","景色5","趣味5","性价比5","好玩儿的地方哦！历经3次风雨雾天气才成功上去参观，很有意思。携程买的门票也很方便啊！都在一个购票通道排队。第一次去的时候，因为天气原因，观景台关闭了，工作人员说可以选择换时间再参观。不用担心和购票时约定的时间不同…这样就很人性化哦…可以在有效期内的任何时候去参观。"
"泉州吃透透","5分","超棒","景色5","趣味5","性价比5","今年台湾旅遊前去的一处景点。位於台北信义路，景点非常雄偉状观漂亮，美丽。在最高层向下望去景點，高楼大厦印入眼帘，暑假8月带孩子去见识，里面还有不少状观美麗景观，球状环绕很状观。还有印章留念。值得一观。很大。"
"月之舞舞之月","5分","超棒","景色5","趣味4","性价比4","看过了上海的上海中心，看过了纽约的帝国大厦，再来看台北101会感觉这几个地方都是如出一辙。如果以前参观过类似的地标建筑，完全可以不用去了。当然如果你以前不曾登顶过这样的建筑，还是强烈建议在华灯初上的时候登顶一览。45秒时间，就把我们从5楼搭载到89楼，电梯的平稳顺滑还是很令人惊叹的。楼上的88、89、91三层可以参观。上行电梯到达89层，这一层是360度室内观光台。在这里，请不要着急，慢下来慢慢赏。或坐或立或品茗，从夕阳西下看到华灯初上，这是一天中最精彩的部分！之后，走楼梯上91层。这一层是室外观光台。因为我们到的季节是冬季，所以室外的观光台冷风习习，忍受不了就草草拍了几张照片回室内了。最后是88层。这里有一个叫风动球的大家伙，据说这是世界上唯一能参观的风动球，不要错过机会啊！最后要强调一件事：参观顺序一定是89-91-88。因为下行电梯在88层，所以这样可以少绕圈圈，省些脚力吧！"
"西西是我","5分","超棒","景色5","趣味5","性价比5","非常值得参观的景点 全台北最高最醒目的地标建筑 外型似竹子 即使在猫空 天气好的时候也可以一眼看到 观景台位于89层 88层有展览阻尼球 这个是高层建筑里唯一公开展示的 登塔票成人600 很多人四五点过去 可以看到白天和傍晚时分的景色"
"fly_me_to_the_moon","5分","超棒","景色5","趣味5","性价比5","tpe101台北最標誌性的建築，手信店裡的紀念品上幾乎都會有101。
這一次來真的是遠觀了，後悔沒和它合影，講真真的沒找到合適的拍照點，六年前我是怎麼做到和它合影的呢？
大包小包走得超累，才走到辦公那塊區域，最後還是選擇去信義商圈逛街了哈！"
"大姐小露開心果","5分","超棒","景色5","趣味5","性价比5","說到台北的地標
101大樓
可是當仁不讓

地上101層
地下5層
B1至4層是購物中心
匯集世界頂級鐘錶品牌
奢侈精品
和設計師品牌

服飾珠寶
彩妝配飾
都與全球潮流緊密同步

4層都會廣場
人潮擁擠
不論是品嘗米其林三星的美食
或是閨蜜們悠閒的下午茶會
氛圍
菜色
都絕對滿足每個人的標準

88這一吉祥樓層
裝有「定樓神球」—風阻尼器
其作用
是通過吊裝在建築物內中上部
幾百噸的大鐵球
減少樓體的晃動
來達到抗震的目的

順道遊多媒體影音走道-台灣之美
可縱覽台灣著名景點
日月潭
墾丁
阿里山
玉山
北投溫泉
與
歷年台北101跨年焰火照

89樓
是大樓內部觀景台

絕佳的觀景視野
360度無死角的遠眺新北群山
與大台北如春筍似的石屎森林

台北101大樓的跨年煙火
是每年辭舊迎新的大禮

數十萬人在現場觀賞
透過螢幕直播
讓遠在海外的遊子們
以最激動的心情
向它問好

台北101 
以美麗如昔的身影
傳送國家新年的祝福

我愛台北101～"
"岁月安放","5分","超棒","景色5","趣味4","性价比4","台北101由建筑师李祖原设计，2010年以前，台北101是世界第一高楼高508米，由于台北市的城市建筑还大都保留在七八十年代的规模和风貌房屋大都低矮，而101的宝塔式的大楼拔地而起，一枝独秀，还拥有世界上最快的电梯，38秒钟时间，就可以直达89层的观景台，"
"吃货战象","5分","超棒","景色5","趣味5","性价比5","101大楼可以算是台北的地标性建筑，乘坐地铁在台北101站下车，大约晚上八点到，人挺多的，可以在自助售票终端购买门票，价格有点小贵，需要新台币600元，相当于人民币128元。
        排了半小时的队伍终于上楼了，电梯速度超快，不到40秒钟就到89楼，不愧是最快的电梯。在观景平台俯瞰台北灯火阑珊的夜景，感觉超壮观，好唯美好浪漫，好想一直在上面和喜欢的人一起感受这么漂亮的景色。"
"M30****2342","5分","超棒","景色5","趣味5","性价比5","从101往外看夜景，可以俯瞰整个台北，灯火通明。台北101下面是商场，我们仅路过瞄了一眼奢饰品。登上观景台，俯瞰台北，景色尽收眼底。所有的建筑都显得特别渺小，还能看到松山机场，一架架飞机起飞降落。"
"M30****2697","5分","超棒","景色5","趣味5","性价比5","101的造型不算现代，和上海的摩天大楼比起来中规中矩，但穿插了很多中华传统元素在里面，更有东方韵味。从101往外看夜景，可以俯瞰整个台北，灯火通明。台北101下面是商场，我们仅路过瞄了一眼奢饰品。"
"320****987","5分","超棒","景色5","趣味5","性价比5","游览完故宫回程抵达台北101刚好黄昏。发觉黄昏时的阳光，配合101室外的亮灯，特显101高耸宏伟的建筑外观。建筑外的七彩图案和LOVE的标志也是拍照的景点、"
"M33****6152","5分","超棒","","","","101大楼为台北著名特色建筑物，位于交通方便的信义区，这里有美食街、餐厅、超市，可以享受美食，也有精品店，可以采购各种礼物，位于89楼以上的观景台，可以购票前往，远望台北周遭，是个不错的景点哦"
"江南小俊","4分","满意","景色5","趣味3","性价比4","在高层用餐，俯视下面熙熙攘攘车水马龙，别有一番风味，另外号称亚洲上升最快的电梯，几秒就可以到顶，耳鸣的感觉很明显，楼下对面就是诚品旗舰店，也很值得一探。"
"M30****3226","5分","超棒","景色5","趣味5","性价比5","感觉就跟来上海必去东方明珠一样的，话说在上海这么多年了也没上去过。101上面有放着101从设计到建工的介绍影片，可以360度俯瞰全台北，也可以写明信片寄给自己，总体还是不错的。非常美丽壮观。"
"M31****5916","5分","超棒","景色5","趣味5","性价比5","在台北，101大楼已经成为近几年的新地标，分为百货公司和办公大楼二个部分，百货公司也成为许多观光客在台北的必逛景点，周边的信义商圈，更是各大品牌百货公司林立，来走走吧！"
"M51****565","5分","超棒","景色5","趣味5","性价比5","101对面的象山，无疑是欣赏它的最佳地儿。早早找定最有feel 的高度，安静地等待夕阳西下，当阳光离开这座挺拔的建筑，人们立即为他穿上光的新衣。红，橙，黄，绿，蓝，靛，紫，调皮得一周换七个色"
"cris0212","5分","超棒","景色5","趣味5","性价比4","台湾最高的大楼，观景台的电梯是一大特色，速度非常快，从塔底到达塔顶仅需30秒左右，过程中电梯讲解员是给我们讲解，讲解时间到就到顶了，非常巧妙。
天气好的话，塔顶是观看台北夜景的绝好地点。"
"vivienvivien","5分","超棒","景色5","趣味5","性价比5","位于台北市信义区，是台北最显眼的地标性建筑，曾经六年蝉联“世界第一高楼”称号。

·室内观景台可透过落地窗俯瞰台北，是欣赏台北夜景的最佳地点之一。观景楼层有纪念品可购买，还有多种样式明信片及邮票供选择。
购物中心拥有许多旗舰店，如BALLY、LV、Prada、Gucci、Cartier、DIOR及FENDI等。
餐厅楼层聚集着鼎泰丰、代官山居食屋、晶汤匙泰式料理、九如浙江美食、川滇食尚等各式菜系美味。"
"203****390","5分","超棒","景色5","趣味5","性价比5","在101坐平梯到三层，再从LV前面的电梯到四层就可以买票并且排队做有吉尼斯纪录的电梯了。整个过程很平稳，基本没什么失重的感觉。上面是个环形观景台，重要的地方都有类似图五的指示标。有张惠妹的房子呀，中正纪念堂呀等等。中间部分是卖101手信的，明信片还可以盖章，还有杯子拼图什么的。听说天气好还能到外观景台，但是看我这天是有小雨加雾，并不开放"
"M33****1136","5分","超棒","景色5","趣味5","性价比5","再度登上101的观景台还是觉得很值得，最爱的就是傍晚时候上去，同时享受Day and Night 的景色，跟晚霞的变化，不论是跟家人、情侣、或是带异地的朋友来都很适合"
"Alexa A","5分","超棒","景色5","趣味5","性价比5","台北101最著名是因为它是台湾最高的大楼，它的购物中心其实是在旁边连着的矮楼，101本身是商业办公厅，因为台北是盆地，所以台北走到哪里，都可以远眺到101大楼。"
"M33****9956","5分","超棒","景色5","趣味5","性价比5","位处于捷运象山线101站 交通很方便 东南西北都有景点 邻近象山、君悦酒店、南山微风、新光三越、诚品信义 观光客 在地人推荐的鼎泰丰也在其中 有超市、美食街和精品 顶楼也有观景台可观赏台北美景"
"M36****7920","5分","超棒","景色5","趣味5","性价比5","101大厦的门票，我们是选择到了那里再买。去的时候适逢国庆，所以排队排长队排大长队自然是不用多说。但是！！101的工作人员非常坑爹，大家一定要自己讨巧一点不要傻傻的。值得一去！"
"LikeGor","5分","超棒","景色5","趣味5","性价比5","101大厦作为台湾必去景点，是曾经亚洲第一塔，共89层，可循着楼梯前往91层露天观景台。坐淡水信义线至世贸站即可，B1层有美食广场，价格不贵，5层还有卖特产凤梨酥牛轧糖之类的。"
"伦敦小王子","4分","满意","景色4","趣味4","性价比4","101大楼可以说是台北的第一地标建筑，101大楼是台北最高的大楼，里面拥有着大型的购物中心，聚集了世界各大奢侈品牌的入驻，101大楼的最高一层则是有名的俯瞰整个台北的观景地。"
"LIUJUN2756","5分","超棒","景色5","趣味5","性价比5","我们没有花钱花时间排队上观景台，而是去象山上拍日落和夜景，虽然很累而且蚊子多，但是看到了红红的落日很漂亮！等太阳下山，101大楼亮灯了，又是另外一种风景！"
"a阿敏min","5分","超棒","景色5","趣味5","性价比5","3月份刚去了台湾旅游，到了美丽的台湾岛第一天就去了台北101高楼，乘坐世界上最快速的电梯瞬间就到了88楼，可以在101高楼俯瞰台北市。"
"西等记忆","5分","超棒","景色5","趣味5","性价比5","台北的夜景很美，101观景台是最好的看台北夜景的地方，虽然小贵但你去了会感觉很值得。有室内和室外观景台，还有阻尼器，从观景台看下去夜景太美了(美得我词汇匮乏不知道怎样形容）"
"隨時出走","5分","超棒","景色5","趣味5","性价比5","台北的大地標，在天氣好時登高(搭到覌景台)可以看到整個台北盆地，可以体驗高速电梯，上面有咖啡廳及覌光名產小店，晚上看夜景挺美，下層有各大名品百貨、餐廳，最佳時間是傍晚上去~"
"徐霞客之旅","5分","超棒","景色5","趣味5","性价比5","台北101大楼是台北著名的标志性景点，非常有名，一般是台湾旅游的第一站，在台北101大楼观景台，看台北市的夜景，非常美丽，很繁华。"
"M30****5864","5分","超棒","景色5","趣味5","性价比5","上了91楼，在外面吹了吹风就进来了。因为太阳太晒了！在89楼的放映厅看了101的诞生，买了点纪念品就下来了，101附近就是微风 、新光三越 、华纳威秀。非常壮观，风景很美。"
"M34****0734","5分","超棒","景色5","趣味5","性价比5","不错
很不错的感觉，就是排队的人很多很多，如果预约星巴克的话可以上楼去免费参观，不过有最低消费而已。比较推荐夜间去看。值得前来。"
"M36****1863","5分","超棒","景色5","趣味5","性价比5","今天是一路踩着营业结束的游览，到达89层室内观景平台的时候已经9点多，距离营业结束不到一个小时，人流已经很少，可以随意地欣赏360度的台北夜景。景色很美，非常壮观！"
"吃萝卜的鱼儿","5分","超棒","景色5","趣味5","性价比5","101大楼对我而言是去台北必去的标志地。从小看台湾偶像剧，就对这台北第一建筑念念不忘了。台北101大楼集办公、观景台和购物中心于一体，是台北的标志性建筑。非常壮观。"
"伦敦小王子","4分","满意","景色4","趣味4","性价比4","台北的101大楼是台北著名的一个购物中心，它下面几层是购物中心，最上面的则是观景台，上到顶层观景台的门票是200多块来着，不知道现在涨价了没，因为我去的时候到现在来评论已经过了两年了。"
"M30****9258","5分","超棒","景色5","趣味5","性价比5","看到雨中的101，很孤独的感觉……其实挺喜欢这种一座城市一个地标，一座高楼的感觉。很不喜欢香港那种全部高楼堆砌在一起，抬头看到的不是天空而是玻璃墙。非常美丽壮观。"
"Newflyyy","5分","超棒","景色5","趣味5","性价比5","台北101大楼很有名，是台北的标志性建筑，台北市中心都可以看到101大楼，101大楼是个综合性大厦，去了购物中心，还去了101大楼的观景平台！"
"david_xiayu","5分","超棒","景色5","趣味5","性价比5","台北的101大楼是台北重要地标。
基座为一柄如意，象征万事如意，楼身似竹子，象征节节高，步步高升之意。
这里有世界最大最重的风阻尼器，用于减弱台风、地震对大楼的影响。"
"Shah Lee","5分","超棒","","","","真的很值得一游,景色优美,技术进步不错。我强烈推荐参观这个地方,一个很棒的“旅游陷阱”。"
"微笑的向日葵🌻","5分","超棒","景色5","趣味5","性价比5","步入台北101，您会被高速电梯的速度和顶层的观景台所震撼。乘坐世界上最快的电梯之一，仅需几十秒钟，您就能从底层直达观景台，感受到快速上升的刺激与兴奋。而一旦抵达观景台，您将被眼前的壮丽景色所征服。从这里，您可以俯瞰整个台北市的美景，尽览群山、大海和城市的壮丽景色，仿佛触摸到云端的感觉。"
"pa****e","4分","满意","景色4","趣味4","性价比4","台北101大楼，登楼需要买票，普通600台币一人，残疾人540台币，轮椅可以有一人陪同优先。我们8点40上电梯，37秒就到了89楼，这个速度保持了很多年的世界第一。上去可以看看台北的夜景，绕场一周，可惜玻璃不太干净，外面还有网，拍照的效果不好。91层室外观景台，只开放大概90度吧，而且围墙很高，向下看也看不了多少，主要是可以仰拍大楼最高几层的尖尖。看完之后再下89层买冰箱贴，然后再电梯到底层。作为台北地标性的建筑，可以一去。"
"M37****5446","5分","超棒","景色5","趣味5","性价比5","台北必打卡的地方~我们没有去101观景台，选的35楼的星巴克观景。那天有点雾，但是反而营造了一种仙气。在台北最高的楼上，云就在你触手可及的地方，一阵风吹过，一层层雾中散开了一片缓慢的车流，坐在观景的凳子上，不知不觉半个小时就过去了。"
"超级ctt","4分","满意","景色5","趣味3","性价比4","位于台北市精华地带，信义路五段世贸中心旁，捷运象山线〝台北101 /世贸站〞下车即达。楼下有美食街、伴手礼店和台湾人气餐饮鼎泰丰餐厅，(如欲吃鼎泰丰，这里是不错的选择，因为位子较多，等候时间较短)，用餐完可到楼上采购世界名牌商品，购物走道宽敞，挑高的购物空间，让人不觉得拥挤，逛累了，可在宽敞的中庭休息，或在咖啡Shop喝咖啡、茶饮小憇，是个值得推荐的购物、用餐或休闲好去处。"
"攸声旅游","5分","超棒","景色5","趣味5","性价比5","台北的地标！台北的建筑普遍低矮，远远的就能看见101大楼，非常瞩目！

观景台设在87-89层，需要从5楼购票后，直达电梯送至88楼，曾经这是世界上最快的电梯，后来就被我们上海中心取代啦。

88层是室内观光层，360&#176;俯瞰台北市，89有户外观景台。87层是下行电梯，可以看到一个巨大的圆球，这就是风阻尼器，有了它，再大的台风也不怕啦~"
"YuYu","5分","超棒","景色5","趣味5","性价比5","还是很漂亮，值得一去，电梯非常快，30几秒就上89楼，上去看看台北的夜景还不错，还可以上到91楼有个观景台，但是都是栏杆围着的，不怎么能看出去，上面也有一些卖纪念品和商品的地方，买了门票会给优惠券，纪念品还是卖得比较贵，总体来说，值得一去。"
"Tom Hung","5分","超棒","景色5","趣味5","性价比5","台灣第一高樓，塔樓為商業辦公大樓，聚集眾多重要的金融貿易公司，裙樓則是大型的高檔購物中心，世界上主要的高檔奢侈品品牌均在此設置了形象旗艦店。"
"DLBJ2018","5分","超棒","景色5","趣味5","性价比5","台北101大楼是台北的地标式建筑，它高高耸立在台北市中心。这里既是购物中心也是观光景点，从101大楼俯看台北夜景很美。这里的购物中心不但有各色的专卖店还有许多有名的餐厅，是观光购物的好去处。每年的跨年烟火非常精彩，不可错过。"
"阿悠麻麻","5分","超棒","景色5","趣味5","性价比5","从中正纪念堂搭捷运到101,只有5站而已。101对于现在的台北来说,也是一个标志性的建筑,由建筑师李祖原设计,2010年以前是世界第一高楼。 
从地铁站出来,直接就通到101大厦的入口处,这么近距离的从底下往上看,还是满壮观的。台北除了101以为,所有其他的房子都不高,所有几乎你走到哪里,都可以看到101的。
既然到了101,怎么能不去体验一下这个全世界最快速度的电梯呢,即使上去的费用有点小贵。40秒左右的时间就可以到达69层的高楼,真的很快,快到耳朵都要难受好一会才缓过来。"
"菜姑娘","4分","满意","景色4","趣味3","性价比3","台北101，地标性的建筑，位于台北繁华地段，捷运出来就是，人流涌动，热闹非凡。
101大楼集美食，购物，参观于一体，满足各个人群的需求。
门票有点贵，600台北，相当于130左右人民币。排队不算长，很快就能排到。
电梯值得一座，只要40秒左右，就能达到，速度超快。
楼上的参观谈不上很惊艳，很东方明珠，澳门塔等有异曲同工，建议晚上去，或者天气好的时候去，能见度高，晚上可以看灯光。"
"大老鼠格蕾丝","4分","满意","景色4","趣味4","性价比4","记得最早知道台北101大楼还是听蔡依林的歌，话说从她的歌里知道了好多地方啊23333！台北地标建筑，曾经也是世界最高的大楼，不过对从魔都来的我们说并不稀奇。我们只是傍晚在下层的商场逛了一下，没有买票登顶，觉得没什么大意思。而且如果要拍台北全景，显然就不应该从101里面拍，就跟巴黎全景少了个铁塔一样。101夜晚亮灯的时候，感觉还是会和纽约帝国大厦有一丢丢像，都很有气势。"
"爱喝柠檬茶","4分","满意","景色4","趣味4","性价比4","这是台湾标志性的地标了，好像现在台湾也没有出现比它还高的建筑，我感觉它的外形要比小蛮腰丑呢，不过它之前获了很多头衔呢，入口在5楼，89层是室内观光台，91层是室外观光，人很多，那里除了看景的好地方以外，还是shopping的好地方，不过价格就绝非便宜就是了，体验还行，不过可以缩短排队的时间，那会更好。"
"juki235","5分","超棒","景色5","趣味5","性价比5","101大楼是台北最高的建筑，从桃源机场下来进台北的高速上就能看到他的身影。感觉像是一个巨大的玉琮，把中华艺术融入了建筑里，非常的漂亮。大厦下面7层是商场，东西挺贵很高档，楼下的广场上全是游客非常热闹，来台北这里千万不可错过。"
"奔跑","5分","超棒","景色5","趣味4","性价比5","台北市的地标建筑，捷运线路直接联通，出地铁站直接到101楼下。101是台北著名的商圈，各大品牌都集中在这里。估计有很多点评都评价的是101大楼本身。实际上在101大楼周边有非常多的商业设施，包括诚品书店。以及松山文创园。步行都在20分钟以内可以到达。利用一天的时间好好逛逛101和周边适是个不错的选择。"
"_WB4****635","5分","超棒","景色5","趣味5","性价比5","老夫子：《往事逾千年&#183;臺灣風光》一一101大楼15&#183;10&#183;13傍晚（平板拍）                  《 眼 皃 媚 》 金秋時節夜瀟瀟。仰望101。客来應癡，眉彎蹙現。瞭得樓髙。         小憩峰至徐進處，人海茫茫杳。俯觀窮妙，燈火明燭，無遺全小！                                        丁酉年七月初十"
"小小绿带爆米花","5分","超棒","景色5","趣味5","性价比5","现在连台北101大楼附近都很少人了，车也少了很多，没有多少人上班。Wework平时一座难求，现在要是觉着烦了可以换着位置坐，咖啡和啤酒管够，看你想去干什么了。"
"好脾气的吴小姐","5分","超棒","景色5","趣味4","性价比4","直接去的观景平台 感受还是很不一样的 在网红拍照点也拍了照片 中间也有一些卖纪念品 和盖章的地方 也有邮筒 观景台下面 还有一个地动仪 也可以去看看 参观完还可以去地下吃小笼包"
"M30****8811","5分","超棒","景色5","趣味5","性价比5","从101往外看夜景，可以俯瞰整个台北，灯火通明。搭电梯时，记得抬头看看天花板，上面的星辰图会随着电梯上升而扩散开，感觉自己像是在夜晚一飞冲天。非常壮观美丽。"
"ki****nt","5分","超棒","景色5","趣味4","性价比4","作为台北的标志，101是必到哒。下午四点多到的，上观景台的人不是很多，电梯果然超级快的，可惜傍晚天空云很多，没能看到夕阳西下的美景。楼下的鼎泰丰味道不错哦！"
"M37****6833","5分","超棒","","","","这里的风景非常棒及视野辽阔可360度俯瞰台北市，及阻尼球很有特色，不过观景台不大约60-90分钟可逛完及当时为早上时段优惠票$100，排了近两小时。。。"
"M37****6183","5分","超棒","景色5","趣味5","性价比5","台北101大楼是必去的景点。进大楼有很多店铺，品类很丰富，和商场差不多。做电梯上去到观景台也有纪念品商店，纪念品开发很丰富，我买了冰箱贴。非常壮观雄伟。"
"M35****5282","5分","超棒","","","","是位于台湾台北市的最高大楼，有许多美食街以及购物的商店，集合时尚及流行的复合式大楼，有许多精品可以购买，也有许多知名餐厅可以选择，是周末以及休闲的好去处"
"_WeCh****95794","4分","满意","景色5","趣味4","性价比4","曾经的世界第一高楼来了台北总要去看一下的，电梯确实快89层感觉家里10的速度确实快，景色的话摩天轮坐多了看看也就那样，看过了总说看过了也不会在自己想象中了，不过来台湾感觉台湾人很文明很有礼貌。"
"chaojile","5分","超棒","景色5","趣味5","性价比5","101大楼是台北的地标，大楼的夜景也是极美的。观看大楼夜景的最佳处是象山，从象山步道口入口登高，约摸三，四十分钟到达观景台，可以从不同角度拍大楼夜景。"
"Drama Queen MIU","5分","超棒","景色5","趣味5","性价比5","各个角度各种天气下的101都有不一样的风采！不愧为曾经的亚洲第一高楼！
不管是从里面看外面还是从其他的建筑物看过去！101都在那里！"
"～如月＊芬芳～","5分","超棒","景色5","趣味5","性价比5","台灣的101景色優美，我作為台灣人，也只是去過一次登上頂樓，和家人一起去吃飯逛街欣賞湖光山色，在101頂樓可以看到台灣的台北景色。"
"yi****214","5分","超棒","景色5","趣味5","性价比5","只会来一次
食之无味弃之可惜，觉得就是参观101的写照吧，观光客一定要来一次，但是上去后其实又没有什么好看的，不来又觉得很不对劲。"
"轻快的行走脚步","5分","超棒","景色5","趣味5","性价比5","台北101大楼是台北标志性建筑，很高大上，在台北市区中心远远就能看到！该大楼是综合性大厦，购物中心不错，有很多知名品牌和餐厅，还有观景平台，很不错！"
"喜欢旅行的Mrpatrick","5分","超棒","景色5","趣味5","性价比5","台北101楼下有购物中心，天气好的时候，上面的台北夜景是非常漂亮的，排队时间还好，提前携程买票，选好时间就可以了，楼外夜景也很美"
"M36****5748","5分","超棒","景色5","趣味5","性价比5","在台北101大厦溜达了一圈，在通往观景台的大厅里看到了环形屏，播放台北从早到晚的城市变化还有台湾的一些著名景点。另外还有上观景台的门票。值得一看！"
"M35****5583","5分","超棒","","","","观景台整体环境不大，但可以一览台北风景。适合天气晴朗时前往，如阴天或雨天，可能因起雾而视线不佳。楼下为百货公司，参观完观景台还能去逛街吃东西。。"
"KS炎炎","5分","超棒","景色5","趣味5","性价比5","台北101大楼，从b1到89层，只需要39秒，381米高度，站在景观台俯瞰台北城区，风阻尼器也坐落于此，夜景也是十分美丽的"
"飞行的小鸟6656","5分","超棒","景色5","趣味5","性价比5","101 新体验
（1）89楼观景台，高度382公尺，拥有绝佳360度全视野观看完整台北市
（2）全台最高101F秘境花园，全新打造法式庄园情怀，让爱拍照的妳，怎么拍都拍不腻
（3）全新开放高空漫步新体验，开放最高户外平台，挑战在海拔460公尺震撼感
（4）沈浸式体验飞行，实际感受真实飞行。"
"linglizi","5分","超棒","景色5","趣味5","性价比5","去台北，哪能不去101大楼体验下呢😄需要提前预约，我们凑的十人团体票，很优惠，并且预约了86层楼的午餐。环境超棒，卫生间也很个性化，设施完备，服务热情，菜品丰富，味道很赞，据说，这里的菜谱就是当年接待市长的。餐厅顶部有灯光秀，变换出各种彩色图案。最好的是我们预订到了临窗的座位，可以边吃饭，边俯瞰台北的景色。台北巨蛋特别显眼。值得体验。"
"M35****5282","5分","超棒","","","","台北世界级高厦，本建筑曾在discovery纪录片形式来介绍，在88楼观景台欣赏台北市景色，包括不同住宅大厦、松山机场、北市景色，值得前来。"
"M36****6943","5分","超棒","景色5","趣味5","性价比5","我们是到现场买的票，其实在网上买会便宜一些，而且也不用排队。根据指示牌，顺利的找到排队乘电梯的队伍，很快就轮到我们上电梯了，夜景还是不错的。"
"M36****659","5分","超棒","景色5","趣味5","性价比5","列入吉尼斯世界纪录的最快速电梯，有2部，为观景台使用，其上行最高速率可达每分钟1010米，相当于时速60公里，从1楼到89楼的室内观景台，只需39秒；从5楼到89楼的室内观景台，只需37秒，电梯停靠1楼、5楼与89楼，民众至5楼购票后排队入场参观，南侧有91楼售票处与出入口，有7台40倍的望远镜设置于各角落，使用费用为每60秒20元。89楼的室内观景台全票为新台币400元，优待票票价为新台币370元，时间为每日的10:00至22:00，值得登高參观！"
"莫扎扎315","5分","超棒","景色5","趣味5","性价比5","台北101大楼是目前世界前十高楼,高509米，是台北的地标性建筑，集购物、美食、观光、金融于一体；分为地上101层和地下5层，其中B1至4楼为购物中心，86至88楼为观景餐厅，89楼为室内观景层，91楼为室外观景台；"
"frie****pli","4分","满意","景色4","趣味4","性价比4","来台北还是要来101看一下，虽然没有上去。负一层都是餐饮，一到四层是购物，五楼是上去观景台的入口，还有纪念品也是在入口那里买，纪念品比较贵。在商场买东西和纪念品满2000台币能在负一层办退税，餐饮不算，我们2000多点点退了100。"
"M35****9348","5分","超棒","","","","这里台湾最高大楼观景台，俯瞰台北市都市丛林，每天人潮皆是络绎不绝，也是世界各国旅客必访之处。近期101观景台有国人优惠门票101元方案。。"
"M36****0249","5分","超棒","景色5","趣味5","性价比5","到台北101，不需要提前买票，当场买就可以，我们6点半多就到了，排队的人还在预料之中，大概买票排了半个多小时，入场排了不到1小时，对于这种著名景点，还在可接受范围之内。非常壮观。"
"M30****4954","5分","超棒","景色5","趣味5","性价比5","站在山上的观景台上可以看到101大楼外全景。天拄般的高楼屹立在信义金融贸易区中心。无数的彩灯像是一颗颗星星从天而降，美不胜收。夜景更美。"
"tiramisu1130","5分","超棒","景色5","趣味5","性价比5","来到台北地标性建筑101，肯定必须要寄上明信片给亲爱的人，这是不是一件很浪漫的事情呢 观景台有邮筒 还是很有意义的！另外 在101大楼上看台北的夜景真漂亮！PS 楼下就有网红鼎泰丰 价格可比大陆要实惠很多哦"
"61****818","5分","超棒","景色4","趣味4","性价比4","门票好贵，浏览时间才半小时，个人觉得不如东方明珠，没有室外景观台，而且也能浏览两层，就那个风阻尼球还挺新鲜的，就是去了台北总归要去看看的"
"M37****9426","5分","超棒","景色5","趣味5","性价比5","5楼以下是商场，主要卖一些奢侈品，标价比大陆便宜，而且经常会打折，再加上当场退税，相信你可以以一个不错的价格买到心仪的物品。非常壮观。"
"心向远方jing","5分","超棒","景色5","趣味5","性价比5","101大楼是台北最显眼的地标性建筑，他曾经六年蝉联“世界第一高楼”称号，来台北旅游必要到此来看看。大楼分为地上101层和地下5层，如果想参加蹬塔活动一定会排队等候一两个小时。"
"用脚下的路丈量这个世界","5分","超棒","景色5","趣味5","性价比5","新年期间去的，正好有跨年活动，还看了101的烟花表演，真的很不错，震撼的很。现场看的人很多，需要提前找好位置，一起倒数，很有新年的气氛"
"f****t2","4分","满意","景色4","趣味4","性价比4","台北地标建筑，当然要去看了。由于掐着点去的，入场时21:15了。匆忙上电梯至88楼和91楼。走马观花地参观了一下，离开时买了点纪念品。"
"M36****5512","5分","超棒","景色5","趣味5","性价比5","走到了101，不得不说，其实，比想象的小好多，可能是见过北京的中国尊，顿时觉得这个建筑，好小，而且好细，没有想象中的气派。非常壮观。"
"M33****2295","5分","超棒","景色5","趣味5","性价比5","台北市的地标
101虽然不是全球最高的建筑了，但它特别的竹节设计仍是非常有特色的建筑! 我的希腊朋友也觉得它是很棒的建筑，让人印象深刻!"
"M30****1190","5分","超棒","景色5","趣味5","性价比5","101美景美食
具有建筑师匠心独具的建筑法，代表才高八斗，高楼层可赏台北市景，全栋享有美食盛誉的店家，是台北市必逛的景点，让人值得回味"
"白马炯釥","5分","超棒","景色5","趣味5","性价比5","好吃好吃的好玩的！逛吃逛吃逛吃.......开火车模式啊！吃得多走得多买的多！哈哈哈.......101这个打卡地标不来怎么行呢！"
"安迪米奥","5分","超棒","景色5","趣味5","性价比5","刚好遇到下雨，但是能见度还是可以的，在88层的饭店用餐，可以欣赏到台北的大貌，也是很地标的一个建筑了，感兴趣的朋友可以去看一下。"
"隨時出走","5分","超棒","景色5","趣味5","性价比5","101大樓台灣最高樓，登楼体驗天空美景，最佳時間為日落前，看一下凌駕街巷^^，接著看日落，再看完美夜景，台北以密集度高著名的漂亮夜景，個人覺得是數一數二的美(全世界喔)"
"M33****9173","5分","超棒","景色5","趣味5","性价比5","景观美
上35楼星巴克喝咖啡，虽然有低消，还有限时，但景观美 气氛佳，外国客人居多，天气好的时候上来看看 蛮纾压的，很推荐！值得前来。"
"M33****4460","5分","超棒","景色5","趣味5","性价比5","看看风景吹吹风
101观景台，风景还不错，坐电梯到室内可以逛逛纪念品，再往上走楼梯可以到天台去吹吹风也不错，跟纽约的帝国大厦很像了"
"M33****6152","5分","超棒","景色5","趣味5","性价比5","我们在台北101下面的购物商场逛了一下，东西还算很多，但是我们买了里面的焦糖鸡胗和奶茶，味道都一般般，比较失望。观景台风景不错。"
"萌萌是我呀","5分","超棒","景色5","趣味5","性价比5","台北必打卡地点，景色不错，环境也好，就是在上面寄的明信片一直都没收到，建议快黄昏的时候上去，这样白天和夜景都能看到啦，好像风大的时候室外不开，还好我们去的时候天气不错！"
"M30****3276","5分","超棒","景色5","趣味5","性价比5","从80多层的高楼鸟瞰台北全景，不如101层豪华。
作了太多的防护玻璃，反光是拍台北夜景有特别大的阻碍。非常美丽，壮观，景色很美。"
"M36****3725","5分","超棒","景色5","趣味5","性价比5","老远就可以看见这座台北的象征，搭捷运到台北101站下车，没有上去，很多人在此聚集，可惜不能元旦的时候过来看烟花。非常壮观美丽。"
"M33****2987","5分","超棒","景色5","趣味5","性价比5","全市区夜景
不贵的观景台费用，有高速电梯提供搭乘，在顶楼关紧台还有贩卖文创商品，旁边有咖啡厅可以修西聊天，值得前来，非常推荐!…"
"老人家","4分","满意","景色4","趣味4","性价比4","地铁红线到达 台北101/世贸 站 从4号口出 到达101大楼的负一层 乘电梯到达五层 买票 票价每人600台币 对台北市民老人有优惠 其他的人没有优惠 天气晴朗时 开放90层室外活动场地"
"M51****565","5分","超棒","景色5","趣味5","性价比5","值得一去
还不错，周边一堆商城，可以逛上二天，可以看到整个台北，个人觉得一般没什么看点，望远镜也是要投币收费的，门票有一点贵，"
"沈福成","5分","超棒","景色5","趣味5","性价比5","台北市101，第一张照片是早上我在住宿的酒店拍摄的，因为阴天有点暗，另外8张照片是在101的89层观光时拍摄的台北市的夜景。"
"yi****214","5分","超棒","景色5","趣味5","性价比5","高楼
这是台湾的地标。基本来台湾一定会到。里面的底下是好好逛的商场。交通方便。外面一定要拍照。在四国南南村可拍到不错的角度。"
"_WeCh****399481","5分","超棒","景色5","趣味5","性价比5","值得一去，很美很美。特别漂亮，美如画，台湾真的是太美了。好吃的也超级多，交通方便，携程服务棒棒哒。下次还要再选携程。点个赞"
"tra.cra49","5分","超棒","","","","这是一个提供冒险和放松的令人兴奋的组合的地方,使它成为城市中顶级景点之一。"
"bhdmfvj","5分","超棒","景色5","趣味5","性价比5","Instagram 上很火的构图法，陶朱隐园扭曲的建筑刚好
可以框住101大楼，不过其实左边那半边是后期P上去
的。佩服第一个想到这个手法的人，实在太妙，难怪引
无数人模仿！
具体机位在忠孝东路五段236巷附近。
象山
同样是框住101大楼，这个机位在象山，往山上爬一小
会就能发现。
3 陶朱隐园
据说是台湾房价最高的物业，每层楼都旋转4.5度，把
整栋楼扭成一个大麻花，非常酷！
4台北车站霓虹灯
这一处外墙上挂满霓虹招牌的大楼也是 Instagram 上的
常客，样子很有点日本霓虹灯的风格。位置在台北车站
附近的新光三越前。
⑤ 台北桥机车瀑布
每天清晨，数不清的市民骑着摩托车 $跨过淡水河，
到台北市区打工，于是在台北桥上形成了浩浩汤汤的摩
托车大军，台湾人生动地称之为“机车瀑布”。一定要带
着长焦镜头一大早就去！"
"魔女锦鲤","4分","满意","景色4","趣味3","性价比3","台北101大楼是台北睇第一高楼，在2010年前也是世界第一高楼，现在已经退居世界第三。他也是台北著名地标，来台北必打卡的地方。开放时间是:周一至周日10:00——22:00。来这里参观的游客很多，上观景台必须要排队。门票可以通过在网上购买优惠票。在台北不同地方都能看到101的身影，要拍照全景必须要远距离才能拍下。在101的基础楼层是普通的购物商城，这里有很多不同的国际大品牌专卖店，有服装，有吃的，玩的，一应俱全。还有101的纪念品，水晶的101模型，喜欢的可以买回去做手信。"
"环球旅行家~木子","5分","超棒","","","","夜幕下的台北101大楼，有世界上最快速的电梯，有露天观景台，有无敌视野能一揽台北景观。
非常值得一去的地标打卡点。上面有很多2020吾皇万岁猫咪系列的主题活动。 进入电梯之前还会给拍照哦，可以在电子显示屏上看到。"
"宁波阿明","5分","超棒","","","","晚上去的，人不多。因为政策原因，台湾整体上，大陆的游客都不多。在售票窗口，通过携程买了票，然后取票，优惠不少。接着排队，10分钟左右吧，很快，乘高速电梯，到顶，然后慢慢兜圈，不限时间。夜景一般般，仅仅是体验一下当年的亚洲最高楼。"
"jyh1363","5分","超棒","景色5","趣味5","性价比5","坐落于台北市信义区的101大楼，是台北乃至整台湾的标志性建筑。从外面看，气势恢宏，直插云霄。大楼每8层楼为1个结构单元，彼此接续、层层相叠。电梯速度飞快，而且非常平稳。登上平台，俯瞰台北，美景真是尽收眼底。"
"薯条吃不够","5分","超棒","景色5","趣味5","性价比5","去顶楼吃饭，做的是极速电梯，很快就到了。菜品还可以，主要是观景。从这里可以看到政府大楼，工字那个楼，其实是两个大写的“十”组成的，因为台湾的庆日是10月10日。"
"M35****5583","5分","超棒","景色5","趣味5","性价比5","有机会登上101最高欣赏点101层楼，由上往下俯看台北市所有的特色建筑，景观，尽在眼前，让人感受到那心情的辽阔与感动，一般民众或旅客，基本上都会只到89层而已，但到101层楼俯看，会让你更了解台北市的美丽"
"tiramisu1130","5分","超棒","景色5","趣味5","性价比5","台北最重要的地标性建筑 虽然比起上海的高楼大厦 这里真的不算什么 可是听了导游的介绍 才知道 很多细节之处的设计还是很用心的 但是站在最高处 往下看 全部美景！夜景还是很不错的 在这里还可以感受最快递的电梯 来的朋友可以去体验一下！另外 还可以在这里的邮筒寄明信片哦"
"133****4895","5分","超棒","景色5","趣味5","性价比5","到台北，101大楼是一定要去的，高高的大楼，很远就看到的高的气派，要想登上顶楼，道排队买要，伍佰多元的新台币，今人民币壹佰多，还是蛮贵。商场，娱乐，到了顶楼，腑看台北，游客特别多，找个合适的位子拍照，很不容易。带上点心，在上面看夜景是不错的选择"
"*垭口的风*","5分","超棒","景色5","趣味5","性价比5","来台北旅行必打卡的景点之一，去时天气还比较给力，只是安排的时间不是太理想，时间太早了一些，以至于101大楼里面很多的商家都还没有正式开门迎客。相对幸运地是，去了官方纪念品商店，为自己挑选了两个小礼物。不得不说，101大楼真的是台北的地标建筑，还未到达这个目的地时，老远就发现了它；而走在城市的很多地方，也能在不经意间看到它。"
"乖小咪","5分","超棒","景色5","趣味5","性价比5","台北的101大楼是台北最高的建筑，他的造型有点像中国兵器中的戬，外观十分的威武。他也是台北的地标建筑，在台北的各个角落都能看到它，它的底层是大型的商场，十分的热闹，顶层则是观光平台，可以一览台北的美景，是来台北旅游必到的地点。"
"M20****086","5分","超棒","景色5","","","大楼是真的超级高啊，不过里面的专用电梯速度也是飞快，轻微的有一种失重敢。楼顶大厅展示了一个超大的阻尼球，据说是楼梯保持稳定的核心。不过现在上面确实能感觉到楼体在晃动，景色很好，里面珊瑚制品很精美。"
"伦敦小王子","4分","满意","景色4","趣味4","性价比4","101大楼在台湾台北可以说是唯一的地标性建筑，基本上说起台北101大楼我相信肯定基本上每个人都会知道，特别是晚上的101大楼全身的灯光都会打开，非常漂亮。"
"小圆94","5分","超棒","景色5","趣味5","性价比4","台北高楼地标，台北101，登高远眺整个台北市区，上面有一家星巴克，可以在台湾最高楼品尝一杯咖啡喔，人多时候还需要提前预约哦。门票可以在携程购买电子票，然后上五楼找到那只黑熊兑换纸质票，很方便。"
"MisterZ","5分","超棒","景色5","趣味4","性价比4","台北101应该是最著名的景点之一了。
网上订的票直接在101五楼换票，电梯很快，88-89-91三层，夜景比白天更好，下楼之前要绕过商场，看下就可以了。"
"行走静心","4分","满意","景色4","趣味4","性价比4","景色确实挺不错的，不知道夜景怎么样白天来的还是挺震撼的，趣味性一般吧，但是呢，这个电梯确实厉害，37秒一点感觉也没有就到了几百米的高度，科技真发达！"
"百合1203","5分","超棒","景色5","趣味5","性价比5","台北101大楼上有铜钱，有锁扣，有貔貅，每一层都像箱子一样的被扣住。光在下面几层逛逛 感觉就可以逛上一整天 真的是一个各大的shopping mall！各种一线品牌这里都有"
"随心而至","5分","超棒","景色5","","","由于白露台风影响，所以91楼的户外没有开放，比较遗憾，傍晚去比较好，白天和晚上的台北全能看到。阻尼器还是比较有特色的，一般的摩天大楼都放在地下部分，这个应该是唯一放在高层并可以参观的。"
"moon_moon","5分","超棒","景色5","趣味5","性价比5","台北101大楼是目前全球第二高大楼，仅次于迪拜的哈法利塔。101大楼集办公大楼、观景台和购物中心于一体，是台北市的地标性建筑。除了购物与观景台之外，台北101的璀璨灯光夜景也不可错过。"
"🍁木子毅🎉🎈","5分","超棒","景色5","趣味5","性价比5","101大楼只能坐到88层。观看台北市。电梯速度很快！人也很多！基本上都是中国人。不错"
"秋日侠影","5分","超棒","景色5","趣味5","性价比5","101大楼的1-5层是商店，里面以奢侈品居多，在5楼售票处，看到买票的人群和排队等候上观景台的队伍，我鸡冻的心被兜头浇了一盆冷水，买票加排队，没2小时拿不下啊，算了，还是到此一游吧。"
"吖望","5分","超棒","景色5","趣味5","性价比5","去台湾旅游一定要去的景点！站在大门口就已经很震惊了，好高啊！里面排队上85楼的人超多的，晚上去会更漂亮！值得推荐！很漂亮！"
"喜欢猫的虎","5分","超棒","景色5","趣味5","性价比5","台北101大楼（Taipei 101 building），前名台北国际金融中心（Taipei Financial Center），又名台北101、台北金融大楼，位于中国台湾省台北市信义区，坐落于台湾省台北信义区金融贸易区中心，东临信义广场，北依信义21号公园，西近富士洋行，南靠台北捷运信义线。"
"Simooooona","5分","超棒","景色5","趣味5","性价比5","这次去台湾没有上88层
反而是好好逛了几次商场和楼下的各色小吃吃了一遍
楼下的日式拉面很好吃 我们连着吃了好几天
然后就是可颂
每次买都要排队
这次去是正好赶上了圣诞节冰雪女王的活动
虽然台北不下雪 但是有人造雪 真是太好玩了哈哈哈"
"mauves","5分","超棒","景色5","趣味5","性价比5","天气好的时候，风景很好，台北景色尽收眼底；楼下是大型shopping mall，吃的玩的买的一应俱全；交通非常方便捷运站101站，中心位置。"
"紫色康乃馨","5分","超棒","景色5","趣味5","性价比5","值得一去，在这里还吃了个饭。感受一下建筑学的神奇。毕竟自己也是同行。据说这是一个很讲究风水的大楼。"
"伦敦小王子","4分","满意","景色4","趣味4","性价比4","101大楼是台湾台北的标志性建筑，它同时还是一个大型的购物中心，各种名牌这里应有尽有，很多游客来这都把101当作是购物天堂，而且还能退税。"
"Tom Hung","5分","超棒","景色5","趣味5","性价比5","雨天的台北只能從事室內活動，走走逛逛Taipei 101 mall,拍拍這個充滿現代元素的購物中庭。"
"苏打小V","5分","超棒","景色5","趣味4","性价比4","101大楼是台北市最高的建筑，也是地标。在台北很多地方都能看到101的身影。它是办公和商业综合体，下面是购物商场，上面有办公楼，开放观景台让游客更好的看台北市区全貌。值得一去！"
"Chuanlun Mo","5分","超棒","景色5","","","总体感觉还是不错的。建议去台湾游玩之前，一定要提前做好攻略。101 不愧是台湾地标性建筑。非常壮观，值得一去 就是有点人多  携程购票很方便。总之非常值得一去。希望以后有机会还能再去。"
"M37****8764","5分","超棒","景色5","趣味5","性价比5","从80多层的高楼鸟瞰台北全景，不如101层豪华。
作了太多的防护玻璃，反光是拍台北夜景有特别大的阻碍。整个101大厦最特别的是本楼本尊。"
"LY3V1","3分","不错","景色4","趣味3","性价比2","101大厦是台北的地标，曾经显赫一时，誉满全球。今天虽然不再是世界上最高的楼，但他有自己的阅历和情怀。上下电梯虽然非常快，但是门票价格确实有点儿太虚高了。"
"jimmy","5分","超棒","景色5","趣味5","性价比5","台北101大楼，为台湾经济发展的重要指标之一，是台北市标志性建筑之一，多家跨国企业进驻，形成台北信义区商圈，带动了台北的金融贸易。"
"银河客","4分","满意","景色4","趣味3","性价比2","从台北101大楼观景台能够俯瞰整个台北城市，但是，这种高楼上的多了，也就没有什么意思了。倒是台北101大楼周边有很多美食特别诱人！"
"狄波","5分","超棒","景色5","趣味5","性价比5","还是挺值得去的地方！唯一将阻尼器放在建筑里并且可以看到的，巨大的很震撼！从通化街出来就能看到，实际上在台北市区几乎都能看到。在观景台俯瞰夜景也不错！"
"鱼儿爱呆牛","5分","超棒","景色5","趣味5","性价比5","台北地标性建筑，还是值得去的，观光电梯超级快，还没来得及反应就到了。电梯里的星光点点很有点意思。傍晚看台北夜景很美。很喜欢台北。"
"zl639","4分","满意","景色4","趣味4","性价比4","台北最高的景点，看过陆家嘴外滩的夜景再看101的夜景，兴趣也不是很大但对大球体颇感兴趣，据说是支撑整栋楼的关键，里面自拍的人好多"
"快乐小珠珠","5分","超棒","景色5","趣味5","性价比5","台北101大楼是台湾第一高楼！有超大风阻尼！超高速电梯！在高楼上俯瞰这个台北景观很美的"
"真诚7577","4分","满意","景色4","趣味4","性价比4","整个大楼就像“鼎”字建成，本身有聚宝盆的隐喻，而看上去就像竹子一样一节一节节节高升、柔韧有馀，象征生生不息的中国传统建筑意涵。"
"M30****1190","5分","超棒","景色5","趣味5","性价比5","由于时间关系，没有登顶，就在楼下拍照打卡之后就去了附近的象山和四四南村。象山夜景不用说，从四四南村拍101大楼全景也是很美的。"
"卡洛Carlo","5分","超棒","景色4","趣味4","性价比4","曾经的世界第一高楼，值得一去。爬上去可以说我上来了。可惜天公不作美，在下面几乎看不到全貌；从上面一点儿也看不清外面，云里雾里～"
"冷茵","5分","超棒","景色5","趣味5","性价比5","5月份去的，天气不冷不热，真的很不错，门票价格不贵，电梯很快！看了看大球！外观夜景很美！楼下是鼎泰丰和很多吃的，超市之类！"
"M33****2948","5分","超棒","景色5","趣味5","性价比5","位于台北信义区的台北101，曾经是世界第一高楼，主建筑物是办公区域为主，其他也还有101观景台与餐厅，隔壁的商场则是诸多精品名牌进驻，地下一楼还有美食街跟伴手礼。"
"Luvvvv","5分","超棒","","","","台北101大楼是台湾的地标性建筑，位于台北市信义区。它于2004年完工，曾是全球最高的摩天大楼，高度达508米，共有101层。大楼的设计灵感来自于中国的传统建筑，融合了现代科技，外观独特，象征着繁荣与进步。台北101内有购物中心、餐厅及办公室，并设有观景台，让游客俯瞰台北市的美景。每年除夕夜，101大楼会举办烟火秀，吸引众多游客前来庆祝。它不仅是商业中心，也是文化和旅游的重要场所。"
"kkirene","5分","超棒","","","","台北101是台北市的地标性建筑，以其独特的设计和壮观的高度而闻名。这座摩天大楼不仅是全球最高的建筑之一，更是融合了传统与现代的象征。从观景台俯瞰，壮丽的城市景色令人惊叹，特别是在夜晚，灯火通明的台北更显迷人。周围的购物商场提供多样化的餐饮和购物选择，让游客能够享受丰富的文化体验。无论是本地居民还是外地游客，台北101都是不可错过的景点。"
"worldtravellover","5分","超棒","","","","台北101系台北市最出名嘅地标，仲系全球最高嘅摩天大楼之一，高达508米。佢嘅设计灵感来自中国传统建筑，特别系竹子，象征住生长同繁荣。大楼入面有购物中心、餐厅同观景台，游客可以喺观景台俯瞰台北全景，特别系夜晚，城市灯光闪烁，真系好靓。台北101仲系全球最高嘅绿色建筑之一，展现咗环保同现代科技嘅结合。无论系文化、购物定美食，台北101都系一个唔可以错过嘅热门景点！"
"_TI***00","5分","超棒","","","","上面的风景很好，可以看日落，还有室外的观景台可以感受一下高速的风速，里面拍照打卡的位也很多，卖的食品也好吃，尤其是有一个蛋糕店很好吃。上面还有一个关于设计和建造历程的展览。 

楼下有很多购物的地方，吃了里面的鼎泰丰，买了很多伴手礼。"
"錦李","5分","超棒","","","","不愧是台北的地标，白天跟晚上不一样的感觉。附近也很好逛，夜市，大型商场，小吃，应有尽有。附件酒店也很多，城市位置配套很成熟，据说跨年的时候燃放的烟火很是震撼，有机会想要到台北101大楼跨年，在台北过新年！"
"Karenren in Perth","5分","超棒","","","","于2004年12月31日隆重开幕的台北101(Taipei 101)，位于信义商圈，紧邻台北市政府，同时也是台北地区的新兴金融大楼，是台湾继高铁案之后，政府奖励民间投资的大型BOT开发案；由台湾十二家银行及产业界共同出资兴建，造价逾新台币580亿元，是由著名建筑师李祖原负责设计及监造，Taipei 101除了利用底部群楼作为购物商场外另为台北金融商业重镇，台湾股市证券交易所也迁移至此。"
"慣慣","5分","超棒","","","","美食超多的好地方 很多夜市 建议年尾去 凉凉冷冷的天气 当然不会下雪🤣啊 合欢山就有可能 冷到飘雪的情况 之前去的时候就是这样 但是我睡著了没看到！台北就很city呀 想要city walk的朋友们都可以去～哈哈哈 记得穿的潮流点！"
"Prettyclare","5分","超棒","","","","营业时间：10：00AM ~ 9:30PM
地址：台湾省信义路五段7号89楼
推荐原因：101楼上可以看到台北市skyline，是台北重要地标，更是美食与购物天堂。
非常推荐大家一定要上去看看，楼上的咖啡厅和自助餐也很值得尝试！超级推！"
"Tom Hung","5分","超棒","景色5","趣味5","性价比5","台北101中庭廣場的聖誕樹🎄，今年走的是粉色泰迪熊的風格，特別華麗且色彩繽紛。"
"ghhfhyh","4分","满意","景色4","趣味4","性价比4","台北101大楼占地面积153万平方米，建筑面积39.8万平方米，高508米，包含办公塔楼101层及高60米的商业裙楼6层和地下楼面5层，每8层楼为1个结构单元，彼此接续、层层相叠，构筑整体；第101层，面积只有3.3平方米，转乘2次电梯才能抵达。台北101大厦在88至92层挂置一个重660吨的风阻尼器，利用摆动来减缓建筑物的晃幅 。
台北101大楼89楼设有室内观景台、纪念证书的摄影服务、语音导览柜台、冰淇淋商店、纪念品商店、阻尼器参观区等；91楼设有室外观景台、7台40倍的望远镜设置于各角落"
"锦瑟迷音123","4分","满意","景色4","趣味4","性价比4","晚上赶回101大楼看夜景，夜景很棒，非常值得一看，从外面看101大楼真的很震撼，特别特别漂亮，进去之后先兑换门票接着就是排队乘坐电梯到达90层。观赏台有两层，一层是室内，360度的台北夜景尽收眼底，楼上是半封闭的露台，只能把手机伸出去拍照，有点危险，风很大，个人觉得还是楼下更好看一些。周边很热闹，很多商场。"
"139****5643","5分","超棒","景色5","","","方便，直接排队上楼就行了，不过没想到下楼排队的人比上楼还多。当我们排了约半小时队，终于下楼时，看到5楼已经排成了超级长龙，想想就怕了。景色也就这么回事，属于没去总觉得要去看看，去过了，不会再想去的景点。"
"小公主的妈妈","4分","满意","景色4","","","这个地方就是不来遗憾，来了失望的那种。台北夜景比较一般，高楼很少，91层的观景台造得像监牢，大概是防止失足吧……不过携程套票很划算的，现场是nt600/人还不含纪念品。送的纪念品都有售卖，价格也不便宜哦！不过电梯很快,37秒到89楼，就是耳朵有点不好受……"
"阿宝爱种田","4分","满意","景色4","","","携程订票比现场便宜，给携程赞。进门照相比较坑，免费照免费看，取的话挺贵的，而且只是PS 101的背景。景色很美，还有室外观景台，商品蛮贵的，看个人情况购买。我买了一件POLO衫感觉还不错。还买一个钥匙挂件220台币，小贵"
"闹闹","5分","超棒","景色5","","","碰到五一小长假，人比较多！排队取票1.5小时！因为101楼下有一个跑步活动，楼上室外观景台取消了，只能在楼里参观，下楼又排队半个多小时！上去只参观半个小时不到！一到五楼都是奢侈品，3万台币一楼退税，3万以上要去机场退税！"
"zhangfeifei","4分","满意","景色4","趣味4","性价比4","台北101大楼位于台北最繁华的金融贸易商圈信义计划区，总高度达508公尺，目前是世界次高的摩天大楼。台北101在建筑风格上，融合东方古典文化及台湾本土特色，以劲竹节节高升为造型，通过高科技材质营造生生不息的印象。除了结合证券、金融、企业总部、工商活动与娱乐、生活、购物、美食等用途，已是台湾的地标。"
"300****758","4分","满意","景色4","","","来到台北的的二天，就来到了地标建筑101，登顶之后能够一览整个台北的夜景，但是相比上海外滩，和广州珠江的夜景还是感觉稍有逊色，没有那么灯火通明，登顶之后虽然没有旅行团队，但是感觉人还是很多，可能是周日的缘故，建议大家避开周末，平日票价也有优惠，携程订票还是很方便"
"fly_me_to_the_moon","4分","满意","景色4","趣味4","性价比4","昨天從九份回到台北，很遠就看到101了哈！
六年前來過，不是很喜歡這裡的其實 好多大陸觀光客 整個Level跌了。。。
感覺像是促進消費啊 都是奢侈品店
其實不需要去觀光的 花400多
聽台灣人說去樓下星巴克咖啡喝咖啡一樣很欣賞到美景~"
"紅氿","4分","满意","景色5","趣味4","性价比4","这座曾经是世界第一高的大楼，如图腾般大量出现在有关台湾的一切宣传物上，台北地标之一，总高度达508米，结合证券、金融、商业活动与娱乐、生活、购物等用途，购物中心内规划有时尚服饰区、名牌精品区、化妆品专柜、书店等"
"乖乖扁扁","4分","满意","景色4","趣味3","性价比3","101旁边是个商业体，B1：生活美食广场，1F：101大道，包括品牌服饰、配件、彩妆，2F：时尚大道，3F：名人大道，有各种名牌精品以及品牌旗舰店，4F：都会广场，有露天咖啡，欧式、泰式与中华料理餐厅，5F：金融中心……

101大楼本身是个办公大楼，也就不是对外开放的，上楼需要买门票，5楼就有观景台售票处，纪念品商店，免费寄物柜，买票可至89楼室内观景台。电梯也是高速电梯，1楼到89楼只需要39秒。

外观是绿色为主色调，大致划分成八节，像竹子一样象征节节高升。来的时候是白天，晚上就在35楼星巴克喝咖啡看夜景，8点左右下楼来，也忘了看是不是有打彩色的灯光，说的到10点才关闭，可能要有远一点才能看到101的全貌。"
"五音不全患者","4分","满意","景色4","","","我觉得101和上海金茂一样，景色一般，我们是傍晚五点去的，看完亮灯了再下去的，交通挺方便的，红色捷运淡水线101站下车就好了。地下一楼是美食城，还有糖村之类的特产买，如果天气好可以放在最后一站。我个人觉得是象山看101更美～～～"
"黛黛coffee","4分","满意","景色4","趣味4","性价比4","陪老爸老妈过年去台湾和香港度度假⛱️，两位老人很高兴，天气不错，所以天空很晴朗，台北的首选景点，看完101去上引水产吃饭"
"CACTUS","5分","超棒","景色5","","","曾经的世界第一高楼。刚好订的酒店就在对面，非常方便。携程订的双人票。随到随取，不用提前约时间。票价比现场买便宜还赠送小礼品。两个人比东方明珠一人票还便宜。超值"
"双木水","5分","超棒","","","","农历过年去的，电梯速度快要平稳，37秒到观景台，居高临下的夜景非常漂亮，到台北没到101观景大楼一定会感到遗憾，所以就在携程买了票，比现场买便宜，值得推荐。"
"MUZI-ZHAO","5分","超棒","景色5","","","快速通行非常棒，101建议晚上去。恰好那天放假晚上人特别多，幸亏购买快速通行，不然排队要2个多小时，平台上和89楼都值得慢慢逛，逛累了还可以在王德传喝喝茶。"
"M29****5648","5分","超棒","景色5","趣味5","性价比5","登塔的售票处在5层。我们去时虽然游客并不算上多，但购票后还是要排队乘坐电梯的，毕竟电梯数量有限，只有3部，每部只能容纳大概20人左右。"
"M30****2777","5分","超棒","景色5","趣味5","性价比5","101大楼的名气远大于她的样子。大楼的外形配上讲解确实比较特别，但是里面和所有的购物中心一样就没有什么看的了，只在外面看看，拍拍照就好了，打卡的地方而已。"
"M21****980","5分","超棒","景色5","趣味5","性价比5","来台北必须要去的地方，在88楼鸟瞰台北景色，101大楼属于建筑界一个奇迹。"
"老王1954","5分","超棒","景色5","趣味5","性价比5","这里是台北一个很重要的标志性建筑 建筑很有特色 台北101开放的最高层是91层，电梯速度超快 室外观景台鸟瞰台北。只是去的时候天气不佳 所以外面看的不是很清晰"
"_双手插口袋","5分","超棒","景色5","趣味5","性价比5","台北的地标建筑 从各个角度都能偶遇的101 亲临能感受到它的魅力 是台北观赏夜景比较好的几处之一 白天晚上都适合来到 提前买票比较好 人比较多

其实最吸引我的一直是跨年夜的101烟花秀 希望有机会能感受一次"
"7Y7","5分","超棒","景色5","","","秒出票。到达前台告知工作人员是携程买票即可，没有了解，当场买多少钱。习惯了都在携程订好。
上面有购物的小商店 但是运气不佳买了四个扭蛋都是“101”重复了。建议还是挑选下明信片和冰箱贴送给朋友。"
"123-traveller","5分","超棒","景色5","趣味4","性价比4","先到101购物中心5层观光售票处换票。登过广州塔之后，101大楼真没什么好看的，作为地标还是打卡一下。想在101大楼一层吃鼎泰丰汤包，人太多没吃上。"
"tiramisu1130","5分","超棒","景色5","趣味5","性价比5","来到台北怎能不来101呢 台北非常著名的地标建筑 虽然高楼都是一个模样 不过卡还是要打的。这座曾经的“世界第一高楼”，将台北推向了世界 还是很有历史意义的！"
"天生哥","5分","超棒","景色5","趣味5","性价比5","台北很重要的地标 大楼外观有点类似上海的金茂大厦 虽然没有金茂大厦这么高 但是也拥有几个世界之最 这电梯 从4楼89楼只有37秒 真的太快了"
"米娜密","5分","超棒","景色5","","","这次在台湾参加跨年，必去的地方就是这个台北101大楼。不得不说，在大陆目前不能放烟花的情况下，我在这里看到101大楼的跨年烟花反而多了欣慰感。。。"
"zhangfeifei","4分","满意","景色4","趣味4","性价比4","到台北，若是不去101那就不算来过台北，融合东方古典文化及台湾本土特色，造型宛若劲竹，节节高升、柔韧有余。另外运用高科技材质及创意照明，以透明、清晰营造视觉穿透效果。"
"godknows","4分","满意","景色4","趣味4","性价比4","见惯了上海的大楼，对大楼并不是很感兴趣。台北101大楼是昔日的世界第一高楼，坐落于台北信义区金融贸易区中心，包含一座101层高的办公塔楼，2011年获得了美国LEED白金级认证绿色建筑。"
"梅子黄时1120","5分","超棒","景色5","","","现场取票很方便，然后排队坐电梯37秒到达观景台，因为下雨视线不是太好，还好外景观台也有开放，俯瞰整个台北市，很满意，下次再来天气好还会在上来看看！"
"小阿卜","3分","不错","景色4","趣味3","性价比3","人很多，排队上楼，排队下楼，没有很惊艳，电梯速度很快，耳朵会有短时间的不适应。有恐高的朋友会不敢靠边，91层风有点大，围挡挺高，一般拍拍照就回了。"
"小春8","5分","超棒","景色5","趣味5","性价比5","89层楼高，只用45秒时间，不得不叹服人类智慧的伟大性。登顶远眺窗外，可以看见世界上最大的“苹果手机”以及360度俯瞰台北。台北大巨蛋像什么呢？"
"AllenC","5分","超棒","景色5","趣味5","性价比5","中国台湾 台北市 重要地标， 旅游必须打卡地 ， 逛街 美食 通通有 very good, 非常值得一游 ， 买精品可以享免税"
"爱吃爱玩的懒猪猪","5分","超棒","景色5","趣味5","性价比5","跨年好出去|在台北101度过最难忘的一天！

台北101的跨年烟火和灯光是举世闻名的了。

正好录了一段当时在忠孝东路民宿楼顶看烟花的视频分享给大家。"
"老王1954","5分","超棒","景色5","趣味5","性价比5","台北101地标顶层所见全台北景观 ​，37秒到达89层观景台 居高临下可以鸟瞰台北市全貌，天气好的话，还有机会进入户外观景台感受大楼顶端的高空风力"
"周周-zhou","4分","满意","景色5","趣味4","性价比3","大楼很漂亮，里面很多一线奢侈品。捷运直达，要走的远一点看大楼会更美。里面的价格比国内的话便宜点，单价低的也便宜不了多少。但是货比较全，没货，还可以调货。服务很棒。"
"137****9009","5分","超棒","景色5","趣味4","性价比4","楼下就是名牌商场，101预约好时间就不用提前到的，很准时，但只是看夜景也没什么特别"
"匿名用户","5分","超棒","景色5","趣味5","性价比5","因为买了最后一场7点的票，很幸运没有太多人。柜台小哥很亲切指引我们先去到101层，看到了花园景，很美。之后再观光剩下的楼层，整个体验感很好。"
"Quantum Leap","5分","超棒","景色5","趣味5","性价比5","每个城市都有地标和高楼，台北101即是台北的地标。周边商厦林立，台北101拔地而起，远远即可看到。观景台能看到整个城市，仿佛看到城市的脉搏。"
"M22****3363","4分","满意","景色4","趣味4","性价比4","这个属于当地地标高楼之一，很多人来打卡，在三百多米观景台可以一览城市美景，建筑造型很特别，很漂亮，夜晚亮了灯，分外迷人，取景拍照不错的位置。"
"M612449675","4分","满意","景色5","趣味4","性价比4","台北101大楼，是台湾最高建筑，曾经是全球第二高，现在虽有落伍，也依然位列前茅，照片清楚地反映了高耸入云的奇景，建筑极为壮观，夜景更是好看。"
"闪闪发光小仙女","5分","超棒","景色5","趣味4","性价比4","是台北著名地标，觉得夜景更值得一去，华灯初上，俯瞰整个城市，里面有各种小吃，纪念品，很热闹，旁边就是各种购物中心，来台北还是一定要来看看呦！"
"胡鲁马累岛王仙芝","5分","超棒","景色5","趣味5","性价比5","台北101大楼是台北地标性建筑，集办公、观景台和购物中心于一体的。它有地上101层，地下5层，其中B2到B4是停车场；B1到4层是购物中心。"
"136****4908","5分","超棒","景色5","","","在5楼服务中心直接上携程下单，很快就拿到票，排队时间短，电梯只用了半分钟多就到了89楼观景台一览台北风景，还近距离遇到军用或者是警用直升机空中巡逻，总之很愉快！"
"海滨恋人","4分","满意","景色5","趣味5","性价比4","这个季节到台湾除了热以后，没毛病了！那些热带水果是中国大陆吃不到的，口感好、水分多、又甜又香，这么多年了还是很想念那种味道~特别是凤梨、芒果"
"山河如此美丽","5分","超棒","景色5","趣味5","性价比5","台湾的地标性建筑，可以登高望远，前几年去旅游，登101要单独买票我们没上去。不过要想把这个大楼照全要在远处才可以。这个照片是在博物馆拍的。"
"DEAR张小球","5分","超棒","景色5","趣味5","性价比5","台北的高楼大厦远没有上海北京的多的，所以101绝对是地标的，鹤立鸡群的，有观光平台也有商场的，来台北还是必到的景点之一的，欣赏夜景也不错。"
"徐霞客之旅","5分","超棒","景色5","趣味5","性价比5","台北101大楼是台北的地标性建筑，好比东方明珠在上海的地位一样，买一张观景台的门票上101大楼观景台看一下，夜晚的台北市夜景，非常美丽。"
"输不起的人","3分","不错","景色3","趣味3","性价比4","跟团来的，小家伙很兴奋。除了101楼高以外，夜景确实很一般，我重庆山水城市的夜景才是漂亮。嗯，看出去高楼不是很多，灯光确实只能算一般。"
"我要吃豆沙包","5分","超棒","景色5","趣味5","性价比5","台北101大楼是台北很有名的景点，非常不错的地方，很适合看夜景，尤其是天气好的话，非常漂亮，可以在网上买门票，还挺方便的，推荐一下。"
"288****510","5分","超棒","景色5","趣味4","性价比4","这里还是非常值得去，毕竟可以俯视整个台北，东南西北风景都不同，感觉很写意；另外还有透明玻璃，可以直接看到几十层底下，畏高的真的不敢看"
"LikeGor","5分","超棒","景色5","趣味5","性价比5","如果没去过101就等于没到过台湾，台北捷运直达，89楼坐电梯，台北的夜景一览无余，91楼的露天观景台更是使101的风景使人流连忘返。"
"诗意情节","5分","超棒","景色5","趣味5","性价比5","有点类似上海的金茂大厦 101是整个台湾最高的建筑 大楼的各种设计都很用心 地下是各种商场 89楼的观景平台 门票100元一张 性价比还是很高的"
"狄波","5分","超棒","景色5","趣味5","性价比5","台北101大楼是世界最高的建筑之一，搭乘观光电梯可以到达390米的位置哦，夜景很漂亮。白天看也不错的。还可以在观景台下一层看到巨大的内置的风阻尼器，这是唯一可以看到风阻尼器的大楼呢，很震撼！"
"冷茵","5分","超棒","景色5","趣味5","性价比5","非常棒，电梯速度很快，夜景很美，携程上买的门票，听建筑老师讲解大球的作用！101楼下的鼎泰丰很好吃，晚上过去的人不多几乎不用排队。"
"Zhangyu mm","5分","超棒","景色4","趣味4","性价比4","到象山步道觀賞也很美，夜晚更漂亮！跨年煙火很好看。"
"tiramisu1130","5分","超棒","景色5","趣味5","性价比5","拥有世界最快的电梯，每分钟1010公尺，5-89楼观景台仅需37秒，电梯的设计也很独特，可惜天气不好 有点遗憾！看出去有点雾蒙蒙的！"
"M10****221","5分","超棒","景色5","","","当地导游并不推荐，只是心心念念一个青春的101总归要等上去看看。那天晚上下雨，景色一般，完成心愿而已。倒是推荐登象山看夜景，更美！"
"_WeCh****686002","5分","超棒","景色5","","","上帝的视角去360度俯瞰整个台北，看日落，非常棒，非常值得一去的地方，清晰的看到每一条街道，每一个建筑，很赞呢，大家千万不要错过"
"M33****6515","5分","超棒","景色5","趣味5","性价比5","因到台北开会住台北君悦酒店，台北101就隔着市府路，在华灯初上时，不管在市民广场，或台北市政府前的市府路，拍101大楼都蛮美的。"
"兰夏的果实","5分","超棒","景色5","趣味5","性价比5","台北101是台湾最高的一座大楼，看夜景很不错，拍摄夜景最好的地方是在象山，大概半个小时左右可以爬到最佳位置，为了美景还是值得的。"
"文文玫瑰","5分","超棒","景色5","趣味5","性价比5","台北101大厦 台北最重要的地标 37秒的时间从第5层到第89层哦！雨雾中的台北摩天大楼101，仿若高耸云霄的琼楼玉宇，弥漫着仙气！"
"TaiShan-ZHANGXIN","5分","超棒","景色4","趣味4","性价比4","出了桃园国际空港，在高速上就远远的看到101大楼了。远远的看感觉确实鹤立鸡群！走近了看，只是可惜了，周围的楼太陈旧了，暮气沉沉。"
"288****510","4分","满意","景色4","趣味4","性价比4","台北的标志性建筑，这是第二次登上来了，这次排队人数没有上次那么多，这样带着老人家就不会那么累，刚好今天天气很给力，蓝天白云非常漂亮，看到整个台北的全貌，非常不错的体验"
"M45****420","4分","满意","景色5","趣味4","性价比4","101呗地段豪华，楼层高，电梯速度快（总体感觉和上海金茂大厦感觉差不多）但还是台北必打卡之地
风阻尼形象看起来可爱
夜景不错就是拍照会有点玻璃反光
上面购买东西可以支付宝!"
"plok123","5分","超棒","景色5","趣味5","性价比5","上到观景台部分 可俯瞰台北市 景色超级棒  随手一拍都很好看 
大楼里面有商场、餐厅、纪念品商店"
"皇城图妈","4分","满意","景色4","","","台北101还是值得一去的，那是台北最高的建筑。就是离我们住的地方有点远，不过捷运还是很方便的。101让我印象深刻的就是电梯，从5层37秒到达89层，也没有什么感觉。"
"233****441","5分","超棒","景色5","趣味5","性价比4","台北101标志性建筑，来台必去！夜晚景观很美，360度俯瞰整个台北！楼下是商场，逛街购物方便！楼下鼎泰丰建议提早排队预订！"
"ROSE-VIOLET","5分","超棒","景色5","趣味5","性价比5","台北101大楼是台北的地标性建筑，夜景更美，适逢圣诞季，装扮一新，节日气氛浓厚，商场也是各种促销活动推出，非常适合购物休闲"
"_WeCh****24703","5分","超棒","景色5","","","去台北必须要去的打卡地，方便快捷，出票比别的网站快，还有优惠券可以使用，真心不错，就是只能用一张，多人一起还在别的网站买了"
"享受生活2013","4分","满意","景色4","趣味4","性价比3","台北101大楼，曾经是世界上最高的大楼，现在已经不再是世界上最高了。这里是台北的地标性建筑，是台北夜色中俯瞰全城的好地方。"
"Broussard_nnd","4分","满意","","","","是位于台湾台北市信义区兴雅的超高层摩天大楼，作为主体建筑高508公尺，地上101层、地下5层[12]，附设的裙楼则为购物中心「TAIPEI 101 MALL」。于2004年12月31日落成至2010年1月4日由CTBUH认定为世界第一高楼；目前是台湾第一高楼，以及台湾唯一高度超过500公尺、楼层超过100层的建筑物，不仅是世界上第一座高度超过半公里（约0.3英里）的建筑物，也是全世界第11高建筑物。其经营机构为台北金融大楼公司。一"
"Lomama","4分","满意","","","","幸好在网上预先订了89层+101层的票，不用花时间排队购票，但因星期六亦要排很长龙才能凭QR code 搭lift 上89层，可惜因排队需时原本预计上去睇落日美景，只见到夕阳的尾巴！再经gift shop 转两次lift 到达101层，这里相对89层比较少游客，可找个好位置欣赏台北市夜景。"
"Jasmine66","4分","满意","","","","台北101是台湾的地标性建筑，于2004年开幕，曾为世界最高楼，现名列第四。位于信义区，拥有508米的高度，设有观景台和购物中心。这座摩天大楼融合了现代设计与台湾文化，并配备世界最大的被动式风阻尼器，确保结构稳定。每年跨年夜，台北101更以壮观的烟火秀吸引无数游客，成为庆祝活动的热点。无论是购物、美食还是观景，台北101都提供独特的旅游体验。有兴趣的话也可以上101大楼，但是要额外收费的～

营业时间-10:00-21:00
地址-110台北市信义区信义路五段7号89楼
行程安排-先上101大楼看风景➡️下去购物中心食东西➡️再留在购物中心逛街
推荐原因：可以一次做完景点打卡和购物🛍️"
"Tom Hung","5分","超棒","景色5","趣味5","性价比5","2021年 Taipei 101 聖誕燈飾🎄"
"猩猩知倪心","4分","满意","景色5","趣味4","性价比4","本来对高楼并没有特别的好感，比如上海的金茂大厦就没有上去过。
但是到了台北，家里人说不去101就算来过台北，只好跟着一起去打卡。因为取消自由行所以陆客比较少，没有很多人排队。在网上团购了优先门票，上去没什么影响，下来的时候倒是节省了不少排队时间。推荐给家里有老人或者孩子的家庭。"
"winner98","3分","不错","景色3","趣味3","性价比3","台北101是位於臺灣臺北市信義區的摩天大樓，樓高508公尺，地上101層、地下5層，總樓地板面積37萬1千平方公尺，由李祖原聯合建築師事務所設計，KTRT團隊承造，於1999年9月動工，2004年12月31日完工開幕。最初名稱為臺北國際金融中心，2003年改為現名。興建與經營機構為台北金融大樓公司。"
"潇逸的珍珠","5分","超棒","景色5","趣味5","性价比5","台北的地标，气势辉煌，这里太全了，只有你想不到的，没有你买不到的。逛够了就登顶吧，将台北的夜景尽收眼底。太美了，很享受。"
"Quantum Leap","5分","超棒","","","","每个城市都有地标和高楼，台北101即是台北的地标。台北101大楼（Taipei 101 building），前名台北国际金融中心（Taipei Financial Center），又名台北101、台北金融大楼，位于台北市信义区，坐落于台北信义区金融贸易区中心，周边商厦林立。台北101观景台能看到整个城市，仿佛看到城市的脉搏。"
"木偶奇遇ce","3分","不错","景色4","趣味3","性价比3","这是台湾地区最好的建筑物，可以登上101观景台，看看不一样的景色，搭乘电梯不需要一分钟就到了，没有太多的不适，感觉比较正常，排队的人不算多，里面有餐厅，有纪念品店，可以在上面看看夜景，非常地浪漫，里面有导览，介绍，还是非常到位。"
"ChelseaMu","5分","超棒","景色5","","","秒出票，101在日本韩国人那边应该蛮出名的，很多自由行的也自己购票上去，上去两部电梯排队约30分钟。去的太晚了加上排队，才在上面待了半个钟，就是一个一场来到又不去觉得有点怪怪的，上去发现也就一般般的景点。"
"真诚7577","4分","满意","景色5","趣味4","性价比4","去了台北101大楼应该是台北最高的楼，原来台北的消费比国内便宜很多，吃的用的都不贵的呀，还是满实惠的感觉的，值得一逛的呀"
"M16****355","5分","超棒","景色5","","","除了当天因为天气原因，最高层观景台没开放，都挺好的一览台北市区，感觉非常好！各种拍照，人不是很多，各种纪念品也非常漂亮。"
"cicyandyou","5分","超棒","景色5","","","晚上到了台北101大楼里，才决定在网上买的。非常方便快捷，一点都不用排队等候。出票也是秒出，用携程给的二维码直接换票进。"
"穷Sannie游","5分","超棒","景色5","趣味5","性价比5","到达台北，处处可见101大楼。超级推荐上顶楼看看，可以俯瞰整个台北市，看着底下矮小的楼房，密密麻麻的房子，还是挺壮观的。"
"欢乐随喜","4分","满意","景色4","趣味4","性价比4","本来想在101观景台从傍晚待到夜晚的，看完日落看夜景。可惜没预算好等电梯的时间，上到观景台只能看夜景了。 观景台分为室内和室外，因为台风原因，室外观景台关闭了，只能在室内。 台北最高就是101大楼，其他城市建筑都矮矮的，站在101上面往下望，一览众山小的感觉，整个城市规划不是对称的，但是很整齐很有规律。"
"乖乖扁扁","4分","满意","景色4","趣味4","性价比4","101旁边是个商业体，B1：生活美食广场，1F：101大道，包括品牌服饰、配件、彩妆，2F：时尚大道，3F：名人大道，有各种名牌精品以及品牌旗舰店，4F：都会广场，有露天咖啡，欧式、泰式与中华料理餐厅，5F：金融中心……

101大楼本身是个办公大楼，也就不是对外开放的，上楼需要买门票，5楼就有观景台售票处，纪念品商店，免费寄物柜，买票可至89楼室内观景台。电梯也是高速电梯，1楼到89楼只需要39秒。

外观是绿色为主色调，大致划分成八节，像竹子一样象征节节高升。来的时候是白天，晚上就在35楼星巴克喝咖啡看夜景，8点左右下楼来，也忘了看是不是有打彩色的灯光，说的到10点才关闭，可能要有远一点才能看到101的全貌。

至于到台北是不是一定要来这里，我个人觉得没什么必要，有多余的时间还是可以顺便来玩儿的地方。"
"若如初见1023","5分","超棒","景色5","趣味5","性价比4","到了台北101是必去景点。白天夜晚不同。捷运很方便。去的那天天气不错，台北的夜景一览无遗。下来以后周边商圈也可以逛逛。"
"kkkkyu","4分","满意","景色4","趣味4","性价比4","地标性建筑，晚上去的看了看夜景。去还是想去的，不过也就去这么一次就可以了。101底部几层是商场。可以先去买票排号，再下来吃东西。鼎泰丰就在这。吃完时间刚刚好。"
"爱梦媛","4分","满意","景色4","趣味4","性价比4","台北101大楼，台北的标志性建筑，高耸入云，绝对的美。这里跨年的时候，灯光和烟火的配合，也是浪漫至极。台北必须打卡的地方。登高远眺，台北的城市景色尽收眼底！"
"abinqd","5分","超棒","景色5","","","打卡之地，但确实没啥印象深刻的地方。属于著名景点但又不知道著名在哪里的地方。票价相对上海深圳之类的，还算颇有红心的。"
"吃货夫妇","4分","满意","景色4","趣味4","性价比4","台北101是到台北必遊的景點。除了在高空可以俯覽台北的景色外，在樓層上有全台北最高的郵筒。還有些可愛的造型可供拍照。"
"Tom Hung","5分","超棒","景色5","趣味5","性价比5","台北101傳統裝飾風格的聖誕樹🎄"
"ardellgu","3分","不错","景色3","趣味3","性价比3","每日看海峡两岸都能看到这个台北地标建筑。夜景很美，我们住的星辰酒店每日能看到它，在烟雾缭绕的云里，若隐若现。到了那里也很有气势，说是登楼的费用让我们却步。600台币，80以上老人也不给任何优惠。"
"E24****675","5分","超棒","","","","很想看台北的全景夜景，都可以来这里。当然只适合年轻人过来，感觉电梯的速度还是挺快的，比较刺激，而且101大楼已经是台湾的一个标志性的建筑大楼，还有名气的。"
"小凝子","5分","超棒","景色5","","","坐上高速电梯登上观景台，感觉相当不错，可以看到台北全景，夜幕降临的时候还可以看夜景，购物中心也不错，可以逛一逛。"
"小王随行记","4分","满意","景色4","趣味4","性价比4","之前一直看电视上，跨年101大厦烟火表演， 白天过来看了一下，还可以～  建议晚上可以去顶楼看台北夜景～  推荐一下^_^"
"186****9568","5分","超棒","景色5","趣味5","性价比5","那么出名的地方 既然来了肯定要走一圈的 
价格也不算高 但是感觉就是很正常没有特别的地方 看看地方特色还是不错的选择 慢慢逛"
"爱旅游的云云","3分","不错","景色3","趣味3","性价比3","台北101大楼也算是旅行必去打卡景点之一了，位于台北市区内最为繁华的商业地段，外观十分有特色，里面装修的很精美，也可以买票登楼，观看台北夜景，既然来了，还是推荐大家都去感受下台北夜景的美丽。"
"诗意情节","5分","超棒","景色5","趣味5","性价比5","虽然生活在上海大都市 平时见惯了高楼大厦 但是101作为台北最重要的 还是要来打卡的 我们登上了89层高的观景台 可以清晰的看到下面的建筑 导游也想我们介绍了很多细节的地方 看得出当初设计师还是很用心的！"
"天生哥","5分","超棒","景色5","趣味5","性价比5","踩着G签的尾巴环岛了台湾，登上了101看夜景，一个“定海神针”——全世界唯一对外展示的风阻尼器，可以让摩天大楼在遭遇台风和地震时减少40[%]的晃动。"
"文文玫瑰","4分","满意","景色4","趣味4","性价比4","其实101对于上海人来说 真的不算什么 上海的东方明珠和金茂大厦都很高 但是仔细听了导游介绍以后才发现了其建筑的用心之处 足以抵挡台湾的地质和台风 设计师很用心"
"ora****7323","5分","超棒","景色5","","","台北的地标性建筑，上到顶楼可以俯瞰整个台北，建议下午五点左右上去，这样可以从白天看到晚上的夜景，天气好很漂亮"
"细微细眼","5分","超棒","景色5","","","很值得一看的景点，坐世界最快的电梯，37秒到89层，欣赏台北夜景，就算上下需时等待四十分钟，小朋友也很喜欢！"
"M28****5286","5分","超棒","景色5","趣味5","性价比5","在台北101大楼用餐是非常一件值得开心的事！台北市议会和诸多建筑物都尽收眼底！这里的餐厅以前是警察食堂是不对外开放的，来这里用餐坐电梯要做一会儿的～"
"张小丸-zy123","5分","超棒","景色5","趣味5","性价比5","【景色】夜景好看，不过下雨天只开放到88层，无法升至顶层观景
【趣味】一般吧
【性价比】台北标志性建筑，值得一去"
"东张西望望东西","4分","满意","景色4","趣味4","性价比4","台北的地标建筑，具体多少层就不是很清楚，因不没有上去观景平台欣赏台北景色，不过倒是在底下的商场血拼了一下，牌子很多，很多好像还是在大陆比较少见到的。"
"맛있는 오늘","5分","超棒","","","","预约丁泰峰后,依次观看后,吃饭时间到了,等了一会儿,吃到晚上就退场了~ ~是晚上^ ^!!"
"sogata","4分","满意","景色4","趣味4","性价比4","只能上到91层！再上要重新买票！送的礼卷都是附加条件，一张都没用上……与预期有点小差距！如果可以的话直接上最顶层就更完美了😍"
"巅峰Aaron","5分","超棒","景色5","","","虽然台北夜景没有想象中好，但101大楼还是值得上去看看的。可以了解一些大楼建设的技术理念，以及防震的知识。"
"yi****214","5分","超棒","景色5","趣味5","性价比5","打卡的，我也不知道去干嘛，就是高楼下面有商场这样。看101应该去象山什么的拍夜景把它拍进来。到101观景台看的话就是平平无奇的台北了，没什么看头。"
"118****421","5分","超棒","景色5","","","随时换票，7天内有效挺好的，方便，就在售票处直接换就可以了！去的时候天气不好，但是我们还是没听售票员的劝说，等了一会儿云开雾散了，夜景还是很美滴！"
"谢超洪","5分","超棒","景色5","","","预定确认很快，价格也划算，换票、入场都很方便。101的景观真是不错！楼顶几层有餐厅，就餐环境很好！值得！"
"JohnnyQ20","5分","超棒","景色5","","","来了台北还是决定上101看看，可以当天下雨，上楼后雨雾较大，视野就比较模糊，整个台北的夜景还是比较好的。"
"文文玫瑰","5分","超棒","景色5","趣味5","性价比5","冒雨登顶台北101大厦俯瞰台北，89层高楼 望出去雾蒙蒙的 其实对于上海人的我们来说 这样的楼太一般了 但是听导游介绍后 才知道 当时的设计者还是很用心的！"
"sha****anna","4分","满意","景色4","趣味4","性价比4","台北101大楼可以说是台北的标志，高耸入云，非常壮观。从内部眺望台北的全景，特别是夜景也是非常之妙，但是我感觉还是比从阳明山眺望的感觉差点哈哈？"
"初心still","5分","超棒","景色5","趣味5","性价比5","台湾以前只出现在我的课本里，101 大厦也只出现在网上的视频中，没想到在如今的环境下还能奔赴台湾一睹真容，真的是无比幸运，我在台湾留下了足迹，心中也留下了台湾的痕迹"
"M19****417","5分","超棒","景色5","趣味5","性价比5","参观101，逛逛楼下的卖场，中餐用餐的时间可以到B1的地下美食广场用餐，但建议绝对不要在休息巅峰时间前往，因位子数量与前往用餐人数绝对不成正比"
"旅行博主小张","5分","超棒","景色5","趣味4","性价比4","台北101是位于台湾台北市信义区的摩天大楼，楼高509.2米。5楼设有观景台售票处、纪念品商店、免费寄物柜与电梯入口。上观景台也是一定要去的！"
"M22****3363","4分","满意","景色4","趣味4","性价比4","这个大楼也是当地城市地标建筑之一，很多人慕名而来打卡，建筑造型犹如竹子，很特别，登上高楼观景台，可以一览周边美景，夜晚城市景观灯开了尤其美。"
"AnnPun AnnPun","5分","超棒","景色5","","","買了這個後，記得到前台辦手續取票，否則上不到上畫去！在這扣票會比較方便，便宜了，好好好好好好好好好好"
"E21****20","5分","超棒","景色5","","","台湾的地标，去台湾必去的景点，很漂亮，比东方明珠塔漂亮很多，人也不是特别多，不用人挤人，舒服多了！！"
"M33****8363","5分","超棒","景色5","趣味5","性价比5","很多人排队上观光层，电梯非常快，排队时可拍照到观光层可买回，精品店也很多特色手信可买，唯入场和离开时都要排队，而且都半小时以上，其他都很好"
"李小白_先生","4分","满意","景色5","趣味4","性价比4","确实很高，在上面看台北市夜景很漂亮，台北市讲真的高楼不多，不像深圳上海，所以整个城市在脚下的感觉很棒，有一种电影中的感觉，推荐夜景，完美！"
"suifeng2019","4分","满意","景色4","趣味4","性价比4","作为台北地标性建筑，曾经的世界第一高楼，台北101大楼，成为无数游客的打卡地。89层是室内观景台，大致饶了一圈看了各个角度的台北全景。"
"110****003","5分","超棒","景色5","","","确实应了那句不去后悔去了更后悔，还好小朋友们玩得很高兴！阻尼球挺有意思，101吉祥物小朋友喜欢"
"Amy Lou","5分","超棒","景色5","","","101这里真不错！观景，吃饭，购物，喝咖啡，可以在这里一整天！入口处的卫生间，超级超级棒！！！"
"工匠","4分","满意","景色4","趣味4","性价比4","台湾人眼中的骄傲，可是现在就高度来说，已经也排不上什么名次了，但还是台北的绝对的标志性建筑，看惯了陆家嘴对这个也不太感冒，看看就好。"
"菜菜的后花园","4分","满意","景色4","趣味4","性价比4","台北的地标之一，也是台北打卡地，登上观景平台可以俯瞰整个市区，里面有一个巨大的风阻尼器，电梯也很快，不是周末，人不多，排队时间很短。"
"M50****3400","5分","超棒","景色5","趣味5","性价比5","非常非常非常棒的一次体验，台北101非常高，可以看到整个台北的景色，携程平台的门票非常优惠，还有伴手礼赠送，我每次预定都首选携程。"
"Tracy_ccf","5分","超棒","景色5","","","台北标志性的景点，必须打卡，不论白天还是夜景都太棒了，感受了台北的繁華"
"心情好好的毛怪","5分","超棒","景色5","趣味5","性价比5","台北的地标！当地人介绍，每天变换一种外观颜色！非常得炫美！所以你看到今天什么颜色，就能知道今天星期几了！值得推荐，体验不同的建筑美！不管是宝塔形状，还是圆形，都是美！！"
"老人家","4分","满意","景色4","趣味4","性价比4","首选打卡景点 登高望远 可以俯视台北城区 还有消费场所"
"jiaqi52666","5分","超棒","景色5","","","第一次来台湾 台湾同胞好热情 非常善良谦和 ，服务行业非常棒，态度非常好，101大厦风景非常棒"
"taotaolee","5分","超棒","景色5","趣味5","性价比5","曾经的世界第一高楼，台湾必去景点之一。可以俯瞰整个台北的风光（最好在天气好的时候，傍晚最佳）。阻尼球很赞，一定要看。楼下有商场。"
"xi****n45","4分","满意","景色4","趣味3","性价比4","其实对于大都市来的我们，看多东方明珠 金茂大厦 环球金融中心 上海中心 而言，台北101真心也就酱紫。而且超级多的大陆团客呢，感受一般。"
"志远188","4分","满意","景色4","趣味5","性价比4","台北最高的建筑物，上去能看到整个台北的景色，特别是营运电梯，好像是目前世界上速度最快的，从低层到89层只需要37秒，感觉超赞！"
"重新连接","5分","超棒","景色4","趣味4","性价比4","台北地标性建筑，位于忠义商圈的台北101大楼很惊艳。台北高层建筑并不多，楼下负一层有餐饮，楼上是商铺，另外还有观景台和酒店。"
"三十四号","4分","满意","景色4","趣味4","性价比4","台北101大楼是台湾最有标志性的建筑我们没有登楼，我们是爬上了象山去看台北的夜景，爬香山步道还是比较痛苦的，每节台阶高低不等"
"香槟配红酒","3分","不错","景色3","趣味3","性价比3","台北101高度508米，101层，相当于5个我们公司的办公楼叠加在一起的高度，这里要不就是观景要不就是裙房里购物。每年跨年烟花最著名。远观即可。没必要去观景台看。"
"Princesstt","4分","满意","景色4","趣味4","性价比4","是觉得101大楼，如果登顶的话，没有太大的必要，我们是在他楼下里面的商店圈逛了一圈，，这里汇集了许多国际的时尚大品牌的东西"
"gz当地向导伊妹儿","4分","满意","景色4","趣味4","性价比4","站在101大楼绕楼一圈可观台湾全景，景色不错，登高望远，视野开阔，风光无限美，趣味性强，有特色，性价比超高的，非常不错哦！"
"ᥫᩣ 🐯X、X、L🐯 ᥫᩣ","5分","超棒","景色5","","","电子票很方便 直接到柜台出示手机即可领取 风景很好 可惜当天天气不佳 没有到观景台 有点可惜"
"_NV***87","5分","超棒","","","","如果点心是吃的目的的话应该没关系大厦的夜景也不坏,但是人太多了,等待的时间很长,参观了望台一圈拍照出来的时间是20分钟左右我觉得它比停留时间和景点贵,点心有多种套餐,质量是值得称道的地方,所以等待有点多。显示QR并等待30分钟似乎比现场接收要快,似乎要单独管理待机时间(号码表),待机号码牌上显示的号码中没有我们的待机号码。收到了"
"루루베","5分","超棒","","","","与其他地方相比,Trip.com以新会员的特价购买,即使您有优惠券,在周末或活动当天也必须等待30分钟以上,因此,如果您想看日落,最好在2小时前来。如果您想坐下来拍一张人生照,只看夜景或阴天,建议6点预订!只有天黑了,所以没有反光,所以照片很好。"
"奶龍","3分","不错","","","","其实真系冇乜特别，还很多人呢，只系比钱坐架䢂上去高楼大厦远望台北的地方，就是台北一个景点而已，就到此一游，今次我系第二次去，因为细佬未去过，去完佢都明点解我话不值得买票上去，不知大家有没有同感？不过旅行就是这样？"
"走出去玩呗","5分","超棒","景色5","趣味5","性价比5","台北夜景很美，门票还附食品优惠卷，可以在89楼买吃的。有一张B1郭元益免费的卷，如果不是一开门就去兑换建议就不用去了。一天一共300份，很早就领完了。89楼上面吃的也没有很贵，味道也不错。总之一切都很完美😍"
"mingzinian","5分","超棒","景色5","趣味4","性价比4","台北101大楼，前名台北国际金融中心又名台北101、台北金融大楼，位于中国台湾省台北市信义区金融贸易区中心，其东临信义广场，北依信义21号公园，西近富士洋行，南靠台北捷运信义线。地标建筑，性价比不高哦……"
"新澤西州","5分","超棒","景色5","趣味5","性价比5","去台灣當然肯定去台北，去台北兩個景點是必須的，一個是故宮博物院，第二個肯定是101大樓了，尤其夜景特別好，周圍環境目前應該來說是台北最高檔區，購物，餐飲玲瑯滿目。觀景台門票有點貴但是還是值得上去一次的。"
"xixi","5分","超棒","景色5","趣味5","性价比5","台北101大楼，前名台北国际金融中心（Taipei Financial Center），又名台北101、台北金融大楼，位于中国台湾省台北市信义区金融贸易区中心，其东临信义广场，北依信义21号公园，西近富士洋行，南靠台北捷运信义线"
"jiessy","5分","超棒","景色5","趣味5","性价比5","台北101（英語：Taipei 101）[2]是位於臺灣臺北市信義區的摩天大樓，樓高509公尺（1,670英尺），地上101層、地下5層，自落成以來即成為台北重要地標與觀光景點之一[5]。台北101是台灣第一高樓、以及唯一樓層超過100層的建築物，曾於2004年12月1日至2010年1月7日間擁有世界第一高樓的紀錄。目前為世界第十一高樓（截至2022年）以及世界最高的綠建築（LEED EBOM）[6][7]。大樓內擁有全球第二大、全球唯二開放給遊客觀賞的巨型阻尼器。標高509公尺的101樓上方之觀景台為全球最高的戶外屋頂觀景步道。"
"暖色调19726","5分","超棒","景色5","趣味5","性价比5","台北101大楼又名台北101、台北金融大楼，位于中国台湾省台北市信义区，坐落于台湾省台北信义区金融贸易区中心，其东临信义广场，北依信义21号公园，西近富士洋行，南靠台北捷运信义线。"
"Silver111","4分","满意","景色4","趣味4","性价比4","还可以吧，就是那里的退税气死我了，没有证件，不能退，卡也没有优惠，把我给气着了，真是对我自己太无语了，去的时候还能自由行"
"_WeCh****442257","5分","超棒","景色5","","","台北每个景点，每个商店的服务真的特别棒，不得不佩服！由于之前去过广州塔，上101的时候期待感不大，但是走完最后，反正还是有很多不一样的地方。感觉台北101更有体验感，不像广州塔只是看景，101还有一个防风的大球可以看，有小短片专门介绍这个球的作用，学到不少！"
"Apopooooo","5分","超棒","景色5","趣味5","性价比5","作为台北标志性建筑，还是要去下的。人会有点多，但排队不用很久。电梯很快有点耳鸣，到达89后可以在室内观赏夜景。还有一些小纪念品买，参观完后下一楼可以看到世界最大的阻尼器（虽然我也不知道阻尼器是干嘛的）。"
"琉璃月-疏离","5分","超棒","景色5","趣味4","性价比4","台北第一高楼，必须要去一次，楼下是购物中心，上面是瞭望台。因为是晚上去的，可以看到整个台北霓虹闪耀的繁华景象，但是错过了白天的景致，下次一定要白天再去看一次。也有很多卖纪念品的柜台，喜欢集目的地印章的小伙伴可以准备好本子，可以免费盖纪念章。楼很高，风吹动的时候可以感受到一丝晃动，但是很安全可以放心观赏精致！"
"破之殇","3分","不错","景色3","趣味3","性价比3","有两个点值得体验：一是搭乘速度极快的升降梯，二是看看圆滚滚的巨型风阻尼器，风大的时候可以清楚看到它在微微晃动。 上去和下来都排了老长时间的队，身心俱疲。露天观景台的防护设备太严密了，基本上什么都瞧不见。 如果再给我一次机会，我选择不上去…… 回到地面之后，我问已经来过一次、知道真相的老刘为什么不阻止我，他说，不让你体会一次你是不会死心的…… 很有道理。"
"spencerS","4分","满意","景色4","趣味3","性价比3","101大楼是台北新地标之一 造型非常有特色 下面又各种商场 餐厅以及精品点
上面的的观景台要单独收费 当然你如果没有登高赏景爱好可以去中间那家星巴克消费个套餐也是不错选择"
"URV大战冠道","5分","超棒","景色5","趣味5","性价比5","台北101大厦总高508米，在2010年以前台北101是世界第一高楼高，即便今日在台北也没有这么高的建筑与其相提并论，在台北市区的任何角落基本上都能看到101，当之无愧的成为台北市的地标。 每到夜晚来临，台北101外观会打上灯光，并以赤橙黄绿青蓝紫彩虹七种颜色为顺序主题，每天更换一种颜色，如星期一是红色、星期二是橙色等，每天落日时间开始点灯，至晚上10点关闭。 台北101大楼自2004年末以来，固定于阳历每年阳历除夕12月31日至次年元旦1月1日间数分钟中以烟火作为主题所举办的跨年活动——台北101跨年烟火表演。在508米的高空释放烟花场面特别壮观。"
"omiki","5分","超棒","景色4","趣味4","性价比4","台北101大楼是闻名世界的摩天大楼，曾一度是世界最高楼的摩天大楼之一。台北整体是一座规划混乱的城市，房屋大都低矮，杂乱无章，但是在这一大片的房子里面，唯独有一幢大楼拔地而起，鹤立鸡群，一枝独秀，让人想不注意到都难，他就是台北101。台北101大楼由建筑师李祖原设计，是台北的观景圣地，在这上面可以看到整个台北市的情况，甚至可以看到新北市的部分风光，在101观景台上的夜景，是最令人难忘的极致美景。这么高的大楼，当然要配上急速的电梯，101拥有世界上最快的电梯，38秒钟时间，伴随着音乐，就可以直达89层的观景台，是不是很刺激。总之，台北101是去台湾必去的地方，没有之一。"
"vale92","5分","超棒","景色5","趣味5","性价比5","The view from the observatory deck is amazing."
"狮后","5分","超棒","景色5","","","101大楼，台北地标打卡点，观景台可以俯瞰整个台北，电梯速度超快，观景好地方。"
"MisterZ","5分","超棒","景色5","","","101算是著名景点了，携程订票很方便，在101五楼直接兑换门票就好，十分便捷！"
"288****175","5分","超棒","景色5","趣味5","性价比5","台北的101大楼和上海的高楼比起来是另外一种味道，也是曾经的世界第一高楼。这里有五层的购物中心，买好票后预约好上楼时间，在纪念品店可以买明信片，上去之后有邮筒可以投递，电梯速度非常快，观景台有讲解。"
"1981ch","5分","超棒","景色5","趣味5","性价比5","101大楼门票略贵，感觉有点坑。而且上面的东西没什么看的，只是去坐了两趟世界上最快的电梯，能在101上面看的，在象山同样可以看得到，不过既然来到台北，不上101又好像没到过台北一样，所以还是去了。"
"super Chao","4分","满意","景色4","趣味4","性价比4","101大楼夜色下也很美！可惜去的有点晚，晚上九点半商家都关门了。楼下很多小吃没尝到，特别是鼎泰丰，感觉很遗憾。错过了美味的小笼包，不过，101确实值得一去！"
"嘟嘟游啊游","5分","超棒","景色5","","","来台北地标还是要来的，天气不好，基本看不到外面，云雾缭绕，阻尼宝宝还是可爱"
"Chuanlun Mo","5分","超棒","景色5","趣味5","性价比5","景色还可以。毕竟是台湾地标建筑 不错"
"樱宝宝eileen","5分","超棒","景色5","趣味5","性价比5","台北地标性建筑，两次去台北都上了101，看上去跟首尔的南山塔、上海的东方明珠差不多，看出去的景色耶差不多，都是一些高高低低的楼房，只是多了一点101的元素"
"haixindianshi1","5分","超棒","景色5","趣味5","性价比5","台北101游览过2次。第一次和第二次去参观里面的布置有一些改变，其它还是一样。第一次比第二次参观的人要多。雄伟壮观的101伫立在台北醒目的街头。电梯又快又稳就到了楼顶，可是观赏台北的整个夜景。"
"Ethan Hsiung","4分","满意","景色4","趣味3","性价比4","來到台北 

「台北101」怎能錯過

位於89層的101觀景

可以直接俯瞰整個台北市

大家要是上去的話留意下天氣

台北101觀景台成人票約為111元

還是性價比不錯的哈"
"喜欢旅行的Mrpatrick","5分","超棒","景色5","","","主要来的时候不太多，台北一直在下雨，是在观景台关闭，室内的也只能看到☁️"
"微风轻扬37vivi","4分","满意","景色4","","","排队人不多，旅行团是以队伍来的，买门票不是人很多就是上电梯这里会排队。夜景很美 ，从四周拍了动态视频。给大家观赏"
"willem_king","5分","超棒","景色5","","","在101使用的时候还是要去前台换票的，省不了排队。故宫使用还是很方便"
"sunshinewhy","5分","超棒","景色5","","","值得一去，大人孩子都玩的很开心。地标性建筑，电梯体验也很好，推荐！！"
"晚依","4分","满意","景色4","趣味4","性价比4","我是元旦去的 风景还是不错的 当晚去的时间可能有点晚了 里面商店都快关门了 101每层都上了 建议尽早去 因为人多要排队"
"M25****2476","4分","满意","景色4","","","网络购票也得跟现场买票一起排队取票，排队时间较长，跟现场票价基本上一样。景色还可以，不能去室外观景很遗憾。"
"_WeCh****04206","5分","超棒","景色5","","","37秒就到89楼了，还可以到91层室外观景，下到88楼看防震阻尼。"
"闻香识玖","5分","超棒","景色5","趣味5","性价比5","去的正好刮风下大雨，但是一点没有影响看景，灯光闪闪像满天的星星⭐️"
"我在等风来f","5分","超棒","景色5","","","携程订票方便，排队人特别多，好像去了台北就一定要去101，朋友学建筑专业，对风阻尼球格外感兴趣
，到了上面有许多卖纪念品的地方"
"～如月＊芬芳～","5分","超棒","景色5","趣味5","性价比5","台北101大楼，很漂亮。电梯很快就到了顶楼。我前几年带着爸爸妈妈过去一次，在上面可以看到台北全景，一圈都能看到，很棒的建筑。"
"D79****33","4分","满意","景色4","","","特意等待夜幕降临的时候才登上观景台的，电梯快得你不得不咽口水，夜景果真很赞！还有一张电梯的运行速度证书哦"
"紫色康乃馨","5分","超棒","景色5","趣味5","性价比5","从中山纪念堂，远远望去，整个101大厦尽收眼底。最佳的拍照位置。"
"褚飞燕强","5分","超棒","景色5","趣味5","性价比5","特是电梯是最快，而声音也是超轻、只是几秒就88层，走二层是露天台"
"_WeCh****133289","5分","超棒","景色5","","","可以看到台北最美的夜景，电梯速度超级快，就是人有点多，需要排队"
"135****5478","5分","超棒","景色5","趣味5","性价比5","101是台北必打卡景点之一
站在高楼上俯视整个台北的感觉真的很棒"
"小丫","5分","超棒","景色5","趣味5","性价比5","第一次去，超级期待又害怕高，但上去才发现真的超美，还想再去一次"
"黄虫虫15011","5分","超棒","景色5","趣味5","性价比5","台北的地标建筑，飞机落地桃园机场的时候一眼就可以捕捉到的景。可以坐电梯登顶，观光整个台北夜景。地下一楼有各种特产，还可以办理退税。糖村牛轧糖🍬很好吃，还有著名的小笼包餐厅-鼎泰丰"
"联城蓝翼","5分","超棒","景色5","","","和上海之巅一样，有个大大的阻尼，不过这个阻尼被做成了吉祥物！"
"M23****7009","5分","超棒","景色5","","","超快超方便，下单直接用二维码到前台换票，比前台标价600台币便宜了不少，等上大楼俯瞰台北夜景，棒棒哒"
"Mikhail Misha","5分","超棒","景色5","趣味5","性价比5","曾经的世界第一高楼，台湾省地处太平洋地震带，建筑抗震构造是一个命门所在，因为如果解决不好，高就没有意义甚至危险。然而建筑师李祖原用阻尼球技术很好的解决的安全问题，去台北推荐一游！"
"魂淡的阿森纳","4分","满意","景色4","趣味4","性价比3","台北地标，值得一去，就是国庆排队太久，网上订了票也一样。"
"泰宁根吴承恩","5分","超棒","景色5","趣味5","性价比5","101是台北的地标的，非常的漂亮的一幢建筑的，最感兴趣的是101里面的那粒稳定大楼的球，非常有意思的，当然这里欣赏夜景还有购物吃饭都很棒"
"嘟嘟游啊游","5分","超棒","景色5","趣味5","性价比5","阻尼球宝宝都挺可爱的，由于天气不好，偶尔能看到外面的风景"
"tt梦幻小妖","4分","满意","景色4","趣味4","性价比4","这一次来台湾，特意参观101大楼，台北101大楼占地面积153万平方米，其中包含一座101层高的办公塔楼及6层的商业裙楼和5层地下楼面，"
"热爱珍惜","5分","超棒","景色5","","","比现场买便宜一点，相当于团队票，还可以领一张明信片，推荐"
"M67****08","5分","超棒","景色5","","","举头星空几变，电梯瞬间已达，俯瞰台北城中，直是车水马龙。"
"magie112","4分","满意","景色4","","","台北必打卡的地方，脚下看确实壮观，37秒升至384米第一次感受，完全没有异样的感觉，值得一游！"
"鹏城伟哥","5分","超棒","景色5","","","携程上买的果然是团体票，现场要600台币，建议网上购买"
"_TSXX****lra0t","5分","超棒","景色5","趣味5","性价比5","It’s one of a kind experience and indeed the best part of my lifeeee!"
"Phil赞","5分","超棒","景色5","","","当然是简洁实用又方便了 不用排队咯 到现场买票不用排队 不过电梯上去还是要排队的 希望对大家有帮助哈"
"sunny宽旭","5分","超棒","景色5","趣味5","性价比5","非常漂亮，雄伟！灯光美丽，附近人流量大，楼下美食很多"
"LinLin1987","4分","满意","景色4","","","国内也观光过几个摩天大楼，所以不觉得有什么特别的了，之所以还买票上来就是为了看看台湾的全景！"
"haixindianshi1","5分","超棒","景色5","趣味5","性价比5","台北101去了两次都在疫情前去的，登上楼顶眺望台北夜景🌃第二次去和第一次去略微有一些变动。不过还是那么的壮观。去台湾还是值得一游的地点。
第三次去要等照顾完老爸之后的了。"
"你呢","5分","超棒","景色5","","","还不错，毕竟是地标！有自己的特色！象山可以拍夜景！"
"美炜炜","5分","超棒","景色5","","","傍晚时候入场，可以看到白天和晚上的景色。现场门票600台币，携程购票当场生效，取票也方便。"
"昵称叫小什么","5分","超棒","景色5","趣味5","性价比5","一定要去天台！五月天拍MV的那个天台，夜景超美！"
"M74****12","5分","超棒","景色5","","","到了现场才在携程下单的，不用拍人工窗口，可以直接在机器上取票。省了几十块钱，非常开心~~"
"M25****4239","3分","不错","景色5","趣味3","性价比3","全台北唯一的高楼，除了101外没有其他地方比东莞繁华！房子也没有我们地方高，101一定要晚上去早上去太没意思了，但下次不会再去"
"willem_king","5分","超棒","景色5","趣味5","性价比5","台北必到地标打卡，在台湾玩唯一要排队进入的景点"
"TinaTien1105","5分","超棒","景色5","","","方便，关键是比柜台便宜一些，需要上去的时候再换票，直接排队上电梯。门口有很多电子取票机，但是携程的还是需要排队在柜台人工取票。"
"xuziran","5分","超棒","景色5","趣味5","性价比5","台北的象征，去台湾一定要打卡。象征意义比较大，大陆比101高的比比皆是。捷运出来就是鼎泰丰，也有其他很多吃的。买门票可以上去观景台。12月31的烟花秀有机会一定要看。"
"M28****5697","4分","满意","景色4","趣味3","性价比3","台北101名气在外是到台北必去的景点。真正的景色和名气相比差了一些, 晚上排队上楼看夜景，没有达到预想的美丽，可能因为台北地标性建筑不多，在高处看下去也没找到特别之处。"
"飞越仙女岛🧚‍♀️","4分","满意","景色4","","","去的时候是雨天，啥也看不到 户外光景台也关了 就一层楼一个圈走了一遍就下去了  不值这个价位"
"丁丁","4分","满意","景色4","趣味3","性价比4","现在101看着落日 看着台北的夜景 还是很不错的"
"_WeCh****61535","5分","超棒","景色5","趣味5","性价比5","没去过的还是要去的，总体还可以吧，价格不便宜"
"缘来是你0112","5分","超棒","景色4","趣味3","性价比4","很壮观的大楼，不仅楼房高，建筑风格也很特别！那高速电梯37秒就可以登顶！太刺激啦！"
"angela pao","5分","超棒","景色5","趣味5","性价比5","曾经是全世界最高楼的101台北大楼，每当夜幕降临，璀璨的灯光把整个摩天大楼点缀得无比鲜艳夺目，去到观景台还可以360度无死角地远眺远处的车水马龙和繁华的城市都景"
"willem_king","5分","超棒","景色5","趣味5","性价比5","台北地标101第一次来台北当然要来看看了"
"winner98","3分","不错","景色3","趣味3","性价比3","想到台北，沒有人會不知道台北101大樓。身為全台最知名、讓各國旅客慕名而來的大景點，這裡是每個人此生都必拍必來的好地方！"
"北极熊茶包","3分","不错","景色3","","","我觉得很一般吧。这是台北市地标性建筑，世界最早建成的500m高塔，一定地去，但是总体上觉得内容一般。景色看城区规划看起来还是挺乱的，我个人觉得不如东方明珠，广州塔甚至澳门塔来的震撼。场馆内知识介绍以台风气象为主。 楼下商圈可以吃饭，价格还行"
"M33****951","5分","超棒","景色5","","","比现场买要便宜。台北没什么特别高的建筑，101倒是可以一览众山小了，顶层有个防风的阻尼可以看一下，赶上雾天视野不是特别好"
"M34****4067","5分","超棒","景色5","趣味5","性价比5","虽然是101重要收入来源之一，可是票价愈来愈高，实在是很不亲民。 我们看到101的游客并不少，但是会买票上观景台的游客却很少。 大家宁可选择不花钱在楼下广场，或是5楼售票处背景墙拍照、打卡，当做&quot;到此一游&quot;的标记"
"蒲公英宝贝","4分","满意","景色5","趣味4","性价比4","台北101楼高509米，地上101层，地下5层。其英文名称Taipei 101除代表台北，还有“Technology、Art、Innovation、People、Environment、Identity”（技术、艺术、创新、人民、环境、个性）的意义"
"大脸猫睡醒了","5分","超棒","景色5","","","体验了最快电梯，风景不错，有很多人上去。"
"可不可以都重来","4分","满意","景色4","趣味4","性价比4","个人觉得这是台北地区最现代化的地标建筑物了。非常不幸，登塔赶上了下大雨，高处不胜寒，室内玻璃又起了雾气。不过还是参观不限时间，慢慢的雾散了，夜景还是超级美的 看了夜景，还一定要看世界上最大的阻尼宝宝，绝对是世界之最啦。阻尼宝宝被卡通化后，各种旅游纪念品都超级可爱。有收集邮戳习惯的小伙伴们，到这里来要带好自己的小本本。101大楼礼品店外提供了寄明信片的地方，那里有好几个阻尼宝宝邮戳。超级有纪念意义。"
"天高云淡静","4分","满意","景色5","趣味4","性价比4","101大楼是台北的标志性建筑，尤其入夜，在灯光的衬托下显得更加的雄伟、绚丽。有名，又在台北市内，容易达到，人是真心的多。可以坐电梯直接到顶层，租一个电子导游器，看看东西南北各个方位的景色的前世今生。再往上有一个防止大楼因风摇晃的阻尼器，类似不倒翁的原理，到是蛮有科学性与观赏性的。楼下有吃饭的好馆子，但是人同样都是太多。"
"ARTinTin","5分","超棒","","","","去了台北101，俯视整个台北的夜景，留连忘返，觉得这一趟旅程必须要去的地方！！"
"M26****520","5分","超棒","景色5","","","非凡体验，非凡感受！九月美丽台湾之旅！"
"205****509","5分","超棒","景色5","","","打卡景点，没有过多的景色，就类似于到了上海，要上个东方明珠，晚上去的时候条件不佳，不能抢室外观景台，有点可惜，能直接寄明星片，小礼物也不贵，排队下来花了点时间"
"_WeCh****73925","4分","满意","景色4","趣味3","性价比3","我们是白天去的 可以看到台北的风貌 还是很大气壮观的 希望下次去台北可以是跨年的时候 和老公看101的烟火 他一直想去台湾 还没去"
"h****hq","5分","超棒","景色5","","","先去隔壁的眷村——四四南村，下午4点到101，登高可以360度俯瞰台北，可以到外面的平台上看日落，然后欣赏台北夜景。"
"m23****8437","5分","超棒","景色5","","","很快，方便要收到码在5楼售票台换票！"
"_WeCh****010998","5分","超棒","景色5","","","人不多还好，携程送了50元优惠券感谢"
"67****283","5分","超棒","景色4","趣味4","性价比3","101大樓除了逛街購物，吃鼎泰豐小籠，還能在景觀台上欣賞美麗的夜景。它同時也是台北市跨年放煙火的重要地標。附近還有威秀影城及新光三越商業區，很好吃很好逛。"
"肇东李存恭","5分","超棒","景色5","","","台北的繁华，璀璨尽收眼底；极速电梯真的快；91楼风真大，腿是真的有点抖。101购物很不错，吃饭购物赏美景一条龙哦！"
"M31****4419","5分","超棒","景色5","","","美丽的101大楼，我们会再次光临！"
"_WeCh****103615","5分","超棒","景色5","","","非常方便 就是一点 下雨天101室外观景台关闭需要注意 雨停了也关闭 只有晴天开放"
"godknows","4分","满意","景色4","趣味4","性价比4","台北101大楼89楼设有室内观景台、纪念证书的摄影服务、语音导览柜台、冰淇淋商店、纪念品商店、阻尼器参观区等；91楼设有室外观景台、7台40倍的望远镜等。"
"牧白A","4分","满意","景色3","趣味5","性价比3","地标性建筑，到此一游的还是值得去看看，元旦的101烟火比较特别些，平日里受天气浓见度的影响，登高观赏夜景总会受限。"
"syjscy","5分","超棒","景色5","","","从观景台俯瞰台北全景，超美超爽。"
"_WeCh****72962","5分","超棒","景色5","","","101名不虚传，就是当天天气不好"
"M21****474","5分","超棒","景色5","趣味5","性价比5","确实建得很好，尤其是看夜景不错！"
"东北大菜刀","5分","超棒","景色5","","","台北必去景点，高速电梯非常快！"
"香菜冰淇淋","5分","超棒","景色5","趣味5","性价比5","夜爬香山看101，很累但是景色超美，观景台超开阔，夜色中漫步很有意境！"
"pretty-magic","5分","超棒","景色5","趣味5","性价比5","很漂亮啊，高大上的社区喔:-O"
"320****987","5分","超棒","景色5","趣味5","性价比5","台北101大楼，曾经的世界第一高楼，可以俯瞰整个台北市，夜景更是漂亮。登塔的售票处在5层。我们去时虽然游客并不算上多，但购票后还是要排队乘坐电梯的。"
"巅峰Aaron","5分","超棒","景色4","趣味5","性价比4","整体看起来是不错，但周边景色实在是一般，比厦门都不如。胜在大楼规模大，确实很有气势。性价比略差。还有，大楼是leed白金认证，节能设计应该很出众。"
"穿梭在硅谷与华尔街","5分","超棒","景色5","","","下午4到的，正好看到了白天还夜景，台北的夜景很漂亮，值得一去的地方"
"M10****076","5分","超棒","景色5","","","特别好，还买了手信，好喜欢"
"M35****1779","5分","超棒","","","","今天和朋友一起去101观景台看风景。天空作美，气候舒适宜人。适合拍照打卡留念。搭乘高速电梯，参观周边商品，仰望窗外的景色。别有一番滋味。值得一看"
"百合1203","5分","超棒","景色5","趣味5","性价比5","登顶台北101观景台，这里是台北最具地标性的建筑 高速电梯 升楼显示屏，37秒抵达 而且没有任何摇晃的感觉 真的高科技啊 到达观景台 俯瞰整个台湾 景色很不错"
"PinkLi","5分","超棒","景色5","","","很方便喔，买票后到101观景台到柜台兑票。排队上去的时候会经过一个留影区，每组旅客一张合影，上去之后可以买照片（纸质打印、或者u盘拷贝的电子版）"
"加油李","5分","超棒","景色5","趣味5","性价比5","景色相当不错，还能看到世界最大的阻尼球，很好玩。夜晚上到89层，看到的台北夜景相当的不错。总之还是相当不错的，还是观众比较多。排队的时间太长了。"
"llbear","4分","满意","景色4","趣味4","性价比4","台北最高的楼，设计外观很有特色，在台湾可能也是最高的建筑，里面有国际大牌的品牌店，有一些世界顶级奢侈品牌，还有一些米其林餐馆，如鼎泰丰……，里面有一些关于101建筑的特色和奇特的介绍。"
"Mary_Kiky_Zhu","5分","超棒","景色5","趣味5","性价比5","台北的101大楼，就跟上海的东方明珠塔似的，只有到了晚上，打上灯光的时候，才是最迷人的。101大楼是以彩虹七种颜色为主题，每天都会更换一种颜色。"
"zizhuang","4分","满意","景色4","","","第一次在携程网上订门票感到有成就感上海旅游团人都夸老头我新潮！"
"_WeCh****29071","5分","超棒","景色5","","","很漂亮 很多人游玩参观"
"Wchzhnczd","4分","满意","景色4","趣味4","性价比3","建筑设计得还算非常漂亮的，环境也很不错。"
"ca****tm5","4分","满意","景色4","","","打卡必去之地。服务很好，虽然人多，安排有序。太阳大的时候去这避暑再好不过，大厦里好多名牌专柜。地下城有美食天地，但是鼎泰丰排队太长太夸张啦"
"非著名旅行家","4分","满意","景色4","趣味5","性价比4","【景色】还不错，希望以后还可以去！！！😆😆😆

【趣味】你有去了，以后有机会还可以再去，我也还想再去，幸亏赚更多的钱去。
【性价比】性价比还不错，有时间再去"
"旅行博主小张","5分","超棒","景色5","趣味4","性价比4","曾经得中国第一高！现在已经易主了！不过还是很值得来看看！"
"136****6456","5分","超棒","景色5","趣味5","性价比5","比现场买优惠一点，但是取票也要跟现场买票的排在一起等待。"
"jajaandy","5分","超棒","景色5","趣味5","性价比5","不错的打卡地。"
"_WeCh****720440","5分","超棒","景色5","","","扫码入场超级方便，免去排队取票时间，五点半入的场，从日落到夜幕降临，很棒！"
"_WeCh****742143","4分","满意","景色4","","","风景还是不错的！就是有点贵了一点！"
"悟空","5分","超棒","景色5","趣味4","性价比4","我去的时候正好有学校组织的露营活动，所以没有办法去天台。夜晚的景色还是很美的 里面的冰淇淋很好吃"
"M13****126","4分","满意","景色4","","","景色还是可以的，不过没有其他娱乐设施，就是看看风景，台湾的高楼大厦不多，101算是能覆盖全部了"
"M25****452","5分","超棒","景色5","趣味5","性价比5","逛了101，lv miumiu prada真高大上，建在了中心位置的延伸处，真心有走康庄大道的感觉"
"feimaer","5分","超棒","景色5","","","不错的，台北地标性建筑。由于避开了春节大批游客，慢慢欣赏了台北101的内部，观赏乐阻尼球等小影片。
携程比现场购票便宜一点，支持携程。"
"_TI***zx","5分","超棒","","","","至少来一次"
"angela pao","5分","超棒","景色5","趣味5","性价比5","全世界排名第11位的摩天大楼，虽然已经落在了10名之外，但是它还是全世界最瞩目的焦点，特别是每年的新年烟花秀，吸引了不少观众的眼球"
"car****227","5分","超棒","景色5","","","很好非常好"
"Lulu钉儿","5分","超棒","景色5","","","即买即用很方便。这天正好大雾什么也看不到好不开森～"
"Raoull","4分","满意","景色4","","","排队俩小时 畅玩20分钟 电梯还是爽的 其他就自己体会吧"
"带着檬宝去旅行","4分","满意","景色4","趣味3","性价比4","市区的很多地方都可以看到101大楼的身影。在101大楼底下抬头仰望，玻璃幕墙反射过来的阳光炫目而刺眼，大楼，也更显高大逼仄的气势。"
"rosyrock","5分","超棒","景色5","","","下午快5点上去的，等电梯的队不是很长后。主要是带孩子看看阻尼器。6点多在91层户外观景台看到了火红的夕阳落日。体验了世界最快电梯。"
"_zxte****39688","5分","超棒","景色5","趣味5","性价比5","到台湾观光旅游一定必去的就是台北101大楼，俯瞰台北景色，品尝地道的鼎泰丰小笼包，美景美味，哈哈，自在生活悠然美味！值得推荐……"
"Mary_Kiky_Zhu","5分","超棒","景色5","趣味5","性价比5","台北101大楼外观呈多节式，宛若劲竹节节高升、柔韧有余，象征着生生不息的中国传统建筑意涵，以高科技巨型结构来确保防风防灾的效果。"
"vivi微","5分","超棒","景色5","趣味5","性价比5","楼下五层是购物中心，上顶楼门票要500台币，我们没有上去，只在楼下的商店中购买手信而已。"
"Mikhail Misha","5分","超棒","景色5","趣味5","性价比5","台湾建筑大师李祖原的杰作，特别是上到楼顶观景台，可以一窥全世界唯一一个开放参观的超高层建筑的定海神针—阻尼器，这个最值得一看！"
"Bluered1233","3分","不错","景色3","趣味3","性价比3","去过两次，人气一次不如一次，卖珊瑚的一直都在。"
"ca****tm5","4分","满意","景色5","趣味4","性价比3","101里服务很好，安排有序。避免大太阳的好去处"
"Mary_Kiky_Zhu","5分","超棒","景色5","趣味5","性价比5","从外观设计上来看，大楼是一个多节式的结构，这样便能很好的达到防灾防风的效果，而且墙体是透明隔热的帷幕玻璃，配上灯光，格外好看。"
"M30****733","5分","超棒","景色5","趣味5","性价比5","在携程上订票会更便宜，排队也不是很久！晚上去还可以看到台北的夜景！很棒 里面也设有各色小吃以及101周边，剧幕播放视频介绍大楼！"
"FF一直在路上","5分","超棒","景色5","趣味5","性价比5","還不錯，裡面都是奢侈品喜歡購物的朋友可以去一下"
"342956932","5分","超棒","景色5","趣味5","性价比5","101是台北最高的楼，底下的商场还是蛮不错的，买了个包价格也便宜，登顶的感觉一般，天气好时候视野很好毕竟类似的观景高楼太多了"
"186****2023","5分","超棒","景色5","趣味5","性价比4","这里楼顶有很好的观景台，视野能看到整个台北，还有卖纪念品的商店，里面有很多台湾特色的纪念品，是很不错的地标性建筑物，值得一去"
"五月的天气","5分","超棒","景色5","","","一切体验都很好，观景台很漂亮，唯一不足是91层室外没上去，因为下雨的原因，可以理解！"
"angela pao","5分","超棒","景色5","趣味5","性价比5","造型独特，又是位于政府部门和百货公司的附近，地理位置得天独厚，而且办公楼和101百货公司在同一栋楼，不过不同的出口互不打扰"
"Jac侠","5分","超棒","景色5","趣味5","性价比5","携程买的票，特地选5点左右上去，从白天看到晚上，天空颜色的变化漂亮极了，买张明信片寄给自己，留个纪念，没去过很值得去一次的"
"雪佳321321","5分","超棒","景色5","趣味4","性价比4","到台北一定要去地标建筑101大厦逛一逛，楼下吃的挺多的，还能买到手伴。楼上品牌也挺多的，有时间可以去看看夜景。真的挺美的。"
"M22****3363","4分","满意","景色4","趣味4","性价比4","这个也属于当地地标建筑之一，建筑造型很独特，有点像竹子，可能也有节节高的寓意，游客很多，在三百多米观光厅可以一览城市美景。"
"M54****271","5分","超棒","景色5","","","取票很方便，总体还可以吧，夜景别有一番风味"
"たいわんいきたいわん","5分","超棒","","","","我只去看了Shohei Otani的5050球。这比直接购买便宜,而且我得到了一张台湾交通卡,所以很多。我去过101本身很多次,所以我看不到风景,只看球回来了。我早上去那里,所以人很少,这很好。"
"_TI***5x","5分","超棒","","","","我不得不指定时间,所以我在当地进行了预订。我无法在最后的时间,但是我能够在下一次完成。高速电梯的等待时间约为40分钟。当我在手机上观看下一个时间表时,很快就等了。我想知道大谷的球是否排队更多,但事实并非如此。很多人在看夜景,可能是因为那是晚上。"
"伯罗奔尼撒秦穆公","5分","超棒","景色5","趣味5","性价比4","负一楼是吃的，1-4是买的，晚上排队上去排队下来91还有室外观景台。没什么特别有意思的，对面南山广场不错，吃的玩的都有。"
"一个人的书房","5分","超棒","景色5","","","既然如此有名，理应到此一游。携程购的双人套票，优惠还要小礼品，合算！这里原名台北国际金融中心，2003年改名台北101。先乘电梯到5楼购票，有自动售票机，也有人工售票。我们在携程上的票，仍要像买当场票那样到人工售票处排队换成纸质票，然后排队去乘到观景台的世界最快的室内电梯；虽然不是节假日或周末，还是排了半小时；从5楼到89楼的室内观景台，只需37秒，非常精确；室内观景台中央位置是各种商铺，有饮料、纪念品等等，最多的是珊瑚；沿四周看看，台北全景就在眼前，然后可以爬楼梯到90楼的室外观景台，围栏很高，视野不如室内好，但来也来了，总要等高望远；再沿楼梯下行到88楼，排队乘电梯返回5楼。其他几个楼面是各类百货，名品大牌罗列，囊中羞涩，window shopping。地下1楼几乎是美食街，日料小吃，应有尽有，吃吃喝喝还是能承受的。"
"lulumiky","5分","超棒","景色5","","","晚上8点半到的101， 1-4楼是商场shopping mall， 地铁出来就是B1， 是吃饭和买手办的，顺便买了网红的咸蛋黄薯片，180台币一小袋， 尝个鲜。到了101售票处，携程上购的可直接进入的，还是需要柜台换票，再排队进入的，晚上快9点了还要排20分钟。 乘坐2015世界记录的最快电梯，果真很快就到了89层，好像比上海的环球金融中心的电梯要快一点。 遥望楼下台北灯火通明的全景，感觉不错。 礼品店里的东西价格都挺贵，最好拿了个明信片。 大厦里有个阻尼器值得参观一下，了解如何防震的。 楼上还有露天处可以参观，望远镜是免费的，不过大晚上大家都忙着拍照，几乎没有人看。 参观完下来到B1还吃了个米其林的烧味饭，不过真的味道不咋的。"
"英厄姆羊祜","3分","不错","景色3","","","用携程购买门票比现场买优惠一半。去的人非常的多，建议早一点去排队。相对来说夜景没有什么特色。比较有看得也就图中的那么一点点，因为他们高楼并不是很多，所以有点失望。夜景没有什么层次感，白天没有上去，也许夕阳或日出会不错吧。"
"lwyla","5分","超棒","景色5","","","101是台北市中心很显眼的一栋建筑，楼下是商场，有很多东西可以买，高端的亲民的都可以买到，也有很多好吃的地方可以去吃吃吃
接下来就是上楼换票啦，订票的话不可以在旁边的兑换机兑换哦，要排队兑换，不过也不会排很长的时间
超高速电梯是真的要尝试尝试，号称【改变人生的体验】果然是让人大开眼界，唰一下就到了88层
晚上看台北市夜景会很漂亮，88层有圆圆的很可爱的阻尼器，大家可以去了解拍照~
小遗憾是没有预定到台北101的星巴克，下次去的时候希望可以填补遗憾吧~~"
"理塘石碏","5分","超棒","景色5","趣味4","性价比5","下了飞机就去了到台湾旅游的第一个景点101大楼，正好是傍晚，既看到了白天的景色，也看到了晚上的景色。还是喜欢晚上的景色。"
"118****252","5分","超棒","景色5","","","到了台北101大楼，很震撼，也是中国人的骄傲。站在89层观景平台可以360看到台北的美景，楼下五层为商场，吃饭购物再好不过。如果到台北，一定要去101大楼，遗憾的是没有在观景平台看到台北美丽的夜景。强烈推荐大家到台北游玩。订101大楼的门票一定首选携程，又快又省钱。"
"蓝保的旅行","4分","满意","景色4","","","作为地标建筑，肯定要去呀。就是买门票太麻烦了，排队太长，登塔也是，排队太长。不过塔上风景还是不错的，总算没有让我失望。"
"118****443","4分","满意","景色4","","","晚上景色不错，游人很多。电梯速度很快。"
"_WeCh****304224","5分","超棒","景色5","","","值得一上，夜景很美，关键是天气好再上"
"_zx520****652733","5分","超棒","景色5","","","还不错 打卡而已 携程比现场买票要优惠些"
"nlp_cn","5分","超棒","景色5","","","很精彩，很实惠，景色很漂亮，值得一去"
"186****9288","4分","满意","景色4","","","奢华时尚的设计和装饰元素，特别棒哦！"
"lsq顺","5分","超棒","景色5","","","台北市夜景尽收眼下，感受曾经是世界上最快的升降机。性价比高，不错。值得推荐！"
"M23****4618","5分","超棒","景色5","趣味5","性价比5","台湾最高的楼，电梯也很快，可以望到远方的景色。 上面还有些参观的地方，有卖纪念品，和盖戳的地方，大概2小时左右足够了。"
"丁莞","5分","超棒","景色5","","","很棒！！如果不走特殊通道的话，平均排队半小时可以登楼，不算长！世界最快的电梯非常酷炫，因为控制人数所以观景台的人也不算很多，不会有想拍照没有地方的尴尬境地"
"105****531","4分","满意","景色4","","","没有什么特别好看的，楼上两层很小，就电梯是亮点，瞬间到80几楼，而且很稳！"
"Ethan Hsiung","5分","超棒","景色5","趣味5","性价比5","速度很快，
好稱最快的電梯。
哈哈哈。
這個第一很台北哈。
一如既往的喜歡台北。
主要是各種可愛的人，
老人小孩都很有禮貌。"
"Ethan Hsiung","4分","满意","景色4","","","感覺還行吧。
排隊很有秩序。
而且大家都很有禮貌。
大樓觀賞性沒有很強。
只是世界速度最快的電梯是亮點。
去一次就好了哈。"
"_CFT01****9309341","4分","满意","景色4","趣味3","性价比2","台北101的确不错哦！！！！！！"
"文豪哒哒哒","5分","超棒","景色4","趣味3","性价比5","台湾最高的大楼，509米，站在上面有一览众山小的感觉"
"匿名用户","5分","超棒","景色4","趣味5","性价比4","排队等候到了以后上去玻璃太模糊看不大清楚，但是毕竟是第一建筑值得一去的！101科技感十足，跨年烟火非常漂亮！附图是101高速电梯🛗台北值得一去的景点"
"M36****659","5分","超棒","景色5","趣味5","性价比5","台北的地标性建筑去台湾一定要去看看，我个人推荐傍晚去可以看到台北市的夜景，而且可以在顶楼吃吃东西，很惬意的。"
"西之岛町赵云","4分","满意","景色4","","","101作为地标地处台北繁华之地，可以俯视整个台北，视野很好，加上楼下的商场，来玩的人很多，就是楼顶门票太贵。"
"橡皮擦擦嘞","5分","超棒","景色5","","","台北101观景台的工作人员都很热情，台北夜景很漂亮～对了，电梯超快的"
"M36****086","5分","超棒","景色5","","","很好玩 推荐 以后去台北还会再去"
"nini917","5分","超棒","景色5","趣味5","性价比5","算是台北高楼的代表性建筑，毕竟台北也有不少老旧的房子，这个算是新世界的标志性大楼。对外售票，夜景也很好看。"
"nini917","5分","超棒","景色5","趣味5","性价比5","台北的标志性建筑之一，可以买票上楼参观，晚上可以有更好的景观。总的来说，台北101大楼是还算值得看的景点。"
"FidoMaru","4分","满意","景色4","趣味4","性价比4","台北101大楼是台湾最高的建筑物，也是台北的地标建筑，里面有百货公司、餐厅、办公室等，遇到重大节假日，入跨年等，都会有烟火秀，可以去逛逛，相当不错"
"M36****906","5分","超棒","景色5","","","先去的故宫，再去101，到大楼里订票。发现其实101出售联票，价格很优惠的，估计一般都会先去故宫再去101看夜景。故宫那里没有显示联票优惠。有优惠券，携程比现场订划算。出票快。安全方便。"
"lily-dandan","4分","满意","景色4","趣味4","性价比4","在101下面觉得还是很震撼的！而且白天和夜晚的景致是不同的！很漂亮"
"理塘石碏","5分","超棒","景色5","趣味5","性价比5","台北101大楼是台北的标志性建筑物，天气晴朗的话傍晚上去是最好的，既能看到白天的台北又能看到夜晚的台北！"
"M41****329","5分","超棒","景色5","","","买的快递通行票，感觉非常值，可以省去很多排队时间。我们很幸运，当晚上去的时候开放了户外观景台。风景很美。"
"麦兜麦兜啊","5分","超棒","景色5","趣味5","性价比5","大前年过年去的，见过太多高楼，所以没啥太深刻印象。只有微信支付领取的大几十元红包，让我一直记到现在。。。"
"Mary_Kiky_Zhu","5分","超棒","景色5","趣味5","性价比5","台北101大楼每八层为一个结构单元，建筑面内有一定的角度倾斜，彼此接续，层层相叠，外观则是呈多节式结构。"
"袁绍lulu","5分","超棒","景色4","趣味5","性价比5","还是很值得去的，比起中央电视塔确实要好。服务，设备设施，商品化程度都不错。不过观景台外的景色就很一般了。"
"匿名用户","5分","超棒","景色5","趣味5","性价比5","携程订票太方便了 提前一天或者当天定就好 不用换钱直接手机支付真的很便利 去前台给他看一下码就能拿到票啦 
看准日落时间去到上面会收获台北的落日夕阳噢～"
"纳科多奇斯赵牧","5分","超棒","景色5","","","携程买便宜很多，但是一样需要柜台取票，所以不能避免排队。晚上那个人潮，虽然夜景很漂亮但是得有体力排队。"
"王仔小蛮栋","4分","满意","景色4","","","还不错，要是取票流程可以走自助就更完美了！台北还是非常美丽的！强烈建议日落的时候去，景色是最美的时候。"
"M29****3394","4分","满意","景色4","","","去到楼下看到有些雾，以为上去不影响风景，谁知白茫茫一片，什么都看不到，浪费钱，早知道就楼下看算了。遗憾"
"adgjl159","5分","超棒","景色5","趣味5","性价比5","在上海连东方明珠都不去，一到台北一下飞机，到酒店放下行李直奔101，这是为什么呢？101夜景确实漂亮！"
"_WeCh****61535","5分","超棒","景色5","","","还可以吧，比现场直接买票划算，果断现场网上买票，马上就可以入场"
"118****580","4分","满意","景色4","","","携程购买的双人票比在现场购票优惠，赞一个。101电梯很快，来不及吞口水就到89层了，电梯里的星空很迷人"
"nini917","5分","超棒","景色5","趣味5","性价比5","101大楼算是台北的标志性建筑，比较受游人追捧，看夜景还不错。当然，好像还比不上上海陆家嘴那样现代。"
"DS2022","5分","超棒","景色5","趣味5","性价比5","台北101大楼占地面积153万平方米，其中包含一座101层高的办公塔楼及6层的商业裙楼和5层地下楼面"
"peili","4分","满意","景色4","","","千万不要为了省5元而买特价票，太不方便了，还要排队换实体票！"
"M27****1444","5分","超棒","景色5","","","傍晚上去的，看到了白天景色也看到了夜景，作为台湾行最后一站，在101看到台北全景也算是行程完美收官。"
"angela pao","5分","超棒","景色5","趣味5","性价比5","世界级的高楼大厦，也是台北的地标，这里除了办公楼外最吸引人的就是百货公司了，售卖的商品质量都是最好的"
"gpc_mybaby","3分","不错","景色3","趣味3","性价比3","台北101大楼有508米高，楼一共101层，所以由此得名。每年12月31日，101都会有壮观的跨年烟火表演。 夜间的台北101外观会打上灯光，以彩虹七种颜色为主题，每天更换一种颜色。"
"_TIPH****ub05ra","5分","超棒","景色5","趣味5","性价比5","I wish I knew about this booking app. Before it was easy and user-friendly, plus the deals were all amazing."
"Mary_Kiky_Zhu","5分","超棒","景色5","趣味5","性价比5","台北101大楼层层相叠，彼此连续，是台北的标志性建筑，每逢大的日子，还会有外墙灯光表演，非常好看。"
"格鲁吉亚阿宝","3分","不错","","","","去台北必去的地方之一！
但去的那天下雨了，天气不好照片就没那么好看了，有点可惜！
但我还会再去一次的！"
"M48****654","5分","超棒","景色5","","","在101上看台北风景真不错 ，视野很好，携程出票的速度很快！"
"Zxting🌟","5分","超棒","景色5","","","携程买票也很方便啊 拿着二维码给前台扫一下 比当场买稍微便宜一点 还不错 然后上去从夕阳看到夜景 真的蛮美的"
"adgjl159","5分","超棒","景色5","趣味5","性价比5","和很多人一样去台湾第一站选择了著名的101，夜景超级漂亮，楼下美食街人气很旺，交通也很方便有地铁！"
"139****4578","5分","超棒","景色5","趣味5","性价比5","非常漂亮，值得一游！夜晚的101会打上彩光，每天都是不一样的颜色，赤橙黄绿青蓝紫，可以在象山观看。"
"华-Rainbow","4分","满意","景色4","趣味4","性价比4","在观景台站了几十分钟，虽没看到一场完美的日落，但却也见证了台北夜幕的缓缓降临。最开始的天空是没什么太多颜色的，兴许是因为云层厚重的关系。"
"mi了個喵ya","5分","超棒","景色5","","","很方便，友情提示一下，可以打時間差，中午12點根本不排隊"
"190****577","5分","超棒","","","","这是台北的地标建筑，坐电梯上去可以俯瞰整个台北的景色。大楼里还有个珊瑚展览中心，很多美丽的珊瑚"
"M25****7538","5分","超棒","景色4","趣味4","性价比4","台湾的标志……尤其还可以吃到非常道地的牛肉面……在市中心……周边也有博物馆可以了解……挺好的"
"nini917","5分","超棒","景色5","趣味5","性价比5","台北大部分建筑有一点年份了，但是101是台北的亮眼之处，晚上可以登高看台北的夜景，是真不错。"
"o0唱游","5分","超棒","景色5","趣味5","性价比5","台北101大楼位于台北信义区7号，是集办公、购物、观景于一体的综合性大楼，是台湾的地标建筑。"
"火焱火焰Huo","5分","超棒","景色5","趣味5","性价比5","台北最高层楼，电梯速度特别快，没有感觉就到了顶层，有点晃的感觉，看台湾好看，只是卖的物品稍贵"
"大卫的微笑","5分","超棒","景色5","趣味5","性价比5","101大楼坐最快的电梯，看台北最高点看夜景，确实很美"
"A-Song","5分","超棒","景色5","","","到了101当场预定的，很方便，比现场购票便宜很多。100出头的门票，我觉得性价比还是可以的。特地5点的场次看日落，然后还能到91层室外看看。和朋友拍了很多照片，还是蛮好的。"
"冰凉的","5分","超棒","景色5","趣味5","性价比5","台北非常知名的大厦之一 也是世界上有名的高楼 特别的壮观 高耸入云的感觉真的是给人完美的视觉冲击啊"
"angela pao","5分","超棒","景色5","趣味5","性价比5","专卖进口商品的高端品牌的百货公司，也有全世界最高的摩天大楼，这里聚集了众多游客前来观光度假哦"
"_TI***38","5分","超棒","","","","我提前预订了,因为我认为有很多旅行者。通过预订门票,我能够从另一条车道进入,即使我感到疲倦的孩子也很高兴顺利进入。这是一张非常感谢的票。"
"angela pao","5分","超棒","景色5","趣味5","性价比5","世界最高楼之一，101楼层，509.2公尺高，有百货公司还有办公楼区，是个多功能的摩天大楼"
"angela pao","5分","超棒","景色5","趣味5","性价比5","世界最高楼之一，除了办公楼外就是超大规模的百货公司了，售卖的都是进口商品，价钱也非常公道哦"
"桃之夭夭Lucy","5分","超棒","景色5","趣味5","性价比5","還不錯 很多奢侈品店  可以去看看"
"博雅格格","5分","超棒","景色5","趣味5","性价比5","台北的标志性建筑之一，可以在上面看夜景，可惜去的那天有小雨，雾气很大，不怎么能看清下面。"
"E24****13","4分","满意","景色4","","","算是游客打卡地，就像是上海的东方明珠，广州的小蛮腰，吉隆坡的双子塔一样。不过不同的是里面有开放的阻尼器展示和动画讲解还是不错的。"
"158****6463","5分","超棒","景色5","","","不错 比在现场买的便宜 但是这个需要到柜台办理 人少还可以 认识需要排队 自己去买票也是需要排队的"
"M24****0628","5分","超棒","景色5","趣味5","性价比5","【景色】台湾省第一高楼，夜景很美，跨年烟火很漂亮
【趣味】
【性价比】"
"o0唱游","5分","超棒","景色5","趣味5","性价比5","台北市區內著名的標誌性建築，設計獨特，跨年時會綻放璀璨的煙花，很多市民都會前來觀賞：）"
"hw9586","4分","满意","景色4","趣味4","性价比4","台北的第一高楼，果然名不虚传 到台北一定要打卡的景点，登上顶层的观光平台，可以俯瞰台北市区和看到很远的阳明山，楼下的小餐厅也不错"
"mi****u2","5分","超棒","景色5","","","很方便，价格也便宜，当场购买马上柜台上能使用。"
"SteveLg","5分","超棒","","","","套餐包1张悠游卡，刚巧有棒球展览，值回票价。"
"M21****076","5分","超棒","景色5","趣味5","性价比5","值得去，半夜登101能看整个台北的风景，灯光璀璨。还能吹吹风，下楼吃个鼎泰丰。满足胃"
"若如初见1023","5分","超棒","景色5","","","去台北必到打卡点。天气晴朗的时候看着还不错。"
"奥拉尔维沃宋玉","4分","满意","景色5","趣味4","性价比3","算台灣的特色指標！旁邊有許多的百貨公司，101可以搭電梯上去最高點，俯瞰台北市，別有一番風情！不過裡面的價格偏高 但東西不錯吃"
"maggiep","5分","超棒","景色5","","","上去只要37秒，速度很快，风景也可以，一圈下来很快就兜完……游客打卡必游处～～^_^"
"Lisa  Guo","5分","超棒","景色5","趣味5","性价比5","台北的地标，里面有很多伴手礼可以买，有世界精品，101的观景台可以俯看台北的全貌。"
"m****ks","5分","超棒","景色5","趣味5","性价比5","除了登上观景台的票价稍高外，其他的没有太多不好的地方，可以值得拍照纪念的一个景点。"
"莱恩君","4分","满意","景色3","趣味2","性价比1","鸡肋景点，只是换了个角度看夜景，基本上没啥亮点，不如上海外滩的几栋高楼观景，而且接待人员对大陆旅客态度还挺差……这就尴尬了"
"贝莱斯叶斯","5分","超棒","景色5","趣味5","性价比4","现代气息与自由民主有机融合，生生不息…加油"
"夫人有钱","5分","超棒","景色5","趣味4","性价比4","台北的标志性地方，登上101大楼，整个台北市的面貌一览无余，感觉元旦来看烟花更赞。"
"c****10","5分","超棒","景色5","趣味5","性价比4","圣诞前夜人超多，幸亏买了Speed Pass,得以不用排队快速登上85层。夜景可能没有白天好看，但也值了。韩国旅游团超多。"
"M31****5515","5分","超棒","景色5","趣味5","性价比5","台湾最高的大厦，是台北的地标。立里有各种商户，台湾小吃王鼎泰丰就在那里有一家店铺"
"_ceai****6973","5分","超棒","景色5","趣味5","性价比5","偌大的商业中心，台北地标，有地铁直达。吃的穿的用的一应俱全。除夕的焰火令人难忘。"
"haixindianshi1","5分","超棒","景色5","趣味5","性价比5","台湾的地标，电梯又快又稳，来到楼顶观看一下台湾的市貌。来台湾一定光顾一下101。"
"o0唱游","5分","超棒","景色5","趣味5","性价比5","台北著名的的地標性建築，極具設計感，內部空間寬敞明亮，品牌眾多，購物體驗非常好。"
"温斯顿塞勒姆孙秀","5分","超棒","景色5","趣味3","性价比4","白天晚上各去过一次，强推晚上去看夜景啊！"
"adgjl159","5分","超棒","景色5","趣味5","性价比5","101标志性建筑，大陆人都知道的台北景点，夜景特别漂亮！台北晚上的灯光非常漂亮！"
"化蝶","5分","超棒","景色5","","","很是便捷，五楼兑票，柜台前下单的，稍等了10分钟就坐上电梯了，就是速度太快有点晕"
"d15****65","4分","满意","景色4","","","因为下雨人不是很多，但是到了89楼的观光层基本就在雾里，外面什么也看不见，还有就是所有高楼的纪念照都是要钱的，不是免费的"
"sunder1973","5分","超棒","景色5","趣味5","性价比5","台北市的著名地标景点，建筑上有许多的创新工法，非常值得一游"
"m26****4254","4分","满意","景色5","趣味3","性价比4","高速电梯，观景平台可以观赏台北市区景色。更好的体验还得自由行，如果是跟团游，线路固定，吃完午餐就结束了，玩的不太痛快。"
"M24****3021","5分","超棒","景色5","趣味5","性价比5","台北的最高建筑，晚上灯光亮起，非常的醒目，登上观景台还可以俯瞰整个台北的市景。"
"就愛拍照","5分","超棒","景色5","趣味5","性价比4","台灣最高的大樓，可以搭電梯直達觀景台遠眺整個台北市，鼎泰豐也在這開店，可以品嚐"
"chengyu8","5分","超棒","景色5","趣味5","性价比5","台北101是台灣第一高樓，曾經是世界第一高樓，里面有世界各大名牌.知名的餐廳。"
"avaloveeric","5分","超棒","景色4","趣味4","性价比4","排队等了一会儿，就上去了。俯瞰台北的夜景，在上面给家人写明信片，还是挺好玩的。"
"202****895","5分","超棒","景色5","趣味5","性价比5","因为台北没有多少高楼大厦，所以101就是最好的能观看到台北全景的地标性建筑了。"
"nish****ipilv","5分","超棒","景色5","","","方便快捷，比现场买票略便宜，小孩大人同价，当天天气一般，景色也一般，人不算太多"
"怀宁长孙无忌","3分","不错","","","","个人觉得没什么好玩啦，上去就拍拍照片，估计十分钟就会下来，性价比不是很高，上去参观的韩国人很多，总之就是不去或许会后悔，但是去了一定会后悔"
"守望","5分","超棒","景色5","趣味5","性价比4","一览台北美景尤其夜晚景色迷人。购物无所不有会挑花眼，美食精致满足你的所有味蕾！"
"angela pao","5分","超棒","景色5","趣味5","性价比5","全世界最高楼之一，也是最美的一道风景，特别是每年的春节烟花，吸引了无数人的眼球"
"STONEY-M","5分","超棒","景色5","","","敲黑板：①携程买参观票（便宜还可用优惠券）；②不要观景台打印合影（土and死贵）；③观景台免税产品买买买（如某面膜）；④退税看好时间（晚十点后就不能退税了）。"
"总爱自己折腾","5分","超棒","景色5","趣味5","性价比5","台北现代地标建筑，可逛名店，可到天台餐厅用餐观赏台北风光。"
"琪琪文","5分","超棒","景色5","趣味5","性价比5","台北旅游必去景点，是台北地标之一，无论日景夜景都同样壮观，里面还有购物和美食。"
"乌拉拉谢","5分","超棒","景色5","趣味5","性价比4","雨天里的101，听一场演唱会就完美了"
"Honey月","5分","超棒","景色5","","","在101大楼5楼兑换蛮方便的，不过人比较多，兑换后拿号等叫号再排队进入。在携程上订票也方便，不清楚可以联系在线客服。"
"pe****ahk","5分","超棒","景色5","","","全世界最快电梯上去 欣赏美丽的台北夜景"
"志远188","5分","超棒","景色5","趣味5","性价比5","很好，特别电梯是世界上最快的，从地下到89层只要37秒！"
"C.Y.C","5分","超棒","景色5","趣味5","性价比5","能在101走走感觉真是高大上起来了"
"adgjl159","5分","超棒","景色5","趣味5","性价比5","台北有陈旧不堪的就城区，也有时尚的101，在101俯瞰台北夜景灯光很漂亮！"
"acuobao","5分","超棒","景色5","趣味4","性价比5","地处台北最繁华的信义区，景色不错！"
"达达和妮妮","5分","超棒","景色5","趣味5","性价比5","台北101大厦是当地的地标，特别是跨年的时候，可以去到那里感受一下它的灯光"
"tigerie","5分","超棒","景色5","趣味5","性价比5","台北101大楼是台北的标志性建筑，集办公，购物，观光于一体，甚是雄伟壮观。"
"_WeCh****765566","5分","超棒","景色5","趣味5","性价比5","大楼高很美，上楼看外面景色很飘亮。"
"匿名用户","5分","超棒","","","","我很高兴我预订了房间,因为我能够通过拥挤的售票处的一排排直接进入电梯。天气很好,我能够欣赏台北的全景。"
"阳明山下","5分","超棒","","","","6年前去的101大楼，电梯是真的快，楼顶的景色也不错"
"吃货羊咩咩","5分","超棒","景色5","趣味5","性价比5","晚上夜景虽然没有上海还看，但是可以看到台北的全貌，建议白天看外，晚上登塔"
"118****891","5分","超棒","景色5","","","到了景点买的票，换票很方便，比现场票优惠很多，还好台湾去的及时，现在不能自由行了。台湾适合慢游，有机会还会去的！"
"angela pao","5分","超棒","景色5","趣味5","性价比5","超大规模的购物中心也是全世界最高楼之一，登上88楼还可以眺望台北市全景哦"
"136****1517","5分","超棒","景色5","","","当天订的晚上的票，要选择进场时间，取票非常畅通，在携程上订还有优惠，值得一去的地方！尤可以拍照，也可以买纪念品。"
"Wendy_kiss","5分","超棒","景色5","","","101大厦晚上去人太多了 排队要排很久 而且携程购买的票只能现场售票柜台取 自助购票机无法取票 这个有点鸡肋 但是早上去101的人很少  基本不排队取票  然后景观也不错"
"可爱多1904","5分","超棒","景色5","趣味5","性价比5","台北最高点，上去的时候阴天，没有看到最美的台北，有点遗憾，以后有机会再来"
"Jack.king","5分","超棒","景色5","趣味4","性价比4","台北的标志性建筑，值得去看看，，"
"cparissh","5分","超棒","景色5","趣味5","性价比5","电梯很快哦 看清电梯顶上 很漂亮。最好傍晚上去 这样就能看白天和晚上两个景色啦"
"201****509","3分","不错","景色3","","","排队人很多，上去下去都要排队的"
"郭香香妈","5分","超棒","景色5","趣味4","性价比4","带着小朋友，所以买的快速票进的楼，还是值得一去的~"
"snailchan","5分","超棒","景色5","","","不错，虽然台北城市建设一般，但总体有次序又比较卫生，从101上看上去还不错，建议6点左右上去，能看白天的风光稍微等一会就直接到夜景"
"202****895","5分","超棒","景色5","趣味5","性价比5","台北的地标性建筑！非常值得一去！能全面看台北，因为周围都没有比较高的楼"
"631****598","4分","满意","景色4","","","因为时间紧张，阴天小雨，当天没有开放室外观景台，有点可惜了，电梯很厉害"
"二度一","5分","超棒","景色5","","","方便快捷！订票优惠，现场预订！"
"红红－9","4分","满意","景色4","趣味4","性价比4","能在地震多发的台北建当时时间最高的101大楼真是太厉害了。很漂亮！属于台北的标志性建筑之一。旅游打卡地之一。"
"jiessy","5分","超棒","景色5","趣味5","性价比5","101是台北的地标，在台北市的中轴线上。每年元旦的烟花汇演美不胜收。"
"cjen","5分","超棒","景色5","","","晚上去看，人不多，夜景值得感受一下，观光行走路线设置比较合理，可以看几层楼，也能走到91楼户外。换票很方便。"
"郭香香妈","5分","超棒","景色5","趣味4","性价比4","带孩子去的，购买的快速通道卡，不用排队，非常不错"
"202****895","5分","超棒","景色5","趣味5","性价比5","顶楼的观光厅非常干净且明亮！能看到整个台北！还有很好听的101之歌…"
"anraybaby","5分","超棒","景色5","趣味4","性价比4","餐厅环境及服务均不错，做在88漏餐厅边享受美食边眺望远处夜景相当不错"
"D69****70","4分","满意","景色4","趣味4","性价比4","台北的1018楼是该地区的标志性建筑，到这里主要是为了看夜景，台北的捷运非常方便，建议购买，1日卡或两个卡。"
"_KK***47","5分","超棒","","","","去台湾的话一定要去的地方"
"凰仙花","5分","超棒","景色5","趣味5","性价比5","101层大楼曾经很高，周围建筑不高的衬托，现在比它高的建筑很多了。"
"snailchan","5分","超棒","景色5","趣味5","性价比5","平台上看看风景还是不错的，特别是傍晚去看日落，有个防地震的什么球！"
"理塘石碏","5分","超棒","景色5","趣味5","性价比5","台北101大楼，晴天傍晚上去既能看白天的景色，也能看到台北的夜景！"
"orany","5分","超棒","景色5","","","非常赞，第一次到了TAIPEI101，一定要晚上去，看夜景！！！！"
"重要的开心","5分","超棒","景色4","趣味4","性价比4","101夜景超好的，晚上来不仅景色好，夜景很棒，游客也会相对少一些。"
"M35****8744","5分","超棒","","","","景觀美麗，俯看台北市，有餐廳也有商場，太棒了"
"o0唱游","5分","超棒","景色5","趣味5","性价比5","台北101大楼是台湾金融贸易中心，顶层是观赏台北夜景的最佳选择。"
"展日吴胜中Nick Wu","5分","超棒","景色5","趣味4","性价比4","曾经的世界第一高楼，台湾最高楼，看看风景还不错，百货公司也不错逛"
"o0唱游","5分","超棒","景色5","趣味5","性价比5","位于台北市中心的101大楼，是台北经济贸易中心，是台北地标建筑。"
"桃之夭夭gato","5分","超棒","景色5","趣味5","性价比5","夜景算是非常厉害的。楼下有各种正经台湾特产和连锁饭店鼎泰丰什么的"
"Susan2019","5分","超棒","景色5","趣味5","性价比5","台北的101大楼，可以说是台北的标志性建筑，而且具有独特的魅力。"
"_WeCh****575971","5分","超棒","景色5","","","没赶上好天气，但是还是很不错的，人不少很多效率很高。下回再来一趟"
"天意","5分","超棒","景色5","趣味5","性价比5","台北101大楼是整个台湾的标志性建筑物，尤其是到了晚上更是漂亮！"
"俺老婆最大","5分","超棒","景色5","趣味5","性价比5","臺灣第一高樓…可以眺望台北盆地及陽明山…到台北一遊…不能錯過！"
"sunder1973","5分","超棒","景色5","趣味5","性价比5","挺有特色的摩天大楼，当初建造时使用了许多新的建设工法，非常难得"
"黄偉昱","5分","超棒","景色5","趣味5","性价比5","台湾有名大楼，年年过年都有烟花秀，环境优美商品小吃多，值得一去"
"M46****5886","5分","超棒","景色5","趣味5","性价比5","台北101大楼，非常漂亮，旅游打卡拍照不错"
"瓦岗军","5分","超棒","景色5","趣味5","性价比5","101大楼是台北的制高点，与101相比，其他建筑物如同蚂蚁一样"
"白龙6888","5分","超棒","景色5","趣味5","性价比5","台北101大楼，是台北的地标性建筑，楼层很高但看起来外型一般。"
"_CFT01****0690073","5分","超棒","景色5","","","上去下来都排了十几二十分钟。我觉得上面最有看头的，就是那个阻尼球。日落也漂亮。因为排了队时间晚了点，很快天就黑完了，不开心，还是要稍微早点上。"
"焦糖布丁mm","5分","超棒","景色5","趣味5","性价比5","就是购物中心，附近有是购物广场，有微风的大的购物商城，里面并不太大，顶层有欧式建筑各大奢侈品都有，可以退税，地下有小吃街可以买手办。
【性价比】"
"斯塔拉霍维采法庆","5分","超棒","景色5","","","高楼景观非常开阔，那个亚洲第一的风阻尼球，孩子看的很感兴趣，整体感觉非常不错，最快的电梯也让人记忆深刻"
"qingqing11","5分","超棒","景色5","趣味5","性价比5","台北的標誌性景點，不過人多，上下樓都要排隊，城市夜景真的很美！"
"angela pao","5分","超棒","景色5","趣味5","性价比5","由办公楼、百货公司所组成的世界最高楼，已经不能只用壮观来形容了"
"_CFT01****9405854","5分","超棒","景色4","趣味4","性价比4","台北101大楼是台湾最高的建筑之一，上面有观景台，非常的漂亮。"
"赵比逊","5分","超棒","","","","台北101是台湾的地标性建筑，当然也是必须参观的景点啦~推荐晚上的时候过来，灯光很美，并且台湾很多人会在这边跨年，想新年再来一次，感受下气氛。"
"o0唱游","5分","超棒","景色5","趣味5","性价比5","这个台湾省最高的大楼可以观赏台北市夜景亦是台湾金融贸易中心。"
"o0唱游","5分","超棒","景色5","趣味5","性价比5","台北101大楼是台湾标志性建筑，是各地游客朋友最喜欢的景点。"
"sunder1973","5分","超棒","景色5","趣味5","性价比5","台湾最高建筑，当初建造的时候，在这个案子上采用了许多新的技术"
"黄偉昱","5分","超棒","景色5","趣味5","性价比5","台湾楼層景标，可吃可逛，好玩，高处看台北夜空风景优美值得推荐"
"博雅格格","5分","超棒","景色5","趣味5","性价比5","台北的标志性建筑之一，值得一看，可以看到台北的夜景，很不错！"
"qingcai0334","3分","不错","景色4","趣味2","性价比3","现在各地都有高塔，台北101不算很高很特色，作为台北的景点去一下吧，俯瞻景色还行，台北绿化面积挺多，和城市结合在一起，小山和城市建设和谐融合"
"M59****949","5分","超棒","景色5","趣味5","性价比5","晚上上去的 看夜景 可惜当天有点雾 电梯真的很快 耳朵稍微有点受不了"
"小眼镜张","5分","超棒","景色5","趣味5","性价比5","是台北最显眼的地标性建筑，曾经六年蝉联“世界第一高楼”称号。"
"Mayor of Kingstown","5分","超棒","景色5","趣味5","性价比5","晴朗的天空下 挺漂亮的 整个建筑充满了招财进宝的装饰元素 挺有趣的"
"龟速般翱翔","5分","超棒","景色5","趣味5","性价比5","带父母来玩，对于他们来说比较适合打卡游，希望他们能高兴就好。"
"z彩希","4分","满意","景色4","","","可以看台北全景啊，就是要排好长的队！不过还好，比较有秩序啊！"
"Cici巴扎嘿","4分","满意","景色4","","","排队时间比较长～可能也是2.3去的，人比较多，夜景不错，不过就是转一圈，台北地标，还是要去柜台取票的"
"202****895","5分","超棒","景色5","趣味5","性价比5","台北必去的景点！顶层明亮干净，还有101的专属歌曲不断播放！"
"baobao爱旅游","5分","超棒","景色5","趣味5","性价比5","楼里面的避震球真的很有特色，人在楼上的时候也是感觉有些晃动的"
"夜林宝宝","5分","超棒","景色5","趣味5","性价比5","不合算，就是去拍照，到楼上去很贵，但是台湾天气真好，拍照很美"
"sunder1973","5分","超棒","景色5","趣味5","性价比5","台北市地标性建筑物，台湾第一高楼，建筑工程上有很多创新之处"
"easeboy","5分","超棒","景色5","趣味5","性价比5","超级高楼，顶层可以看整个台北，天气好去才能看，可以去试试！"
"华-Rainbow","4分","满意","景色4","趣味4","性价比4","从猫空远眺台北市区，101大楼远远屹立。夜晚安静的市府路。在101三C产品柜台体验三星手机立体眼睛"
"就愛拍照","5分","超棒","景色5","趣味5","性价比5","要看高樓來101就對了，天氣好可看到整個台北盆地，值得一來"
"鱼渔愉","5分","超棒","景色5","趣味5","性价比5","有空就到这里溜达溜达，是个不错的选择！"
"100****327","4分","满意","景色4","","","真的是上去没啥东西，还是远观效果更佳，不去又心不死之景点。"
"桃之夭夭gato","5分","超棒","景色5","趣味5","性价比5","下次可以新年去，顺便看烟火表演
楼下很多吃的，堂食和手信都有"
"M32****005","4分","满意","景色4","","","整体感觉还不错，现在上边能看到整个台北，去的时候赶上下晴天雨，出现双彩虹，还幸运的去了室外观景台。"
"就愛拍照","5分","超棒","景色5","趣味5","性价比5","台灣最高樓 過去也曾是世界最高 週邊商場與美食多 推薦大家去看看"
"翡翠之恋3827","5分","超棒","景色5","趣味5","性价比5","非常值得去.在顶楼会看见很多日本中学生参观，楼下很多商场。"
"小鱼儿2015","5分","超棒","景色3","趣味4","性价比4","台北101大楼是一幢很精致的楼房，整个大楼的内部设计很美观，包括好几个不同的主题环境，打螺钉额结构也是蛮壮丽的，在空中就可以看到台北景色。"
"winner98","4分","满意","景色4","趣味4","性价比4","這裡有很多家蛋糕甜點的挺不錯的到101來的時候可以來嘗試"
"sunder1973","5分","超棒","景色5","趣味5","性价比5","台湾最高建筑，在建筑的工法上有许多独特之处，值得好好鉴赏"
"红红－9","4分","满意","景色4","趣味4","性价比4","这个大楼建的真是了不起！在那么一个地震多发地能建成这么一个曾经是世界第一高的大楼简直太不容易了。"
"jjjjjjkkkkkkk","5分","超棒","景色5","趣味5","性价比5","这个是台北地标性的建筑了，名气不用多说，大家肯定都知道。"
"就愛拍照","5分","超棒","景色5","趣味5","性价比5","來台北必定要去101，上觀景台，天氣好可以看整個台北盆地"
"想一辈子住在你的心里","4分","满意","景色4","趣味4","性价比4","台北101大楼就和上海东方明珠塔、东京晴空塔、巴黎艾菲尔铁塔一样出名！
【景色】
【趣味】
【性价比】"
"中大福","5分","超棒","景色4","趣味4","性价比4","地下美食街琳琅满目，好吃的冰品，咖啡生气勃勃，让人留恋。"
"118****716","5分","超棒","景色5","","","很棒，景点的观光电梯也是一大亮点啊！"
"136****8888","5分","超棒","景色5","","","现场买现场用，提供订单号就行，很方便。我们去的时候，现场买票和网络预定换票在一起排队，人不少，大概排了20多分钟吧，然后坐电梯还要再排队"
"SteveLg","5分","超棒","","","","抵玩，能远眺台北市四周，唯外墙玻璃较蒙，看来较少清洁。"
"熊熊仔仔仔","5分","超棒","景色5","趣味4","性价比4","商場乾淨，晚上夜景很美，很值得去晃晃，附近餐廳有非常多"
"展日吴胜中Nick Wu","5分","超棒","景色5","趣味5","性价比5","【景色】漂亮
【趣味】佳
【性价比】佳"
"华-Rainbow","4分","满意","景色4","趣味4","性价比4","只有亲身体验了艺术、时尚和科技的完美结合，才会感受到这种震撼。不过，我仍相信，一般风景两样情怀"
"ATOW","4分","满意","景色4","趣味4","性价比3","作为上海人 没上去过东方明珠
结果101却上去过2次~
电梯很梦幻~
上面也就还好啦…因为我有 恐高症~"
"屹耳🚊","5分","超棒","景色5","趣味5","性价比5","台北最著名的景点，一层有好多大牌店铺，登顶能看台北全貌"
"何游天下","5分","超棒","","","","台北101大楼是是台北地标性建筑，是去台北的必游景点。每天前往参观的游客非常多。门票100元。"
"Ben Wong Ting Chong","3分","不错","","","","相当昂贵的入场费"
"黄偉昱","5分","超棒","景色5","趣味5","性价比5","好吃好玩的景点之一，商场有特色，还能看夜景，值得一去"
"_ceai****6973","4分","满意","景色4","趣味4","性价比4","巨大的商业设施，购物天堂，不乏有创意的店铺和品牌店，饮食店也多，粗粗逛一圈，就花了半天时间。"
"ROSE-VIOLET","5分","超棒","景色5","趣味5","性价比5","商场比较值得逛逛的就是购物超市，各种特产伴手礼的采买"
"silverchris","5分","超棒","景色5","趣味4","性价比4","台北看起来最现代化的地方了，吃喝玩乐买买买都可以完成"
"o0唱游","5分","超棒","景色5","趣味5","性价比5","台北101大楼位于台北市信义区，这里是台北金融中心。"
"_WeCh****246953","5分","超棒","景色5","趣味5","性价比5","台北101大楼曾经世界第一高楼，购物中心汇集世界名牌"
"silverchris","5分","超棒","景色5","趣味5","性价比5","台北地标性建筑，最现代化的一块地方，购物观光的好地方"
"teddyteddy","5分","超棒","景色5","趣味5","性价比5","有宣传本子上可以盖章 留作纪念
有远离介绍等科普
值得一去"
"M24****3021","5分","超棒","景色5","趣味5","性价比5","台北101大楼晚上灯光亮起非常的漂亮，显得美轮美奂。"
"就愛拍照","5分","超棒","景色5","趣味5","性价比5","要看最高大樓，就是101，趕緊去"
"桃之夭夭gato","5分","超棒","景色5","趣味5","性价比5","想跨年再去一次
楼上观景楼下美食购物，有鼎泰丰有裕珍馨"
"黄石齐桓公","5分","超棒","景色5","趣味5","性价比4","2015年去过 不错的 台湾地标性建筑 里面吃喝玩乐的都有"
"清远大黄蜂","5分","超棒","景色5","趣味5","性价比5","台北的迷人地标，世界第三高楼，看城市夜景的最佳地点。"
"_WeCh****020414","5分","超棒","景色5","趣味5","性价比5","非常值得一去的台北地标性建筑，登顶看整个台北一览眼底"
"137****3156","5分","超棒","景色5","","","边城的演出很值得一看，沱江的夜景也很美。除了演出需要用身份证换门票以外，全部都是刷身份证就可以了。演出的座位在前10排，位置特别好。"
"137****3156","5分","超棒","景色4","趣味3","性价比3","正好雨天，能见度比较低，但是在台北感觉还是需要去看看"
"applesheng","5分","超棒","景色5","趣味5","性价比5","大楼位于市中心，也是著名景点，晚上灯光拍照效果会更好"
"阿狸333","5分","超棒","景色5","趣味5","性价比5","这里适合看整个台北，天气好的时候来这里看，风景最好。"
"阿福呀","5分","超棒","景色5","趣味5","性价比5","要稍微排下队的 下雨天不建议去 顶楼空中走廊是不让上去的"
"M60****130","5分","超棒","景色5","","","好用，方便，爸爸强烈要求上101，所以当即订票成行。"
"M36****3008","5分","超棒","景色5","趣味5","性价比5","台北101大楼、观光电梯俯瞰台湾夜景🌃非常漂亮。"
"marsxing","5分","超棒","景色5","趣味5","性价比5","放心来就对了，体验感一级棒，总之非常推荐各位来打卡"
"就愛拍照","5分","超棒","景色5","趣味5","性价比5","到台北，登高樓首選101，天氣好還可以看到台北全貌"
"瓦岗军","5分","超棒","景色5","趣味5","性价比5","台北101大楼是台北的制高点，每年新年会有焰火表演"
"用户118","5分","超棒","景色5","趣味5","性价比5","地标建筑，游客必去。在屋子里看的，玻璃不是很干净。"
"妮妮8162","5分","超棒","景色5","趣味5","性价比5","在台北101大楼89楼，设有室内观景台，冰淇淋店等"
"202****895","5分","超棒","景色5","趣味5","性价比5","台北最供得去的景点。因为可以360度看到整个台北。"
"njck","5分","超棒","景色5","趣味5","性价比4","这是台北地标，还是值得去看看的，只是价格略有点贵哦"
"悉尼墨尔本","5分","超棒","景色5","趣味5","性价比5","到台北一定要到101，体验超速度的电梯和迷人的夜景"
"139****5870","5分","超棒","景色5","趣味5","性价比5","挺高的，风景一览无余，俯视大地，什么都变得好渺小，"
"133****0845","5分","超棒","景色5","","","不错，用携程买很方便。到了人工取票，即可。值得看看"
"M23****9131","4分","满意","景色4","","","除了看高楼，真没什么意思，性价比也不高，，唯独有个哈喽KT的店，还是有点纪念意义，可以买硬币玩扭蛋，给自己留个纪念，携程出票很快，对于不太爱照相的我们，觉得有点不太值这钱"
"无所谓一哥","5分","超棒","景色5","趣味5","性价比5","恐高的人也得去一下，是个值得去的地方，美景尽收眼底"
"M17****998","5分","超棒","景色5","趣味5","性价比5","在101第89层的高空俯瞰台湾夜色，别有一番风味。"
"silverchris","5分","超棒","景色5","趣味5","性价比5","台北唯一看起来现代化一些的地标建筑，可以逛逛买买"
"o0唱游","5分","超棒","景色5","趣味5","性价比5","台北101大楼是每年游客前往观赏夜景的最佳选择。"
"o0唱游","5分","超棒","景色5","趣味5","性价比5","台北101大楼位于台北市中心，是台北地标性建筑。"
"M515shunyi1618","5分","超棒","景色5","趣味5","性价比5","台北的标志性建筑，晚上灯光亮起的时候，非常的醒目"
"大美女哟","5分","超棒","景色5","趣味5","性价比5","去台北必定打卡的景点，跟上海东方明珠一样的存在。"
"njck","5分","超棒","景色5","趣味5","性价比4","这里是地标性建筑，值得去看看。当然价格也有点高。"
"288****548","4分","满意","景色3","趣味3","性价比3","感觉这个地方属于食之无味，弃之可惜的地方，就是楼层高一些，可俯瞰全景，其他也没什么特别的"
"正晞他爹","5分","超棒","景色5","趣味5","性价比5","上去之前，记得留意天气。雨雾天气时，视线会差很多"
"朝霞浮萍","2分","一般","景色4","趣味3","性价比1","台北的地标建筑--台北101。这个大楼在当年可是很火的。不过放在现在去看就很一般了。因为后面的各个大楼都造得比他要高。尤其是迪拜的哈利法塔，101简直不值一提。门票要好几百了。不是很推荐。"
"135****8286","5分","超棒","景色5","趣味5","性价比5","每个城市都有那么几个著名景点，到了要去打个卡的！"
"桃之夭夭Lucy","5分","超棒","景色5","趣味5","性价比5","台湾标志性的最有意义的建筑 在松山机场就可以看到"
"Silver111","5分","超棒","景色5","趣味5","性价比5","这边的记忆不太愉快，没想到优惠，而且也没有退税"
"_YX1****729","5分","超棒","景色5","趣味5","性价比5","也算是标志性建筑之一了，可惜没有什么亮点可言。"
"安静🤫🌹🤫","5分","超棒","景色5","趣味5","性价比5","排队进入，里面环境不错，参观了一下，感觉很棒！"
"Young旅人赞歌","5分","超棒","景色5","趣味5","性价比5","101可以看山看海 台北最核心的中心地带 周边繁荣"
"想一辈子住在你的心里","4分","满意","景色4","趣味4","性价比4","说起台北，大家就会想到西门町、101大厦，当然还有冬季的雨。
【景色】
【趣味】
【性价比】"
"米米qin","5分","超棒","景色5","","","方便快捷，扫码入园。特别震撼的是大楼的阻尼器，第一个开放游客观赏的大楼，会随风摆动用来平衡大楼。来台北一定要去看看101大楼。"
"chenrongrong","5分","超棒","景色5","趣味5","性价比5","值得去！俯视台北、不一样的视角，不一样的感受！"
"186****6148","3分","不错","景色3","","","去的时候有小雨，91楼不开放，有点失望。这个票是需要现场换票的，五点多去的，其实现场售票也不用排队。89楼就是拍照，看风景。个人觉得打卡地吧，到了台北，地标性打卡而已"
"满天星宝宝","4分","满意","景色4","趣味4","性价比4","台北101楼高509米，地上101层，地下5层。台北101（509米）曾是世界第一高楼"
"潇SHAWN","5分","超棒","景色5","趣味5","性价比5","很不错，台北夜景很美，第一次来台北的，一定要来"
"M13****557","5分","超棒","景色5","","","边上有自助售票机呀，买这个票必须去排成S形的服务台换票呀，和现场买票的是同一个队伍呀。"
"118****165","5分","超棒","景色5","趣味5","性价比5","没有上楼顶观看，等着下次带孩子去的时候再看了。"
"00****753","5分","超棒","景色5","趣味5","性价比5","台北的标志性建筑，感觉如果不来一次会有点遗憾。"
"龙猫他妈","5分","超棒","景色5","","","非常方便快捷，去的前一天订的。不过观景台上去后外面雨雾，什么也看不见，运气太好了:-("
"红红－9","4分","满意","景色4","趣味4","性价比4","这个大楼是真得很漂亮！101层。能在地震多发的台北建当时世界第一高的大楼真是很伟大。"
"就愛拍照","5分","超棒","景色5","趣味5","性价比5","到台北，想登高樓看台北，101大樓絕對是首選"
"博雅格格","5分","超棒","景色5","趣味5","性价比5","台湾必去的地方之一，可以看台北夜景，很漂亮！"
"Angel_KO","5分","超棒","景色5","趣味5","性价比5","去台北必去的shopping的101大楼百货"
"齐齐小伙","4分","满意","景色4","趣味4","性价比4","带着父母和孩子转了一圈，真的是很震撼，来台北必须打卡101大厦啊"
"我有一个梦想888","5分","超棒","景色5","趣味5","性价比5","非常的的壮观。坐电梯是相当的刺激，非常的不错"
"belinda3138","5分","超棒","景色5","趣味5","性价比5","没有很重的商业气息～每个细节的设置都很文艺～"
"M29****5635","5分","超棒","景色5","","","101大楼有全亚洲最快的电梯，同时在大楼上还可以俯瞰全台北的风景，十分壮观。这是一次是很不错的旅游体验！"
"我的人呢","5分","超棒","景色5","","","比现场排队买票还便宜哦，哈哈，买特快票可以不用排队去取钱，直接找前台小哥哥就可以啦！101有世界上最快的电梯，37秒就到了。"
"153****5001","5分","超棒","景色5","趣味5","性价比5","101大厦的夜景特别美，站在楼顶能俯瞰台北。"
"SAFEI","5分","超棒","景色5","趣味5","性价比5","台北地标性建筑 可以俯瞰整个台北的美景 美不胜收"
"M14****995","5分","超棒","景色5","","","出票神速 可惜天公不作美 上下楼各排了约二十分钟"
"WGC0121","5分","超棒","景色5","趣味5","性价比5","臺北欣賞夜景的最佳地點之一 體驗臺北的繁華熱情"
"202****895","5分","超棒","景色5","趣味5","性价比5","台北最高的标志性建筑！能一览台北的所有地方！"
"118****165","5分","超棒","景色5","趣味5","性价比5","门票价格不贵，做为标志性建筑，还是应该看看。"
"ms****16","5分","超棒","景色5","趣味5","性价比5","台北的豪华购物中心，环境优雅，商品比较齐全。"
"lilacqlx","5分","超棒","景色5","","","标志性高楼虽然并无惊艳之处，但是台北101的3D明信片真的很赞，最佳旅游纪念品之一。阻尼也是令人赞叹，科技和建筑的完美结合！"
"五常大米爱荔枝皮","5分","超棒","景色5","趣味5","性价比5","台北标志性建筑，非常壮观，不到101非好汉"
"糖果丅","5分","超棒","景色5","趣味5","性价比5","台北101大楼夜晚的灯光秀好看，五颜六色的"
"忆星岑","5分","超棒","景色5","趣味5","性价比5","台北地标，电梯速度很快，体验感还不错。。。"
"M14****086","4分","满意","景色4","趣味4","性价比4","这个大楼是台北甚至是台湾地标，登上可以观看整个台北的城市风光！"
"何礼斌","5分","超棒","景色5","趣味5","性价比5","台湾第一高峰，喜欢登高望远的朋友赶紧过来吧"
"就愛拍照","5分","超棒","景色5","趣味5","性价比5","到台北，要逛高樓看景觀，一定要去101大樓"
"就愛拍照","5分","超棒","景色5","趣味5","性价比5","到台北，要在高樓看台北全景，首選101大樓"
"joanne08H2021","5分","超棒","景色5","趣味5","性价比5","台北旅游，少不了101观景台看台北的风景。"
"男男","5分","超棒","景色5","趣味5","性价比5","台北最高的建筑物就是101大厦，真的很漂亮"
"_qcs1****9961","5分","超棒","景色5","","","携程订门票很方便，景区直接能用。最重要一点，随时开票，对公司团建来说，报销很方便，反正现在酒店机票用车都在携程，快速便捷！"
"Comrade.Yimu","5分","超棒","景色5","","","出票很快，还送101纪念版悠游卡，非常满意"
"e00****85","5分","超棒","景色5","","","人不多，还行，去一趟台湾不容易，去看看就行"
"）H（","5分","超棒","景色5","趣味5","性价比5","台北还是挺好玩的，101跨年还是特别有趣的"
"E40***49","5分","超棒","","","","不错的景点和附近很多购物和餐饮场所。很喜欢这个地方,天气很好。希望再来:("
"sunrising@east","4分","满意","景色4","趣味4","性价比4","环境优美自然，景色秀丽宜人，台湾地标建筑，高大宏伟，性价比超高，值得我们去看看。"
"就愛拍照","5分","超棒","景色5","趣味5","性价比5","到台北，要看全景，一定要去101大樓登頂"
"Luka1024","5分","超棒","景色5","趣味5","性价比5","怀念上一次去101，登顶的一瞬间特别感动"
"红红－9","4分","满意","景色4","趣味4","性价比4","大楼共101层，在地震多发的台北建还真是不容易！主要是靠楼顶悬着一个大的平衡球。"
"138****2590","5分","超棒","景色5","趣味5","性价比5","台湾台北101大楼真是一个值得一去的地方"
"_WeCh****377431","5分","超棒","景色5","趣味5","性价比5","台北101大楼非常漂亮，网红打卡景点之一"
"travelling","5分","超棒","景色5","趣味5","性价比5","台北101大楼不错，登高望远，景色优美。"
"M36****3008","5分","超棒","景色5","趣味5","性价比5","台湾101大楼是一个非常有名气的打卡景点"
"snailchan","4分","满意","景色4","趣味4","性价比4","就那样吧，和绝大多数超高层建筑都是一个路数，观景层什么的，就是有个防地震的什么球"
"138****7011","5分","超棒","景色4","趣味4","性价比4","还不错，顶楼的平衡球是亮点，楼下很多餐厅"
"winstonw","5分","超棒","景色5","趣味5","性价比5","台北101，值得一去～，跨年烟花超级棒～"
"月亮之上太阳升起的地方","5分","超棒","景色5","趣味5","性价比5","在这里可以俯瞰整个台北，傍晚时分去最好。"
"137****8707","5分","超棒","景色5","","","换票很方便，过去人不多，基本排队一会就可以电梯上去观光了！一直都是用的携程，好评"
"橙汁先生","5分","超棒","景色5","","","不错非常值得一游打卡的地方再次期待下一次即将来临的完美旅行哦不错非常值得一游打卡的地方再次期待下一次即将来临的完美旅行哦"
"EricmengTW","5分","超棒","景色5","趣味5","性价比5","曾經是世界中的第一高樓，可眺望著整個台北"
"perngs","5分","超棒","景色5","","","不错的体验，和女朋友过来。她也玩的很开心"
"就愛拍照","5分","超棒","景色5","趣味5","性价比5","台北最高大樓 建築具中國傳統 推薦大家去看看"
"puppylove82","5分","超棒","景色5","趣味5","性价比5","还不错，CBD，俯瞰整个夜景，蛮不错的！"
"_M13****2507","5分","超棒","景色5","","","很方便。我是提前2天买的，3号买的，4号用，我以为不能用了，结果可以，很开心。上到顶，雾大看不太清。"
"118****327","3分","不错","景色3","","","先说好的，速度很快，当时订购，很快就收到验证码。价格也合理，当然再多些折扣或者活动就更好了。唯一的问题是，这个验证码要到101柜台去换取，可是介绍页面和购买页面，以及购买确认页面都没说明，而且101服务柜台也没有标示携程在哪里换票。我在自助机上输入了N遍票号及个人信息，都无法通过，最后还是询问柜台后，才知道只能在柜台换取。希望有关各方能工作再细致一点，不要让各位朋友旅行期间措手不及"
"kai204","3分","不错","景色3","","","不好看，登上台北的标志性建筑，曾经的世界第一高楼台北101大楼。可以从各个角度，俯瞰整个台北的景色，晚上看灯火通明的整个台北市，非常壮观。坐电梯到89层观景平台只需要37秒，不愧为速度最快的电梯，还有世界上最大的阻尼器，当时也是创下了多项世界第一。每年的101跨年烟花表演也是台北固定的跨年节目，非常漂亮。"
"好看的人是我","5分","超棒","景色5","趣味5","性价比5","去了，觉得还行 跟期望值差一些 其他的都还行"
"M20****083","5分","超棒","景色5","","","比现场买便宜！照片不用拿，地铁里照片100台币很便宜！在上面拿的600觉得小贵！"
"120****076","5分","超棒","景色5","","","预定很快，在当地提前一天预定的，即使没有开通漫游，在APP的订单中也能找到预定单号，很方便。有几个套餐自行选择，很不错。"
"138****5558","5分","超棒","景色5","趣味5","性价比5","畢竟以前是世界第一大樓，拍照購物的好地方"
"杨坤","5分","超棒","景色5","趣味5","性价比5","竹节一样的但绿色的101大楼，确实壮观。"
"connie0223","5分","超棒","景色5","趣味5","性价比5","值得一去，管理非常好，很有秩序，夜景很美"
"320****524","5分","超棒","景色5","趣味5","性价比5","到的時間不美好，只看到滿城閃耀的霓虹燈光"
"YSKang70","5分","超棒","","","","人也不多所以很享受台北的夜景"
"E50***66","5分","超棒","","","","本来旅行的时候不太去展望台这样的地方的类型因为朋友去过一次很敏拍照也很好很好推荐"
"心情好好的毛怪","5分","超棒","景色5","趣味5","性价比5","台北地标，超高层建筑，很棒，不错的地方"
"Silver111","5分","超棒","景色5","趣味5","性价比5","很不错的地方，挺好的，挺喜欢的
【景色】"
"shenlanxingyu","5分","超棒","","","","这个模型架构有机会要去101大楼看一看"
"Angel_KO","5分","超棒","景色5","趣味5","性价比5","101大楼很有格调呢，
【景色】也是很好"
"Silver111","5分","超棒","景色5","趣味5","性价比5","挺不错的，很漂亮呢，很好看的，挺喜欢的"
"糖果丅","5分","超棒","景色5","趣味5","性价比5","101大楼很高，遥望远方很美，值得关注"
"欢乐宋-999","4分","满意","景色4","趣味4","性价比4","挺漂亮的。台北的地标建筑之一。在地震多发的台北能建造这样一个建筑还真是不容易！"
"博雅格格","5分","超棒","景色5","趣味5","性价比5","值得一看的地方，楼顶可以看到台北夜景。"
"M46****5886","5分","超棒","景色5","趣味5","性价比5","台北101大楼，来台湾旅行热门打卡之处"
"M49****352","5分","超棒","景色5","趣味5","性价比5","不错的感觉，高楼大厦，登上去风景不错～"
"就愛拍照","5分","超棒","景色5","趣味5","性价比5","全台灣最高樓，到台北一定要去101看看"
"calfort","5分","超棒","景色5","趣味5","性价比5","台北最高点，购物中心，非常值得打卡游览"
"M37****0354","5分","超棒","景色5","趣味5","性价比5","台北181大楼是去台湾旅行必去打卡景点"
"刘学珠📈","5分","超棒","景色5","趣味5","性价比5","确实值得去。照相自己很难。只能付费了。"
"Angel_KO","5分","超棒","景色5","趣味5","性价比5","101很好逛的商业楼，建筑可以辟邪感觉"
"洋葱姐姐","5分","超棒","景色5","趣味5","性价比5","地标建筑了，很远就看到高高的101大楼"
"～如月＊芬芳～","5分","超棒","景色5","趣味5","性价比5","不錯哦！台灣有名的景點，我已經去過了。"
"Angel_KO","5分","超棒","景色5","趣味5","性价比5","每次去都要逛的地方，吃的小吃也很全面。"
"今天下午吃早餐","4分","满意","景色4","趣味4","性价比4","非常出名的一个地方，这里有很多大公司在这里，当然楼层也非常高，可以来这里看看。"
"月亮之上太阳升起的地方","5分","超棒","景色5","趣味5","性价比5","台北101大楼的跨年焰火值得去看一下。"
"E34****591","5分","超棒","景色5","趣味5","性价比5","每年都會放炫爛奪目的煙火，相當值得一看"
"橘子汽水Mis Liu","5分","超棒","景色5","趣味5","性价比5","台北最高的建筑，世界第五高楼，很有特色"
"_WeCh****352569","5分","超棒","景色5","","","很方便，在現場下單，憑2維馬就可以換票，每張票省了20多R***，服務態度也很好。為什么要超40個字呢？？？？？？？？？"
"喜欢麻辣火锅","5分","超棒","景色5","趣味5","性价比5","台北标志性地标，虽说排队有点时间长，但是上去之后风景无比的美，可环视整个台北，建议黄昏前上去，这样就可以看到最美的夕阳"
"wmnf800825","5分","超棒","景色5","","","液景很美，人很多，上去下来都需要排队，人气非常旺，天气真好，视野开阔，灯火阑珊"
"M45****895","5分","超棒","景色5","","","还有小赠品 很棒很棒，风景很好，下次还来"
"M24****3050","5分","超棒","景色5","趣味4","性价比4","第一次去，印象好！在101买了不少东西"
"K酱本酱","5分","超棒","景色5","","","地标建筑！都是游客去就对了！打卡打卡！"
"Tina帽子","5分","超棒","景色5","趣味5","性价比5","101电梯超级快！夜景很美，俯瞰台北市"
"_U4****8402","5分","超棒","景色5","","","非常棒！可买当天简直太完美了！现场买600台币一张，快速通行票1200台币一张。就是在101的5楼购票地方取票，完美！"
"糖果丅","5分","超棒","景色5","趣味5","性价比5","台北101大楼很高，遥望星空很好看，"
"展日吴胜中Nick Wu","5分","超棒","景色5","趣味5","性价比5","【景色】漂亮
【趣味】有趣
【性价比】高"
"ROSE-VIOLET","5分","超棒","景色5","趣味5","性价比5","夜景远观还是不错的，值得去走走看看的"
"M29****323","5分","超棒","景色5","趣味5","性价比5","很不错的地方，值得推荐，下次还要再来"
"菜鸟周周110","5分","超棒","景色5","趣味5","性价比5","101大厦很壮观，很大呀，拍照都不齐"
"M36****3008","5分","超棒","景色5","趣味5","性价比5","台北101大楼、著名旅游网红打卡景点"
"M36****7643","5分","超棒","景色5","趣味5","性价比5","台北101大楼是台湾旅行必去打卡景点"
"就愛拍照","5分","超棒","景色5","趣味5","性价比5","到台北，登高樓觀景，首選101就對了"
"就愛拍照","5分","超棒","景色5","趣味5","性价比5","要看台北盆地全景，到101絕對是首選"
"就愛拍照","5分","超棒","景色5","趣味5","性价比5","要在高樓看無障礙的空間來101就對了"
"M31****3707","5分","超棒","","","","很不错的一处好玩地方哦，不错不错哦。"
"华509","5分","超棒","景色5","趣味5","性价比5","台北的标志性建筑，还有室内室外观景台"
"百合花2004","5分","超棒","","","","【趣味】电梯一级棒
【性价比】值得一去"
"小雨DINGTING","5分","超棒","景色5","趣味5","性价比5","好有特色啊！台北的制高点，必须打卡！"
"_WeCh****72592","5分","超棒","景色5","","","第一次来，人不多。其实跟大多数地区的最高楼一样，没啥特别的。俯瞰台湾的整体，在我看来其实并没有东方明珠往下看效果好呢"
"M26****9727","5分","超棒","景色5","趣味5","性价比5","十分宏伟高大！非常不错！好的！很棒！"
"houboby","5分","超棒","景色5","趣味5","性价比5","台北市的地标建筑，象征着台北的文化。"
"M37****287","3分","不错","景色3","","","订票非常方便，但是出了二维码还要排长龙去换票非常不方便，建议今后可以提供不需要换票的服务这样可以给大家节省宝贵的时间"
"M12****516","4分","满意","景色4","趣味4","性价比3","101成为地标主要是周边没什么高楼，衬托之下鹤立鸡群，上去反而没什么夜景可看"
"_CFT01****1359565","5分","超棒","景色5","趣味5","性价比5","有世界最快的电梯，37秒钟到达88层"
"杨坤","5分","超棒","景色5","趣味5","性价比5","台北这样的海边城市，能有这样的高楼。"
"138****6996","5分","超棒","景色5","","","预订了也是要到柜台取票的；不过总体的感觉还是不错的，整个101 大楼非常高，站在八十多楼的观景台上风光是超级不错哟的。"
"fm11222","5分","超棒","景色5","趣味5","性价比5","台北的标志性建筑，登楼可俯瞰台北城。"
"梁先森","5分","超棒","景色5","趣味5","性价比5","旅游好去处，大家有机会可以去看看吧。"
"203****275","3分","不错","景色3","趣味3","性价比3","楼下为了吃鼎泰丰，排队一小时，吃完又排队1小时登楼，已经累了不行。
阻尼还是值得看的，至于窗外风景，还是回上海看吧。"
"糖果丅","5分","超棒","景色5","趣味5","性价比5","台北101大楼很高，遥望远方很漂亮"
"Silver111","5分","超棒","景色5","趣味5","性价比5","挺不错的地方，挺好的，很不错的地方"
"心情好好的毛怪","5分","超棒","景色5","趣味5","性价比5","台湾地标，周边很热闹，不错的建筑物"
"ROSE-VIOLET","5分","超棒","景色5","趣味5","性价比5","每年圣诞节前后，这里装扮的夜景好美"
"_WeCh****377431","5分","超棒","景色5","趣味5","性价比5","台北101大楼，俯瞰风景如画，不错"
"EricmengTW","5分","超棒","景色5","趣味5","性价比5","台北最高大樓，可迢望整個台北市景色"
"小徐新庄","5分","超棒","景色5","趣味5","性价比5","台湾地区挺不错的一家旅游休闲好去处"
"Angel_KO","5分","超棒","景色5","趣味5","性价比5","实在非常怀念了，疫情过后希望可以去"
"梅花阿姨","5分","超棒","景色5","趣味5","性价比5","上去看台湾好漂亮啊，很不错的感觉！"
"Angel_KO","5分","超棒","景色5","趣味5","性价比5","很长时间不见101了，希望疫情快过"
"JayJoe79","5分","超棒","景色5","趣味5","性价比5","很好看，很好玩，很开心，流连忘返！"
"10science","5分","超棒","景色5","趣味5","性价比5","101观光塔值得一去，楼下还有美食"
"njck","5分","超棒","景色5","趣味5","性价比5","这是台北地标性建筑，值得去看看哦。"
"q花花","5分","超棒","景色5","趣味5","性价比5","登顶环绕四周 风景真的很美！黄昏很美"
"II乐逍遥","5分","超棒","景色5","趣味5","性价比5","台北第一高楼，俯瞰台北尔，景色不错"
"摩纳哥嵇康","5分","超棒","景色5","趣味5","性价比5","台北最高大楼，可惜去的时候天气不好"
"徐徐洋晓","4分","满意","景色4","","","工作人员很到位，我上去之前告诉我能见度低，我还是上去了，固然啥也看不到哈。第二天跟团游还有机会上去了一次天还是不好"
"一壁江山","5分","超棒","景色5","趣味5","性价比5","第一次去台北必去，虽然景色不怎么样"
"_WeCh****06541","5分","超棒","","","","好漂亮。值得一去，跟男朋友去最幸福"
"_WeCh****05803","5分","超棒","景色5","","","需要排一下队，可以网上订套票，风景还是不错的，楼下的鼎泰丰非常不错值得一吃"
"205****389","4分","满意","景色4","趣味4","性价比4","这个景点，应该说可去可不去，就是上海的东方明珠一样的，高楼看景，人还挺多的"
"周怀安","5分","超棒","景色5","趣味5","性价比5","当年的地标建筑，如今孤独的一颗小树"
"M31****709","3分","不错","景色3","趣味3","性价比1","看台北夜景很繁华，大楼里有很多手信店，也有奢侈品，想血拼的只需要准备好钞票"
"渔舟唱晚71","5分","超棒","景色5","趣味5","性价比5","台湾的标志性建筑，当年繁华的象征"
"芽苗荳","5分","超棒","景色5","趣味5","性价比5","台灣最高的地方，風景漂亮點頭同意"