business_id,content,score
229,"1.景色方面：从建筑风格、色彩搭配、空间布局等角度来看，故宫的红墙黄瓦、飞檐斗拱极具特色，整体布局对称严谨，体现皇家威严。

2.趣味方面：故宫在展览形式、互动体验、文化活动等方面非常有趣，能吸引游客深入了解历史文化。例如故宫的文创活动、珍宝馆和钟表馆等。

3.性价比方面：门票价格相对合理，能参观众多宫殿和丰富文物 哦(๑＞ڡ＜)☆",5
229,"1.景色方面：从建筑风格、色彩搭配、空间布局等角度来看，故宫的红墙黄瓦、飞檐斗拱极具特色，整体布局对称严谨，体现皇家威严。

2.趣味方面：故宫在展览形式、互动体验、文化活动等方面非常有趣，能吸引游客深入了解历史文化。例如故宫的文创活动、珍宝馆和钟表馆等。

3.性价比方面：门票价格相对合理，能参观众多宫殿和丰富文物 哦(๑＞ڡ＜)☆",5
229,"故宫博物院，旧称为紫禁城，是北京的标志性建筑，也是世界文化遗产之一。它曾是中国明、清两代皇帝的皇家宫殿，现在则是一个展示中国古代艺术和文化的博物院。故宫不仅建筑宏伟，还收藏有大量的珍贵文物，是了解中国历史文化的重要窗口。                亮点包括:                                                          1.建筑艺术：故宫的建筑群是世界上规模最大、保存最完整的木结构宫殿建筑群，其建筑艺术和空间布局体现了中国古代建筑的最高水平。
2.丰富的藏品：故宫博物院拥有186万余件文物藏品，包括古书画、古器物、宫廷文物、书籍档案等，涵盖了中国几千年的历史文化。
3.陶瓷馆：故宫博物院陶瓷馆展示了中国陶瓷约8000年的发展历程，展品丰富，包括“五大名窑”和明清两代御窑瓷器等。
4.数字化展示：故宫博物院利用数字化技术，建立了“数字故宫”，通过网站、APP等平台，让观众可以在线欣赏故宫的文物和建筑。
5.文化活动：故宫博物院经常举办各种文化活动和特展，如与敦煌研究院合作的敦煌特展，以及与其他国家的文化交流活动，这些活动丰富了故宫的文化内涵                             6.游览体验：故宫提供了详细的游览路线和讲解，帮助游客更好地理解故宫的历史和文化。
7.拍照指南：故宫不仅是历史文化的宝库，也是摄影爱好者的天堂。许多特定的拍照点可以捕捉到故宫建筑的独特魅力。                  故宫博物院是北京必游的景点之一，无论是对中国历史文化感兴趣，还是对建筑艺术和珍贵文物有所追求，故宫都是一个不可多得的参观地。因此，如果你有机会来到北京，非常推荐你将故宫博物院列入你的行程中。",5
229,"故宫，位于中国北京市中心，是明清两代皇家宫殿的所在地，被誉为“五千年文明的瑰宝”。故宫占地面积720,000平方米，拥有宽阔的宫院和精美的建筑，是中国最为完整的古建筑群落之一。

故宫的主要建筑沿着南北中轴线布局，包括午门、太和殿、中和殿、保和殿、乾清宫、交泰殿、坤宁宫等。这些宫殿均为木质结构，黄琉璃瓦顶，红墙金碧，展现出中国古代建筑的高度成就。其中，太和殿是故宫最为重要的宫殿，也是明清皇帝举行大典的场所，其雄伟壮观的气势令人叹为观止。

除了主要宫殿外，故宫还有丰富的建筑和文物。东西两侧分布着许多宫苑、庭院和小巧玲珑的建筑，如御花园、宁寿宫、慈宁宫等。此外，故宫内还珍藏了大量的历史文物，如古代书画、瓷器、玉器、铜器等，展示了中国悠久的历史文化。

故宫的景色独特而迷人，尤其在傍晚时分，金色的阳光洒在红色的宫墙上，显得格外壮观。游客们可以在这里欣赏到中国古代建筑的精美绝伦，感受到厚重的历史气息。如今，故宫已经成为中国乃至世界著名的旅游胜地，吸引了无数游客前来参观。",5
229,"故宫博物院，旧称为紫禁城，是北京的标志性建筑，也是世界文化遗产之一。它曾是中国明、清两代皇帝的皇家宫殿，现在则是一个展示中国古代艺术和文化的博物院。故宫不仅建筑宏伟，还收藏有大量的珍贵文物，是了解中国历史文化的重要窗口。                亮点包括:                                                          1.建筑艺术：故宫的建筑群是世界上规模最大、保存最完整的木结构宫殿建筑群，其建筑艺术和空间布局体现了中国古代建筑的最高水平。
2.丰富的藏品：故宫博物院拥有186万余件文物藏品，包括古书画、古器物、宫廷文物、书籍档案等，涵盖了中国几千年的历史文化。
3.陶瓷馆：故宫博物院陶瓷馆展示了中国陶瓷约8000年的发展历程，展品丰富，包括“五大名窑”和明清两代御窑瓷器等。
4.数字化展示：故宫博物院利用数字化技术，建立了“数字故宫”，通过网站、APP等平台，让观众可以在线欣赏故宫的文物和建筑。
5.文化活动：故宫博物院经常举办各种文化活动和特展，如与敦煌研究院合作的敦煌特展，以及与其他国家的文化交流活动，这些活动丰富了故宫的文化内涵                             6.游览体验：故宫提供了详细的游览路线和讲解，帮助游客更好地理解故宫的历史和文化。
7.拍照指南：故宫不仅是历史文化的宝库，也是摄影爱好者的天堂。许多特定的拍照点可以捕捉到故宫建筑的独特魅力。                  故宫博物院是北京必游的景点之一，无论是对中国历史文化感兴趣，还是对建筑艺术和珍贵文物有所追求，故宫都是一个不可多得的参观地。因此，如果你有机会来到北京，非常推荐你将故宫博物院列入你的行程中。",5
229,淡季来北京故宫，这几点攻略要记住|||淡季来北京故宫，客流量少了很多1月初来，还看到了两场主题展提前两天在小🍊上订票就能买到票价才40元，老年票、学生票半价🌈游玩攻略从🚇金鱼胡同站C口下车前往东华门，再到入口午门，能节省不少时间主题展在🍊上订不到，可以现场订票🌈游玩路线午门➡️武英门➡️三大殿➡️慈宁宫➡️后三宫➡️西六宫➡️御花园➡️珍宝阁珍宝阁需要单独订票，现场就可以买精华部分珍宝阁人很多能看到珍妃井，金银器很震撼🌈下午茶攻略慈宁宫附近的冰窖咖啡坤宁宫附近的万春金福价格都不便宜，点心造型精致淡季直接在店门口等会就有位置,5
229,"有那么一首打油诗形容故宫，远看故宫大,近看大故宫，果然故宫大,故宫果然大，这不是一句空话，如果不懂历史，没有讲解员讲解，你看到的只是房子，心里想的也是嚯，厉害，宏伟，🐮X，
当有讲解懂历史，你看的就不是房子了，是明清两代604年的历史，逛故宫可以三个小时逛完。也可以一天逛完，",5
229,"1.景色方面：从建筑风格、色彩搭配、空间布局等角度来看，故宫的红墙黄瓦、飞檐斗拱极具特色，整体布局对称严谨，体现皇家威严。

2.趣味方面：故宫在展览形式、互动体验、文化活动等方面非常有趣，能吸引游客深入了解历史文化。例如故宫的文创活动、珍宝馆和钟表馆等。

3.性价比方面：门票价格相对合理，能参观众多宫殿和丰富文物 哦(๑＞ڡ＜)☆",5
229,皇城故事岳导讲的非常专业。让我和我朋友从现在穿越明清时期。让我们了解电视剧和历史有了很大差距。岳导讲解有浅入深、生动有趣的方式。让我们感受到故宫历史文化底蕴和价值。收获了很多历史知识。这次故宫之旅非常开心。五星好评[呲牙]你值得拥有！推荐！推荐！推荐！,5
229,故宫博物院作为古代皇宫在世界上是独一无二的。它不同于法爱丽舍宫及俄克林姆林宫，它是以木构为主的砖瓦建筑。年代久远达600年之久，更重要的是保存完好 珍品极多。它气势恢宏雄伟壮观！,5
229,故宫博物院，中国文化的瑰宝，一座充满历史的宫殿，走进这里仿佛穿越到了几百年前。红墙黄瓦，雕梁画栋，每一处都透露着皇家的奢华与精致。漫步在宽敞的宫廊中，仿佛能听到历史的回声，感受到古人的智慧和才情。故宫博物院不仅是一座博物馆，更是一部活生生的历史书，让我们有机会近距离接触和了解中国的传统文化。每一件展品都承载着丰富的历史信息和文化内涵，让人不禁为古人的智慧和创造力所折服。这里不仅是旅游胜地，更是学习和传承中国文化的重要场所。强烈推荐给大家，快来感受这份独特的文化魅力吧！,5
229,"故宫，位于中国北京市中心，是明清两代皇家宫殿的所在地，被誉为“五千年文明的瑰宝”。故宫占地面积720,000平方米，拥有宽阔的宫院和精美的建筑，是中国最为完整的古建筑群落之一。

故宫的主要建筑沿着南北中轴线布局，包括午门、太和殿、中和殿、保和殿、乾清宫、交泰殿、坤宁宫等。这些宫殿均为木质结构，黄琉璃瓦顶，红墙金碧，展现出中国古代建筑的高度成就。其中，太和殿是故宫最为重要的宫殿，也是明清皇帝举行大典的场所，其雄伟壮观的气势令人叹为观止。

除了主要宫殿外，故宫还有丰富的建筑和文物。东西两侧分布着许多宫苑、庭院和小巧玲珑的建筑，如御花园、宁寿宫、慈宁宫等。此外，故宫内还珍藏了大量的历史文物，如古代书画、瓷器、玉器、铜器等，展示了中国悠久的历史文化。

故宫的景色独特而迷人，尤其在傍晚时分，金色的阳光洒在红色的宫墙上，显得格外壮观。游客们可以在这里欣赏到中国古代建筑的精美绝伦，感受到厚重的历史气息。如今，故宫已经成为中国乃至世界著名的旅游胜地，吸引了无数游客前来参观。",5
229,故宫博物院作为古代皇宫在世界上是独一无二的。它不同于法爱丽舍宫及俄克林姆林宫，它是以木构为主的砖瓦建筑。年代久远达600年之久，更重要的是保存完好 珍品极多。它气势恢宏雄伟壮观！,5
229,"故宫，这座承载着深厚历史文化底蕴的古老宫殿，坐落在北京中轴线的中心，是明清两代的皇家宫殿，旧称紫禁城 ，它是世界现存规模最大、保存最为完整的木质结构古建筑群之一。
 
故宫始建于明成祖永乐四年（1406年），历经14年建成，此后又在明清两代不断修缮扩建。整个建筑气势恢宏，占地面积达72万平方米，房屋9000余间。故宫以三大殿为中心，前有午门、端门，后有神武门，左右东华门、西华门，四隅角楼玲珑奇巧。宫殿建筑沿中轴线有序分布，红墙黄瓦、金碧辉煌，体现了中国古代皇家建筑的威严与庄重。
 
太和殿是故宫中等级最高、体量最大的建筑，是举行重大典礼的场所，如皇帝登基、大婚、册立皇后等。殿内的金龙宝座，尽显皇家的尊贵与威严。中和殿则是皇帝前往太和殿举行大典前休息的地方，建筑精致小巧。保和殿是皇帝举行殿试和宴请王公贵族的地方，殿宇宏伟壮丽。三大殿之后是后三宫，即乾清宫、交泰殿、坤宁宫，是皇帝和皇后居住的正宫，布局严谨，装饰精美。东西六宫是后妃们居住的地方，建筑风格各异，错落有致。
 
故宫不仅是建筑艺术的瑰宝，更是一座文物宝库，收藏有大量的古代书画、陶瓷、青铜器、金银器等珍贵文物，这些文物见证了中国古代历史的发展，反映了古代人民的智慧和创造力。
 
如今，故宫已成为向世界展示中国传统文化的重要窗口，每年吸引着无数国内外游客前来参观游览，让人们在欣赏古建筑之美的同时，也能感受到中华民族悠久历史和灿烂文化的独特魅力。",5
229,淡季来北京故宫，这几点攻略要记住|||淡季来北京故宫，客流量少了很多1月初来，还看到了两场主题展提前两天在小🍊上订票就能买到票价才40元，老年票、学生票半价🌈游玩攻略从🚇金鱼胡同站C口下车前往东华门，再到入口午门，能节省不少时间主题展在🍊上订不到，可以现场订票🌈游玩路线午门➡️武英门➡️三大殿➡️慈宁宫➡️后三宫➡️西六宫➡️御花园➡️珍宝阁珍宝阁需要单独订票，现场就可以买精华部分珍宝阁人很多能看到珍妃井，金银器很震撼🌈下午茶攻略慈宁宫附近的冰窖咖啡坤宁宫附近的万春金福价格都不便宜，点心造型精致淡季直接在店门口等会就有位置,5
229,"第一次去北京旅游，当然要去就是故宫博物馆
啦!!!所以预定了当地的旅行社，全程讲解，真的是非常棒👍🏻👍🏻👍🏻👍🏻，带领我们的是京状元林一讲师，本身对故宫了如指掌，提出疑问的时候，也能解答，也学到很多历史知识;故宫里面相当雄伟壮观，下次来的时候或者跟朋友推荐还是会找京状元林一讲师。",5
229,故宫博物院，中国文化的瑰宝，一座充满历史的宫殿，走进这里仿佛穿越到了几百年前。红墙黄瓦，雕梁画栋，每一处都透露着皇家的奢华与精致。漫步在宽敞的宫廊中，仿佛能听到历史的回声，感受到古人的智慧和才情。故宫博物院不仅是一座博物馆，更是一部活生生的历史书，让我们有机会近距离接触和了解中国的传统文化。每一件展品都承载着丰富的历史信息和文化内涵，让人不禁为古人的智慧和创造力所折服。这里不仅是旅游胜地，更是学习和传承中国文化的重要场所。强烈推荐给大家，快来感受这份独特的文化魅力吧！,5
229,"故宫，这座承载着深厚历史文化底蕴的古老宫殿，坐落在北京中轴线的中心，是明清两代的皇家宫殿，旧称紫禁城 ，它是世界现存规模最大、保存最为完整的木质结构古建筑群之一。
 
故宫始建于明成祖永乐四年（1406年），历经14年建成，此后又在明清两代不断修缮扩建。整个建筑气势恢宏，占地面积达72万平方米，房屋9000余间。故宫以三大殿为中心，前有午门、端门，后有神武门，左右东华门、西华门，四隅角楼玲珑奇巧。宫殿建筑沿中轴线有序分布，红墙黄瓦、金碧辉煌，体现了中国古代皇家建筑的威严与庄重。
 
太和殿是故宫中等级最高、体量最大的建筑，是举行重大典礼的场所，如皇帝登基、大婚、册立皇后等。殿内的金龙宝座，尽显皇家的尊贵与威严。中和殿则是皇帝前往太和殿举行大典前休息的地方，建筑精致小巧。保和殿是皇帝举行殿试和宴请王公贵族的地方，殿宇宏伟壮丽。三大殿之后是后三宫，即乾清宫、交泰殿、坤宁宫，是皇帝和皇后居住的正宫，布局严谨，装饰精美。东西六宫是后妃们居住的地方，建筑风格各异，错落有致。
 
故宫不仅是建筑艺术的瑰宝，更是一座文物宝库，收藏有大量的古代书画、陶瓷、青铜器、金银器等珍贵文物，这些文物见证了中国古代历史的发展，反映了古代人民的智慧和创造力。
 
如今，故宫已成为向世界展示中国传统文化的重要窗口，每年吸引着无数国内外游客前来参观游览，让人们在欣赏古建筑之美的同时，也能感受到中华民族悠久历史和灿烂文化的独特魅力。",5
229,"有那么一首打油诗形容故宫，远看故宫大,近看大故宫，果然故宫大,故宫果然大，这不是一句空话，如果不懂历史，没有讲解员讲解，你看到的只是房子，心里想的也是嚯，厉害，宏伟，🐮X，
当有讲解懂历史，你看的就不是房子了，是明清两代604年的历史，逛故宫可以三个小时逛完。也可以一天逛完，",5
229,淡季来北京故宫，这几点攻略要记住|||淡季来北京故宫，客流量少了很多1月初来，还看到了两场主题展提前两天在小🍊上订票就能买到票价才40元，老年票、学生票半价🌈游玩攻略从🚇金鱼胡同站C口下车前往东华门，再到入口午门，能节省不少时间主题展在🍊上订不到，可以现场订票🌈游玩路线午门➡️武英门➡️三大殿➡️慈宁宫➡️后三宫➡️西六宫➡️御花园➡️珍宝阁珍宝阁需要单独订票，现场就可以买精华部分珍宝阁人很多能看到珍妃井，金银器很震撼🌈下午茶攻略慈宁宫附近的冰窖咖啡坤宁宫附近的万春金福价格都不便宜，点心造型精致淡季直接在店门口等会就有位置,5
229,"故宫，位于中国北京市中心，是明清两代皇家宫殿的所在地，被誉为“五千年文明的瑰宝”。故宫占地面积720,000平方米，拥有宽阔的宫院和精美的建筑，是中国最为完整的古建筑群落之一。

故宫的主要建筑沿着南北中轴线布局，包括午门、太和殿、中和殿、保和殿、乾清宫、交泰殿、坤宁宫等。这些宫殿均为木质结构，黄琉璃瓦顶，红墙金碧，展现出中国古代建筑的高度成就。其中，太和殿是故宫最为重要的宫殿，也是明清皇帝举行大典的场所，其雄伟壮观的气势令人叹为观止。

除了主要宫殿外，故宫还有丰富的建筑和文物。东西两侧分布着许多宫苑、庭院和小巧玲珑的建筑，如御花园、宁寿宫、慈宁宫等。此外，故宫内还珍藏了大量的历史文物，如古代书画、瓷器、玉器、铜器等，展示了中国悠久的历史文化。

故宫的景色独特而迷人，尤其在傍晚时分，金色的阳光洒在红色的宫墙上，显得格外壮观。游客们可以在这里欣赏到中国古代建筑的精美绝伦，感受到厚重的历史气息。如今，故宫已经成为中国乃至世界著名的旅游胜地，吸引了无数游客前来参观。",5
229,故宫博物院作为古代皇宫在世界上是独一无二的。它不同于法爱丽舍宫及俄克林姆林宫，它是以木构为主的砖瓦建筑。年代久远达600年之久，更重要的是保存完好 珍品极多。它气势恢宏雄伟壮观！,5
229,"故宫博物院，旧称为紫禁城，是北京的标志性建筑，也是世界文化遗产之一。它曾是中国明、清两代皇帝的皇家宫殿，现在则是一个展示中国古代艺术和文化的博物院。故宫不仅建筑宏伟，还收藏有大量的珍贵文物，是了解中国历史文化的重要窗口。                亮点包括:                                                          1.建筑艺术：故宫的建筑群是世界上规模最大、保存最完整的木结构宫殿建筑群，其建筑艺术和空间布局体现了中国古代建筑的最高水平。
2.丰富的藏品：故宫博物院拥有186万余件文物藏品，包括古书画、古器物、宫廷文物、书籍档案等，涵盖了中国几千年的历史文化。
3.陶瓷馆：故宫博物院陶瓷馆展示了中国陶瓷约8000年的发展历程，展品丰富，包括“五大名窑”和明清两代御窑瓷器等。
4.数字化展示：故宫博物院利用数字化技术，建立了“数字故宫”，通过网站、APP等平台，让观众可以在线欣赏故宫的文物和建筑。
5.文化活动：故宫博物院经常举办各种文化活动和特展，如与敦煌研究院合作的敦煌特展，以及与其他国家的文化交流活动，这些活动丰富了故宫的文化内涵                             6.游览体验：故宫提供了详细的游览路线和讲解，帮助游客更好地理解故宫的历史和文化。
7.拍照指南：故宫不仅是历史文化的宝库，也是摄影爱好者的天堂。许多特定的拍照点可以捕捉到故宫建筑的独特魅力。                  故宫博物院是北京必游的景点之一，无论是对中国历史文化感兴趣，还是对建筑艺术和珍贵文物有所追求，故宫都是一个不可多得的参观地。因此，如果你有机会来到北京，非常推荐你将故宫博物院列入你的行程中。",5
229,"第一次去北京旅游，当然要去就是故宫博物馆
啦!!!所以预定了当地的旅行社，全程讲解，真的是非常棒👍🏻👍🏻👍🏻👍🏻，带领我们的是京状元林一讲师，本身对故宫了如指掌，提出疑问的时候，也能解答，也学到很多历史知识;故宫里面相当雄伟壮观，下次来的时候或者跟朋友推荐还是会找京状元林一讲师。",5
229,故宫博物院，中国文化的瑰宝，一座充满历史的宫殿，走进这里仿佛穿越到了几百年前。红墙黄瓦，雕梁画栋，每一处都透露着皇家的奢华与精致。漫步在宽敞的宫廊中，仿佛能听到历史的回声，感受到古人的智慧和才情。故宫博物院不仅是一座博物馆，更是一部活生生的历史书，让我们有机会近距离接触和了解中国的传统文化。每一件展品都承载着丰富的历史信息和文化内涵，让人不禁为古人的智慧和创造力所折服。这里不仅是旅游胜地，更是学习和传承中国文化的重要场所。强烈推荐给大家，快来感受这份独特的文化魅力吧！,5
229,"故宫，这座承载着深厚历史文化底蕴的古老宫殿，坐落在北京中轴线的中心，是明清两代的皇家宫殿，旧称紫禁城 ，它是世界现存规模最大、保存最为完整的木质结构古建筑群之一。
 
故宫始建于明成祖永乐四年（1406年），历经14年建成，此后又在明清两代不断修缮扩建。整个建筑气势恢宏，占地面积达72万平方米，房屋9000余间。故宫以三大殿为中心，前有午门、端门，后有神武门，左右东华门、西华门，四隅角楼玲珑奇巧。宫殿建筑沿中轴线有序分布，红墙黄瓦、金碧辉煌，体现了中国古代皇家建筑的威严与庄重。
 
太和殿是故宫中等级最高、体量最大的建筑，是举行重大典礼的场所，如皇帝登基、大婚、册立皇后等。殿内的金龙宝座，尽显皇家的尊贵与威严。中和殿则是皇帝前往太和殿举行大典前休息的地方，建筑精致小巧。保和殿是皇帝举行殿试和宴请王公贵族的地方，殿宇宏伟壮丽。三大殿之后是后三宫，即乾清宫、交泰殿、坤宁宫，是皇帝和皇后居住的正宫，布局严谨，装饰精美。东西六宫是后妃们居住的地方，建筑风格各异，错落有致。
 
故宫不仅是建筑艺术的瑰宝，更是一座文物宝库，收藏有大量的古代书画、陶瓷、青铜器、金银器等珍贵文物，这些文物见证了中国古代历史的发展，反映了古代人民的智慧和创造力。
 
如今，故宫已成为向世界展示中国传统文化的重要窗口，每年吸引着无数国内外游客前来参观游览，让人们在欣赏古建筑之美的同时，也能感受到中华民族悠久历史和灿烂文化的独特魅力。",5
229,皇城故事岳导讲的非常专业。让我和我朋友从现在穿越明清时期。让我们了解电视剧和历史有了很大差距。岳导讲解有浅入深、生动有趣的方式。让我们感受到故宫历史文化底蕴和价值。收获了很多历史知识。这次故宫之旅非常开心。五星好评[呲牙]你值得拥有！推荐！推荐！推荐！,5
229,皇城故事岳导讲的非常专业。让我和我朋友从现在穿越明清时期。让我们了解电视剧和历史有了很大差距。岳导讲解有浅入深、生动有趣的方式。让我们感受到故宫历史文化底蕴和价值。收获了很多历史知识。这次故宫之旅非常开心。五星好评[呲牙]你值得拥有！推荐！推荐！推荐！,5
229,故宫博物院，中国文化的瑰宝，一座充满历史的宫殿，走进这里仿佛穿越到了几百年前。红墙黄瓦，雕梁画栋，每一处都透露着皇家的奢华与精致。漫步在宽敞的宫廊中，仿佛能听到历史的回声，感受到古人的智慧和才情。故宫博物院不仅是一座博物馆，更是一部活生生的历史书，让我们有机会近距离接触和了解中国的传统文化。每一件展品都承载着丰富的历史信息和文化内涵，让人不禁为古人的智慧和创造力所折服。这里不仅是旅游胜地，更是学习和传承中国文化的重要场所。强烈推荐给大家，快来感受这份独特的文化魅力吧！,5
229,"第一次去北京旅游，当然要去就是故宫博物馆
啦!!!所以预定了当地的旅行社，全程讲解，真的是非常棒👍🏻👍🏻👍🏻👍🏻，带领我们的是京状元林一讲师，本身对故宫了如指掌，提出疑问的时候，也能解答，也学到很多历史知识;故宫里面相当雄伟壮观，下次来的时候或者跟朋友推荐还是会找京状元林一讲师。",5
229,故宫博物院作为古代皇宫在世界上是独一无二的。它不同于法爱丽舍宫及俄克林姆林宫，它是以木构为主的砖瓦建筑。年代久远达600年之久，更重要的是保存完好 珍品极多。它气势恢宏雄伟壮观！,5
229,"有那么一首打油诗形容故宫，远看故宫大,近看大故宫，果然故宫大,故宫果然大，这不是一句空话，如果不懂历史，没有讲解员讲解，你看到的只是房子，心里想的也是嚯，厉害，宏伟，🐮X，
当有讲解懂历史，你看的就不是房子了，是明清两代604年的历史，逛故宫可以三个小时逛完。也可以一天逛完，",5
229,故宫博物院作为古代皇宫在世界上是独一无二的。它不同于法爱丽舍宫及俄克林姆林宫，它是以木构为主的砖瓦建筑。年代久远达600年之久，更重要的是保存完好 珍品极多。它气势恢宏雄伟壮观！,5
229,"有那么一首打油诗形容故宫，远看故宫大,近看大故宫，果然故宫大,故宫果然大，这不是一句空话，如果不懂历史，没有讲解员讲解，你看到的只是房子，心里想的也是嚯，厉害，宏伟，🐮X，
当有讲解懂历史，你看的就不是房子了，是明清两代604年的历史，逛故宫可以三个小时逛完。也可以一天逛完，",5
229,"故宫，这座承载着深厚历史文化底蕴的古老宫殿，坐落在北京中轴线的中心，是明清两代的皇家宫殿，旧称紫禁城 ，它是世界现存规模最大、保存最为完整的木质结构古建筑群之一。
 
故宫始建于明成祖永乐四年（1406年），历经14年建成，此后又在明清两代不断修缮扩建。整个建筑气势恢宏，占地面积达72万平方米，房屋9000余间。故宫以三大殿为中心，前有午门、端门，后有神武门，左右东华门、西华门，四隅角楼玲珑奇巧。宫殿建筑沿中轴线有序分布，红墙黄瓦、金碧辉煌，体现了中国古代皇家建筑的威严与庄重。
 
太和殿是故宫中等级最高、体量最大的建筑，是举行重大典礼的场所，如皇帝登基、大婚、册立皇后等。殿内的金龙宝座，尽显皇家的尊贵与威严。中和殿则是皇帝前往太和殿举行大典前休息的地方，建筑精致小巧。保和殿是皇帝举行殿试和宴请王公贵族的地方，殿宇宏伟壮丽。三大殿之后是后三宫，即乾清宫、交泰殿、坤宁宫，是皇帝和皇后居住的正宫，布局严谨，装饰精美。东西六宫是后妃们居住的地方，建筑风格各异，错落有致。
 
故宫不仅是建筑艺术的瑰宝，更是一座文物宝库，收藏有大量的古代书画、陶瓷、青铜器、金银器等珍贵文物，这些文物见证了中国古代历史的发展，反映了古代人民的智慧和创造力。
 
如今，故宫已成为向世界展示中国传统文化的重要窗口，每年吸引着无数国内外游客前来参观游览，让人们在欣赏古建筑之美的同时，也能感受到中华民族悠久历史和灿烂文化的独特魅力。",5
229,"1.景色方面：从建筑风格、色彩搭配、空间布局等角度来看，故宫的红墙黄瓦、飞檐斗拱极具特色，整体布局对称严谨，体现皇家威严。

2.趣味方面：故宫在展览形式、互动体验、文化活动等方面非常有趣，能吸引游客深入了解历史文化。例如故宫的文创活动、珍宝馆和钟表馆等。

3.性价比方面：门票价格相对合理，能参观众多宫殿和丰富文物 哦(๑＞ڡ＜)☆",5
229,"1.景色方面：从建筑风格、色彩搭配、空间布局等角度来看，故宫的红墙黄瓦、飞檐斗拱极具特色，整体布局对称严谨，体现皇家威严。

2.趣味方面：故宫在展览形式、互动体验、文化活动等方面非常有趣，能吸引游客深入了解历史文化。例如故宫的文创活动、珍宝馆和钟表馆等。

3.性价比方面：门票价格相对合理，能参观众多宫殿和丰富文物 哦(๑＞ڡ＜)☆",5
229,"有那么一首打油诗形容故宫，远看故宫大,近看大故宫，果然故宫大,故宫果然大，这不是一句空话，如果不懂历史，没有讲解员讲解，你看到的只是房子，心里想的也是嚯，厉害，宏伟，🐮X，
当有讲解懂历史，你看的就不是房子了，是明清两代604年的历史，逛故宫可以三个小时逛完。也可以一天逛完，",5
229,"故宫，这座承载着深厚历史文化底蕴的古老宫殿，坐落在北京中轴线的中心，是明清两代的皇家宫殿，旧称紫禁城 ，它是世界现存规模最大、保存最为完整的木质结构古建筑群之一。
 
故宫始建于明成祖永乐四年（1406年），历经14年建成，此后又在明清两代不断修缮扩建。整个建筑气势恢宏，占地面积达72万平方米，房屋9000余间。故宫以三大殿为中心，前有午门、端门，后有神武门，左右东华门、西华门，四隅角楼玲珑奇巧。宫殿建筑沿中轴线有序分布，红墙黄瓦、金碧辉煌，体现了中国古代皇家建筑的威严与庄重。
 
太和殿是故宫中等级最高、体量最大的建筑，是举行重大典礼的场所，如皇帝登基、大婚、册立皇后等。殿内的金龙宝座，尽显皇家的尊贵与威严。中和殿则是皇帝前往太和殿举行大典前休息的地方，建筑精致小巧。保和殿是皇帝举行殿试和宴请王公贵族的地方，殿宇宏伟壮丽。三大殿之后是后三宫，即乾清宫、交泰殿、坤宁宫，是皇帝和皇后居住的正宫，布局严谨，装饰精美。东西六宫是后妃们居住的地方，建筑风格各异，错落有致。
 
故宫不仅是建筑艺术的瑰宝，更是一座文物宝库，收藏有大量的古代书画、陶瓷、青铜器、金银器等珍贵文物，这些文物见证了中国古代历史的发展，反映了古代人民的智慧和创造力。
 
如今，故宫已成为向世界展示中国传统文化的重要窗口，每年吸引着无数国内外游客前来参观游览，让人们在欣赏古建筑之美的同时，也能感受到中华民族悠久历史和灿烂文化的独特魅力。",5
229,"故宫，位于中国北京市中心，是明清两代皇家宫殿的所在地，被誉为“五千年文明的瑰宝”。故宫占地面积720,000平方米，拥有宽阔的宫院和精美的建筑，是中国最为完整的古建筑群落之一。

故宫的主要建筑沿着南北中轴线布局，包括午门、太和殿、中和殿、保和殿、乾清宫、交泰殿、坤宁宫等。这些宫殿均为木质结构，黄琉璃瓦顶，红墙金碧，展现出中国古代建筑的高度成就。其中，太和殿是故宫最为重要的宫殿，也是明清皇帝举行大典的场所，其雄伟壮观的气势令人叹为观止。

除了主要宫殿外，故宫还有丰富的建筑和文物。东西两侧分布着许多宫苑、庭院和小巧玲珑的建筑，如御花园、宁寿宫、慈宁宫等。此外，故宫内还珍藏了大量的历史文物，如古代书画、瓷器、玉器、铜器等，展示了中国悠久的历史文化。

故宫的景色独特而迷人，尤其在傍晚时分，金色的阳光洒在红色的宫墙上，显得格外壮观。游客们可以在这里欣赏到中国古代建筑的精美绝伦，感受到厚重的历史气息。如今，故宫已经成为中国乃至世界著名的旅游胜地，吸引了无数游客前来参观。",5
229,淡季来北京故宫，这几点攻略要记住|||淡季来北京故宫，客流量少了很多1月初来，还看到了两场主题展提前两天在小🍊上订票就能买到票价才40元，老年票、学生票半价🌈游玩攻略从🚇金鱼胡同站C口下车前往东华门，再到入口午门，能节省不少时间主题展在🍊上订不到，可以现场订票🌈游玩路线午门➡️武英门➡️三大殿➡️慈宁宫➡️后三宫➡️西六宫➡️御花园➡️珍宝阁珍宝阁需要单独订票，现场就可以买精华部分珍宝阁人很多能看到珍妃井，金银器很震撼🌈下午茶攻略慈宁宫附近的冰窖咖啡坤宁宫附近的万春金福价格都不便宜，点心造型精致淡季直接在店门口等会就有位置,5
229,皇城故事岳导讲的非常专业。让我和我朋友从现在穿越明清时期。让我们了解电视剧和历史有了很大差距。岳导讲解有浅入深、生动有趣的方式。让我们感受到故宫历史文化底蕴和价值。收获了很多历史知识。这次故宫之旅非常开心。五星好评[呲牙]你值得拥有！推荐！推荐！推荐！,5
229,故宫博物院，中国文化的瑰宝，一座充满历史的宫殿，走进这里仿佛穿越到了几百年前。红墙黄瓦，雕梁画栋，每一处都透露着皇家的奢华与精致。漫步在宽敞的宫廊中，仿佛能听到历史的回声，感受到古人的智慧和才情。故宫博物院不仅是一座博物馆，更是一部活生生的历史书，让我们有机会近距离接触和了解中国的传统文化。每一件展品都承载着丰富的历史信息和文化内涵，让人不禁为古人的智慧和创造力所折服。这里不仅是旅游胜地，更是学习和传承中国文化的重要场所。强烈推荐给大家，快来感受这份独特的文化魅力吧！,5
229,皇城故事岳导讲的非常专业。让我和我朋友从现在穿越明清时期。让我们了解电视剧和历史有了很大差距。岳导讲解有浅入深、生动有趣的方式。让我们感受到故宫历史文化底蕴和价值。收获了很多历史知识。这次故宫之旅非常开心。五星好评[呲牙]你值得拥有！推荐！推荐！推荐！,5
229,"第一次去北京旅游，当然要去就是故宫博物馆
啦!!!所以预定了当地的旅行社，全程讲解，真的是非常棒👍🏻👍🏻👍🏻👍🏻，带领我们的是京状元林一讲师，本身对故宫了如指掌，提出疑问的时候，也能解答，也学到很多历史知识;故宫里面相当雄伟壮观，下次来的时候或者跟朋友推荐还是会找京状元林一讲师。",5
229,淡季来北京故宫，这几点攻略要记住|||淡季来北京故宫，客流量少了很多1月初来，还看到了两场主题展提前两天在小🍊上订票就能买到票价才40元，老年票、学生票半价🌈游玩攻略从🚇金鱼胡同站C口下车前往东华门，再到入口午门，能节省不少时间主题展在🍊上订不到，可以现场订票🌈游玩路线午门➡️武英门➡️三大殿➡️慈宁宫➡️后三宫➡️西六宫➡️御花园➡️珍宝阁珍宝阁需要单独订票，现场就可以买精华部分珍宝阁人很多能看到珍妃井，金银器很震撼🌈下午茶攻略慈宁宫附近的冰窖咖啡坤宁宫附近的万春金福价格都不便宜，点心造型精致淡季直接在店门口等会就有位置,5
229,"第一次去北京旅游，当然要去就是故宫博物馆
啦!!!所以预定了当地的旅行社，全程讲解，真的是非常棒👍🏻👍🏻👍🏻👍🏻，带领我们的是京状元林一讲师，本身对故宫了如指掌，提出疑问的时候，也能解答，也学到很多历史知识;故宫里面相当雄伟壮观，下次来的时候或者跟朋友推荐还是会找京状元林一讲师。",5
229,"故宫博物院，旧称为紫禁城，是北京的标志性建筑，也是世界文化遗产之一。它曾是中国明、清两代皇帝的皇家宫殿，现在则是一个展示中国古代艺术和文化的博物院。故宫不仅建筑宏伟，还收藏有大量的珍贵文物，是了解中国历史文化的重要窗口。                亮点包括:                                                          1.建筑艺术：故宫的建筑群是世界上规模最大、保存最完整的木结构宫殿建筑群，其建筑艺术和空间布局体现了中国古代建筑的最高水平。
2.丰富的藏品：故宫博物院拥有186万余件文物藏品，包括古书画、古器物、宫廷文物、书籍档案等，涵盖了中国几千年的历史文化。
3.陶瓷馆：故宫博物院陶瓷馆展示了中国陶瓷约8000年的发展历程，展品丰富，包括“五大名窑”和明清两代御窑瓷器等。
4.数字化展示：故宫博物院利用数字化技术，建立了“数字故宫”，通过网站、APP等平台，让观众可以在线欣赏故宫的文物和建筑。
5.文化活动：故宫博物院经常举办各种文化活动和特展，如与敦煌研究院合作的敦煌特展，以及与其他国家的文化交流活动，这些活动丰富了故宫的文化内涵                             6.游览体验：故宫提供了详细的游览路线和讲解，帮助游客更好地理解故宫的历史和文化。
7.拍照指南：故宫不仅是历史文化的宝库，也是摄影爱好者的天堂。许多特定的拍照点可以捕捉到故宫建筑的独特魅力。                  故宫博物院是北京必游的景点之一，无论是对中国历史文化感兴趣，还是对建筑艺术和珍贵文物有所追求，故宫都是一个不可多得的参观地。因此，如果你有机会来到北京，非常推荐你将故宫博物院列入你的行程中。",5
229,"故宫博物院，旧称为紫禁城，是北京的标志性建筑，也是世界文化遗产之一。它曾是中国明、清两代皇帝的皇家宫殿，现在则是一个展示中国古代艺术和文化的博物院。故宫不仅建筑宏伟，还收藏有大量的珍贵文物，是了解中国历史文化的重要窗口。                亮点包括:                                                          1.建筑艺术：故宫的建筑群是世界上规模最大、保存最完整的木结构宫殿建筑群，其建筑艺术和空间布局体现了中国古代建筑的最高水平。
2.丰富的藏品：故宫博物院拥有186万余件文物藏品，包括古书画、古器物、宫廷文物、书籍档案等，涵盖了中国几千年的历史文化。
3.陶瓷馆：故宫博物院陶瓷馆展示了中国陶瓷约8000年的发展历程，展品丰富，包括“五大名窑”和明清两代御窑瓷器等。
4.数字化展示：故宫博物院利用数字化技术，建立了“数字故宫”，通过网站、APP等平台，让观众可以在线欣赏故宫的文物和建筑。
5.文化活动：故宫博物院经常举办各种文化活动和特展，如与敦煌研究院合作的敦煌特展，以及与其他国家的文化交流活动，这些活动丰富了故宫的文化内涵                             6.游览体验：故宫提供了详细的游览路线和讲解，帮助游客更好地理解故宫的历史和文化。
7.拍照指南：故宫不仅是历史文化的宝库，也是摄影爱好者的天堂。许多特定的拍照点可以捕捉到故宫建筑的独特魅力。                  故宫博物院是北京必游的景点之一，无论是对中国历史文化感兴趣，还是对建筑艺术和珍贵文物有所追求，故宫都是一个不可多得的参观地。因此，如果你有机会来到北京，非常推荐你将故宫博物院列入你的行程中。",5
229,"故宫，位于中国北京市中心，是明清两代皇家宫殿的所在地，被誉为“五千年文明的瑰宝”。故宫占地面积720,000平方米，拥有宽阔的宫院和精美的建筑，是中国最为完整的古建筑群落之一。

故宫的主要建筑沿着南北中轴线布局，包括午门、太和殿、中和殿、保和殿、乾清宫、交泰殿、坤宁宫等。这些宫殿均为木质结构，黄琉璃瓦顶，红墙金碧，展现出中国古代建筑的高度成就。其中，太和殿是故宫最为重要的宫殿，也是明清皇帝举行大典的场所，其雄伟壮观的气势令人叹为观止。

除了主要宫殿外，故宫还有丰富的建筑和文物。东西两侧分布着许多宫苑、庭院和小巧玲珑的建筑，如御花园、宁寿宫、慈宁宫等。此外，故宫内还珍藏了大量的历史文物，如古代书画、瓷器、玉器、铜器等，展示了中国悠久的历史文化。

故宫的景色独特而迷人，尤其在傍晚时分，金色的阳光洒在红色的宫墙上，显得格外壮观。游客们可以在这里欣赏到中国古代建筑的精美绝伦，感受到厚重的历史气息。如今，故宫已经成为中国乃至世界著名的旅游胜地，吸引了无数游客前来参观。",5
2045497,"听劝版！！北京环球影城春游实用攻略📖必看 
前段时间去的北京环球影城🌍分享一下实用攻略

👗关于穿搭Jk学院服和魔法袍zui搭！想要穿魔法袍🪄的提前租租基本都是💰100出头就有一整套 

园区内买需要400+还有小熊🐻头箍和背包拍照也很好看！
能提前租就提前～
园区内买💰100+
而且也是戴一两次就闲置了
🎫关于买票旺季淡季不同时间票价💰不同 
很多人会蹲周一进园但其实周一人也是很多的！因为北京很多景点周一关闭旺季如果不想排队3小时玩项目5分钟 就老实买优速通吧！🎢关于项目尽量少花时间在门口大地球🌍拍照拍照的时间项目排队人数已经增加了很多！✅小黄人闹翻天、火种源和禁忌之旅都是必玩的！小黄人🟡很适合带小朋友去 很有趣～禁忌之旅画面和体验感都不错 就是排的队真的长😅鹰马飞行想拍日落的记得提前去排队，这个时间人zui多很容易错过日落时间，否则尽量避开这个点去玩🍗关于餐厅我们去的是三把扫帚餐厅，避开饭点还是得排队，不过很快就排到啦！进去先点餐后自己找地方坐，室外的座位视野更好拍照更好看，没坐室外座位的也可以去拍拍，点了🌽烤鸡排骨拼盘＋🧈黄油啤酒＋🍑蜜桃乌龙茶，黄油啤酒个人感觉有点甜~",5
2045497,"北京环球影城绝对值得一去！🌟 这里是电影迷和主题乐园爱好者的天堂，亮点包括：
1. 🎢 刺激的游乐设施：从“哈利·波特与禁忌之旅”到“霸天虎过山车”，每个项目都让人肾上腺素激增。
2. 🏰 沉浸式的电影主题区：每个区域都根据电影主题精心设计，让你仿佛置身电影之中。
3. 🍔 环球美食：各种主题餐厅和小吃摊提供多样化的美食选择，满足不同口味。
4. 🛍️ 特色购物：在各个主题区的商店里，你可以找到独特的纪念品和电影周边。
5. 🎉 精彩的表演：园内还有各种精彩的现场表演，如“未来水世界”特技表演，非常震撼。
6. 📸 拍照打卡点：无论是标志性的地球雕塑还是各个主题区，都是拍照打卡的绝佳地点。
总的来说，北京环球影城是一个适合家庭、朋友和情侣的娱乐场所，无论你是追求刺激的冒险者，还是寻找电影回忆的影迷，这里都能满足你的需求。",5
2045497,"环球影城冬季假日正式开始啦❗️被🎄和❄️拿捏 
|💖环球影城冬季假日正式开始啦🙋🏼‍♀️🎄🌟🧏🏻‍♀️👇🏻🔴时间：2024年11月23日至2025年1月1日📣在好莱坞大道，每晚安排多场星耀圣诞树🎄演出，大家最近去环球影城一定要去打卡，很有氛围的，尤其结束的时候会有雪花❄️飘落。📷强烈推荐拍照打卡点:就在主舞台旁边的小矮人玩具店、C夫人糖果屋和星耀圣诞小店真的太好拍了🥳两边都是圣诞树，出片儿绝绝子🤩尤其是飞雪降下的时候被氛围感轻松拿捏",5
2045497,"听劝版！！北京环球影城春游实用攻略📖必看 
前段时间去的北京环球影城🌍分享一下实用攻略

👗关于穿搭Jk学院服和魔法袍zui搭！想要穿魔法袍🪄的提前租租基本都是💰100出头就有一整套 

园区内买需要400+还有小熊🐻头箍和背包拍照也很好看！
能提前租就提前～
园区内买💰100+
而且也是戴一两次就闲置了
🎫关于买票旺季淡季不同时间票价💰不同 
很多人会蹲周一进园但其实周一人也是很多的！因为北京很多景点周一关闭旺季如果不想排队3小时玩项目5分钟 就老实买优速通吧！🎢关于项目尽量少花时间在门口大地球🌍拍照拍照的时间项目排队人数已经增加了很多！✅小黄人闹翻天、火种源和禁忌之旅都是必玩的！小黄人🟡很适合带小朋友去 很有趣～禁忌之旅画面和体验感都不错 就是排的队真的长😅鹰马飞行想拍日落的记得提前去排队，这个时间人zui多很容易错过日落时间，否则尽量避开这个点去玩🍗关于餐厅我们去的是三把扫帚餐厅，避开饭点还是得排队，不过很快就排到啦！进去先点餐后自己找地方坐，室外的座位视野更好拍照更好看，没坐室外座位的也可以去拍拍，点了🌽烤鸡排骨拼盘＋🧈黄油啤酒＋🍑蜜桃乌龙茶，黄油啤酒个人感觉有点甜~",5
2045497,住景区酒店，提前一小时入园，可以把哈利波特、侏罗纪的热门项目玩完，三把扫帚10点开业，想吃的可以去排队吃个早午餐了，小黄人区的餐车卖的烤鸡腿超级好吃、汉堡套餐、蔬菜沙拉味道也不错。不住园区只玩一天的话建议提前在APP上买优速通，霸山虎过山车超刺激，想坐第一排的排队时看好通道，我喜欢坐最后一排，一定要把头颈紧靠在座椅靠背上，否则容易受伤，手机不能带记得存在柜子里；未来水世界演出也要提前去，卡点去会没有位置，蓝色座椅全湿，绿色半湿，红色全干，下午大家都累了，很多项目排队的时间会缩短很多，6点花车巡游的时间可以二刷热门项目，不得不说，餐食和玩具是真贵啊，可乐15元，哈利波特魔法袍800多，随便买买一两千没了,5
2045497,大家都在考虑值不值得去！可以肯定的告诉大家，值得去！一定要！环球影城里的游戏，针对不同人群都有很好的体验，其中哈利·波特区更是哈迷们的天堂。这里不仅景美游戏更是过瘾，就连厕所都成了著名的打卡胜地。环球影城的表演也是一绝，美食多多，喜欢的朋友，一定要去，而且两天才玩的过瘾！,5
2045497,"听劝版！！北京环球影城春游实用攻略📖必看 
前段时间去的北京环球影城🌍分享一下实用攻略

👗关于穿搭Jk学院服和魔法袍zui搭！想要穿魔法袍🪄的提前租租基本都是💰100出头就有一整套 

园区内买需要400+还有小熊🐻头箍和背包拍照也很好看！
能提前租就提前～
园区内买💰100+
而且也是戴一两次就闲置了
🎫关于买票旺季淡季不同时间票价💰不同 
很多人会蹲周一进园但其实周一人也是很多的！因为北京很多景点周一关闭旺季如果不想排队3小时玩项目5分钟 就老实买优速通吧！🎢关于项目尽量少花时间在门口大地球🌍拍照拍照的时间项目排队人数已经增加了很多！✅小黄人闹翻天、火种源和禁忌之旅都是必玩的！小黄人🟡很适合带小朋友去 很有趣～禁忌之旅画面和体验感都不错 就是排的队真的长😅鹰马飞行想拍日落的记得提前去排队，这个时间人zui多很容易错过日落时间，否则尽量避开这个点去玩🍗关于餐厅我们去的是三把扫帚餐厅，避开饭点还是得排队，不过很快就排到啦！进去先点餐后自己找地方坐，室外的座位视野更好拍照更好看，没坐室外座位的也可以去拍拍，点了🌽烤鸡排骨拼盘＋🧈黄油啤酒＋🍑蜜桃乌龙茶，黄油啤酒个人感觉有点甜~",5
2045497,还可以，挺好玩的，就是有点贵，这几年不知为什么，类似的场所订价都很贵，而且65岁以下的老人不优惠，其实并不合理，因为那些刺激的项目，老人无论如何也不可能去玩，所以60岁以上老人半价或免票还是合理的界线，没必要非挣老人的这点钱，希望能改过来，有利于老人带孩子去玩，正所谓有失才有得！,5
2045497,首先，环球影城非常值得去，我家娃小，因为距离家很近，地铁十分钟就到达了，所以连续办了三年年卡，基本天天来遛娃，周末人有点多，平常不要太爽！娃想怎么玩就怎么玩儿，基本也不怎么排队，吃喝玩乐一天都在园区里，晚上回家洗个澡美美地睡一觉，然后第二天再去。大人也省事，孩子也快乐！最喜欢的是哈利波特区的大鸡腿和排骨，娃最喜欢的是小黄人和变形金刚区的小吃，困了往行李车上一躺就睡了，省心省力啊！,5
2045497,还可以，挺好玩的，就是有点贵，这几年不知为什么，类似的场所订价都很贵，而且65岁以下的老人不优惠，其实并不合理，因为那些刺激的项目，老人无论如何也不可能去玩，所以60岁以上老人半价或免票还是合理的界线，没必要非挣老人的这点钱，希望能改过来，有利于老人带孩子去玩，正所谓有失才有得！,5
2045497,"北京环球影城完美踩点攻略～项目几乎都玩了！
1️⃣8:00抵达🚇【环球影城度假区】站，B出口过安检！
2️⃣8:10 通过安检抄近道进入环球标志球地标以及通过一座桥抵达检票口🎫
⚠️这里需要快速奔跑🏃排到前面一点！
3️⃣9:20 开园放人！身份证🪪刷脸通过✅然后抄近道迅速奔跑🏃‍♀️抵达【哈利波特区】
4️⃣9:50 第一站📍哈利波特—禁忌之旅🌟🌟🌟🌟🌟
必看！很值！建议一早到的第一站冲这个，不然后面会排队至少100min起…
5️⃣10:40📍侏罗纪世界—侏罗纪世界大冒险🌟🌟🌟
恐龙迷不要错过，排队1小时左右，恐龙🦕场景做得还是挺不错的。
6️⃣11:00📍好莱坞—不可驯服演出🌟🌟🌟🌟
真人表演驯龙高手，还有空中飞龙，值得一看！
7️⃣12:00 📍未来水世界表演🌟🌟🌟🌟
真人剧情水上特技表演，还遇上了彩虹🌈
8️⃣13:00 📍好莱坞—环球大巡演🌟🌟🌟🌟🌟
一天一次的环球巡演，各类花车和IP人物好快乐🎉
9️⃣13:30📍好莱坞—灯光摄影开拍🌟🌟
真实还原电影特效现场～
🔟14:00📍小黄人乐园—神偷奶爸小黄人闹翻天🌟🌟🌟🌟
小黄人太可爱了！！这个项目也有一点刺激！好玩推荐！香蕉屁🍌也太萌了！",5
2045497,"环球前十天去了迪士尼，感觉环球排队时长普遍高于迪士尼

最喜欢侏罗纪世界大冒险，飞跃侏罗纪也不错，室外过瀑布后其实景观不错，但回去翻视频又都是水泥地

黄油啤酒真的很好喝，特地买了黄油啤酒味巧克力和黄油曲奇带回去

三把扫帚🧹需要等90分钟实在是太火爆了",5
2045497,"北京环球影城绝对值得一去！🌟 这里是电影迷和主题乐园爱好者的天堂，亮点包括：
1. 🎢 刺激的游乐设施：从“哈利·波特与禁忌之旅”到“霸天虎过山车”，每个项目都让人肾上腺素激增。
2. 🏰 沉浸式的电影主题区：每个区域都根据电影主题精心设计，让你仿佛置身电影之中。
3. 🍔 环球美食：各种主题餐厅和小吃摊提供多样化的美食选择，满足不同口味。
4. 🛍️ 特色购物：在各个主题区的商店里，你可以找到独特的纪念品和电影周边。
5. 🎉 精彩的表演：园内还有各种精彩的现场表演，如“未来水世界”特技表演，非常震撼。
6. 📸 拍照打卡点：无论是标志性的地球雕塑还是各个主题区，都是拍照打卡的绝佳地点。
总的来说，北京环球影城是一个适合家庭、朋友和情侣的娱乐场所，无论你是追求刺激的冒险者，还是寻找电影回忆的影迷，这里都能满足你的需求。",5
2045497,"环球前十天去了迪士尼，感觉环球排队时长普遍高于迪士尼

最喜欢侏罗纪世界大冒险，飞跃侏罗纪也不错，室外过瀑布后其实景观不错，但回去翻视频又都是水泥地

黄油啤酒真的很好喝，特地买了黄油啤酒味巧克力和黄油曲奇带回去

三把扫帚🧹需要等90分钟实在是太火爆了",5
2045497,"北京环球影城完美踩点攻略～项目几乎都玩了！
1️⃣8:00抵达🚇【环球影城度假区】站，B出口过安检！
2️⃣8:10 通过安检抄近道进入环球标志球地标以及通过一座桥抵达检票口🎫
⚠️这里需要快速奔跑🏃排到前面一点！
3️⃣9:20 开园放人！身份证🪪刷脸通过✅然后抄近道迅速奔跑🏃‍♀️抵达【哈利波特区】
4️⃣9:50 第一站📍哈利波特—禁忌之旅🌟🌟🌟🌟🌟
必看！很值！建议一早到的第一站冲这个，不然后面会排队至少100min起…
5️⃣10:40📍侏罗纪世界—侏罗纪世界大冒险🌟🌟🌟
恐龙迷不要错过，排队1小时左右，恐龙🦕场景做得还是挺不错的。
6️⃣11:00📍好莱坞—不可驯服演出🌟🌟🌟🌟
真人表演驯龙高手，还有空中飞龙，值得一看！
7️⃣12:00 📍未来水世界表演🌟🌟🌟🌟
真人剧情水上特技表演，还遇上了彩虹🌈
8️⃣13:00 📍好莱坞—环球大巡演🌟🌟🌟🌟🌟
一天一次的环球巡演，各类花车和IP人物好快乐🎉
9️⃣13:30📍好莱坞—灯光摄影开拍🌟🌟
真实还原电影特效现场～
🔟14:00📍小黄人乐园—神偷奶爸小黄人闹翻天🌟🌟🌟🌟
小黄人太可爱了！！这个项目也有一点刺激！好玩推荐！香蕉屁🍌也太萌了！",5
2045497,"环球前十天去了迪士尼，感觉环球排队时长普遍高于迪士尼

最喜欢侏罗纪世界大冒险，飞跃侏罗纪也不错，室外过瀑布后其实景观不错，但回去翻视频又都是水泥地

黄油啤酒真的很好喝，特地买了黄油啤酒味巧克力和黄油曲奇带回去

三把扫帚🧹需要等90分钟实在是太火爆了",5
2045497,4月26日，真的是完美的一天，早上9点多到门口，基本冲到楼下面，开门后发现小黄人区没人，必须刷两次过山车。之后沿路看了灯光电影开拍，嘉年华巡游。之后去变形金刚区，还是不排队，主打的就是幸运。霸天虎过山车到了就坐，全程没睁眼。以后顺路来了不可驯服，熊猫，光影效果真不错。全部扫荡后，攻下侏罗纪，基本最多30分钟，只是这里的过山车可太不刺激了。接着冲到未来水世界，这个非常震撼。最后来到了哈利波特，梦幻城堡。都不排队，过山车做了两次，禁忌之旅随便坐根本没人。最后实在不知道玩什么了，又回到小黄人又来了一次萌翻天。紧接着的灯光秀，连看两场。回来路上开始拍拍拍，美好的一天，没有优速通，刷完了所有项目，和几乎所有演出。,5
2045497,"北京环球影城完美踩点攻略～项目几乎都玩了！
1️⃣8:00抵达🚇【环球影城度假区】站，B出口过安检！
2️⃣8:10 通过安检抄近道进入环球标志球地标以及通过一座桥抵达检票口🎫
⚠️这里需要快速奔跑🏃排到前面一点！
3️⃣9:20 开园放人！身份证🪪刷脸通过✅然后抄近道迅速奔跑🏃‍♀️抵达【哈利波特区】
4️⃣9:50 第一站📍哈利波特—禁忌之旅🌟🌟🌟🌟🌟
必看！很值！建议一早到的第一站冲这个，不然后面会排队至少100min起…
5️⃣10:40📍侏罗纪世界—侏罗纪世界大冒险🌟🌟🌟
恐龙迷不要错过，排队1小时左右，恐龙🦕场景做得还是挺不错的。
6️⃣11:00📍好莱坞—不可驯服演出🌟🌟🌟🌟
真人表演驯龙高手，还有空中飞龙，值得一看！
7️⃣12:00 📍未来水世界表演🌟🌟🌟🌟
真人剧情水上特技表演，还遇上了彩虹🌈
8️⃣13:00 📍好莱坞—环球大巡演🌟🌟🌟🌟🌟
一天一次的环球巡演，各类花车和IP人物好快乐🎉
9️⃣13:30📍好莱坞—灯光摄影开拍🌟🌟
真实还原电影特效现场～
🔟14:00📍小黄人乐园—神偷奶爸小黄人闹翻天🌟🌟🌟🌟
小黄人太可爱了！！这个项目也有一点刺激！好玩推荐！香蕉屁🍌也太萌了！",5
2045497,"环球影城冬季假日正式开始啦❗️被🎄和❄️拿捏 
|💖环球影城冬季假日正式开始啦🙋🏼‍♀️🎄🌟🧏🏻‍♀️👇🏻🔴时间：2024年11月23日至2025年1月1日📣在好莱坞大道，每晚安排多场星耀圣诞树🎄演出，大家最近去环球影城一定要去打卡，很有氛围的，尤其结束的时候会有雪花❄️飘落。📷强烈推荐拍照打卡点:就在主舞台旁边的小矮人玩具店、C夫人糖果屋和星耀圣诞小店真的太好拍了🥳两边都是圣诞树，出片儿绝绝子🤩尤其是飞雪降下的时候被氛围感轻松拿捏",5
2045497,"北京环球影城绝对值得一去！🌟 这里是电影迷和主题乐园爱好者的天堂，亮点包括：
1. 🎢 刺激的游乐设施：从“哈利·波特与禁忌之旅”到“霸天虎过山车”，每个项目都让人肾上腺素激增。
2. 🏰 沉浸式的电影主题区：每个区域都根据电影主题精心设计，让你仿佛置身电影之中。
3. 🍔 环球美食：各种主题餐厅和小吃摊提供多样化的美食选择，满足不同口味。
4. 🛍️ 特色购物：在各个主题区的商店里，你可以找到独特的纪念品和电影周边。
5. 🎉 精彩的表演：园内还有各种精彩的现场表演，如“未来水世界”特技表演，非常震撼。
6. 📸 拍照打卡点：无论是标志性的地球雕塑还是各个主题区，都是拍照打卡的绝佳地点。
总的来说，北京环球影城是一个适合家庭、朋友和情侣的娱乐场所，无论你是追求刺激的冒险者，还是寻找电影回忆的影迷，这里都能满足你的需求。",5
2045497,首先，环球影城非常值得去，我家娃小，因为距离家很近，地铁十分钟就到达了，所以连续办了三年年卡，基本天天来遛娃，周末人有点多，平常不要太爽！娃想怎么玩就怎么玩儿，基本也不怎么排队，吃喝玩乐一天都在园区里，晚上回家洗个澡美美地睡一觉，然后第二天再去。大人也省事，孩子也快乐！最喜欢的是哈利波特区的大鸡腿和排骨，娃最喜欢的是小黄人和变形金刚区的小吃，困了往行李车上一躺就睡了，省心省力啊！,5
2045497,还可以，挺好玩的，就是有点贵，这几年不知为什么，类似的场所订价都很贵，而且65岁以下的老人不优惠，其实并不合理，因为那些刺激的项目，老人无论如何也不可能去玩，所以60岁以上老人半价或免票还是合理的界线，没必要非挣老人的这点钱，希望能改过来，有利于老人带孩子去玩，正所谓有失才有得！,5
2045497,4月26日，真的是完美的一天，早上9点多到门口，基本冲到楼下面，开门后发现小黄人区没人，必须刷两次过山车。之后沿路看了灯光电影开拍，嘉年华巡游。之后去变形金刚区，还是不排队，主打的就是幸运。霸天虎过山车到了就坐，全程没睁眼。以后顺路来了不可驯服，熊猫，光影效果真不错。全部扫荡后，攻下侏罗纪，基本最多30分钟，只是这里的过山车可太不刺激了。接着冲到未来水世界，这个非常震撼。最后来到了哈利波特，梦幻城堡。都不排队，过山车做了两次，禁忌之旅随便坐根本没人。最后实在不知道玩什么了，又回到小黄人又来了一次萌翻天。紧接着的灯光秀，连看两场。回来路上开始拍拍拍，美好的一天，没有优速通，刷完了所有项目，和几乎所有演出。,5
2045497,"听劝版！！北京环球影城春游实用攻略📖必看 
前段时间去的北京环球影城🌍分享一下实用攻略

👗关于穿搭Jk学院服和魔法袍zui搭！想要穿魔法袍🪄的提前租租基本都是💰100出头就有一整套 

园区内买需要400+还有小熊🐻头箍和背包拍照也很好看！
能提前租就提前～
园区内买💰100+
而且也是戴一两次就闲置了
🎫关于买票旺季淡季不同时间票价💰不同 
很多人会蹲周一进园但其实周一人也是很多的！因为北京很多景点周一关闭旺季如果不想排队3小时玩项目5分钟 就老实买优速通吧！🎢关于项目尽量少花时间在门口大地球🌍拍照拍照的时间项目排队人数已经增加了很多！✅小黄人闹翻天、火种源和禁忌之旅都是必玩的！小黄人🟡很适合带小朋友去 很有趣～禁忌之旅画面和体验感都不错 就是排的队真的长😅鹰马飞行想拍日落的记得提前去排队，这个时间人zui多很容易错过日落时间，否则尽量避开这个点去玩🍗关于餐厅我们去的是三把扫帚餐厅，避开饭点还是得排队，不过很快就排到啦！进去先点餐后自己找地方坐，室外的座位视野更好拍照更好看，没坐室外座位的也可以去拍拍，点了🌽烤鸡排骨拼盘＋🧈黄油啤酒＋🍑蜜桃乌龙茶，黄油啤酒个人感觉有点甜~",5
2045497,"北京环球影城完美踩点攻略～项目几乎都玩了！
1️⃣8:00抵达🚇【环球影城度假区】站，B出口过安检！
2️⃣8:10 通过安检抄近道进入环球标志球地标以及通过一座桥抵达检票口🎫
⚠️这里需要快速奔跑🏃排到前面一点！
3️⃣9:20 开园放人！身份证🪪刷脸通过✅然后抄近道迅速奔跑🏃‍♀️抵达【哈利波特区】
4️⃣9:50 第一站📍哈利波特—禁忌之旅🌟🌟🌟🌟🌟
必看！很值！建议一早到的第一站冲这个，不然后面会排队至少100min起…
5️⃣10:40📍侏罗纪世界—侏罗纪世界大冒险🌟🌟🌟
恐龙迷不要错过，排队1小时左右，恐龙🦕场景做得还是挺不错的。
6️⃣11:00📍好莱坞—不可驯服演出🌟🌟🌟🌟
真人表演驯龙高手，还有空中飞龙，值得一看！
7️⃣12:00 📍未来水世界表演🌟🌟🌟🌟
真人剧情水上特技表演，还遇上了彩虹🌈
8️⃣13:00 📍好莱坞—环球大巡演🌟🌟🌟🌟🌟
一天一次的环球巡演，各类花车和IP人物好快乐🎉
9️⃣13:30📍好莱坞—灯光摄影开拍🌟🌟
真实还原电影特效现场～
🔟14:00📍小黄人乐园—神偷奶爸小黄人闹翻天🌟🌟🌟🌟
小黄人太可爱了！！这个项目也有一点刺激！好玩推荐！香蕉屁🍌也太萌了！",5
2045497,"听劝版！！北京环球影城春游实用攻略📖必看 
前段时间去的北京环球影城🌍分享一下实用攻略

👗关于穿搭Jk学院服和魔法袍zui搭！想要穿魔法袍🪄的提前租租基本都是💰100出头就有一整套 

园区内买需要400+还有小熊🐻头箍和背包拍照也很好看！
能提前租就提前～
园区内买💰100+
而且也是戴一两次就闲置了
🎫关于买票旺季淡季不同时间票价💰不同 
很多人会蹲周一进园但其实周一人也是很多的！因为北京很多景点周一关闭旺季如果不想排队3小时玩项目5分钟 就老实买优速通吧！🎢关于项目尽量少花时间在门口大地球🌍拍照拍照的时间项目排队人数已经增加了很多！✅小黄人闹翻天、火种源和禁忌之旅都是必玩的！小黄人🟡很适合带小朋友去 很有趣～禁忌之旅画面和体验感都不错 就是排的队真的长😅鹰马飞行想拍日落的记得提前去排队，这个时间人zui多很容易错过日落时间，否则尽量避开这个点去玩🍗关于餐厅我们去的是三把扫帚餐厅，避开饭点还是得排队，不过很快就排到啦！进去先点餐后自己找地方坐，室外的座位视野更好拍照更好看，没坐室外座位的也可以去拍拍，点了🌽烤鸡排骨拼盘＋🧈黄油啤酒＋🍑蜜桃乌龙茶，黄油啤酒个人感觉有点甜~",5
2045497,大家都在考虑值不值得去！可以肯定的告诉大家，值得去！一定要！环球影城里的游戏，针对不同人群都有很好的体验，其中哈利·波特区更是哈迷们的天堂。这里不仅景美游戏更是过瘾，就连厕所都成了著名的打卡胜地。环球影城的表演也是一绝，美食多多，喜欢的朋友，一定要去，而且两天才玩的过瘾！,5
2045497,首先，环球影城非常值得去，我家娃小，因为距离家很近，地铁十分钟就到达了，所以连续办了三年年卡，基本天天来遛娃，周末人有点多，平常不要太爽！娃想怎么玩就怎么玩儿，基本也不怎么排队，吃喝玩乐一天都在园区里，晚上回家洗个澡美美地睡一觉，然后第二天再去。大人也省事，孩子也快乐！最喜欢的是哈利波特区的大鸡腿和排骨，娃最喜欢的是小黄人和变形金刚区的小吃，困了往行李车上一躺就睡了，省心省力啊！,5
2045497,首先，环球影城非常值得去，我家娃小，因为距离家很近，地铁十分钟就到达了，所以连续办了三年年卡，基本天天来遛娃，周末人有点多，平常不要太爽！娃想怎么玩就怎么玩儿，基本也不怎么排队，吃喝玩乐一天都在园区里，晚上回家洗个澡美美地睡一觉，然后第二天再去。大人也省事，孩子也快乐！最喜欢的是哈利波特区的大鸡腿和排骨，娃最喜欢的是小黄人和变形金刚区的小吃，困了往行李车上一躺就睡了，省心省力啊！,5
2045497,"环球前十天去了迪士尼，感觉环球排队时长普遍高于迪士尼

最喜欢侏罗纪世界大冒险，飞跃侏罗纪也不错，室外过瀑布后其实景观不错，但回去翻视频又都是水泥地

黄油啤酒真的很好喝，特地买了黄油啤酒味巧克力和黄油曲奇带回去

三把扫帚🧹需要等90分钟实在是太火爆了",5
2045497,"北京环球影城绝对值得一去！🌟 这里是电影迷和主题乐园爱好者的天堂，亮点包括：
1. 🎢 刺激的游乐设施：从“哈利·波特与禁忌之旅”到“霸天虎过山车”，每个项目都让人肾上腺素激增。
2. 🏰 沉浸式的电影主题区：每个区域都根据电影主题精心设计，让你仿佛置身电影之中。
3. 🍔 环球美食：各种主题餐厅和小吃摊提供多样化的美食选择，满足不同口味。
4. 🛍️ 特色购物：在各个主题区的商店里，你可以找到独特的纪念品和电影周边。
5. 🎉 精彩的表演：园内还有各种精彩的现场表演，如“未来水世界”特技表演，非常震撼。
6. 📸 拍照打卡点：无论是标志性的地球雕塑还是各个主题区，都是拍照打卡的绝佳地点。
总的来说，北京环球影城是一个适合家庭、朋友和情侣的娱乐场所，无论你是追求刺激的冒险者，还是寻找电影回忆的影迷，这里都能满足你的需求。",5
2045497,还可以，挺好玩的，就是有点贵，这几年不知为什么，类似的场所订价都很贵，而且65岁以下的老人不优惠，其实并不合理，因为那些刺激的项目，老人无论如何也不可能去玩，所以60岁以上老人半价或免票还是合理的界线，没必要非挣老人的这点钱，希望能改过来，有利于老人带孩子去玩，正所谓有失才有得！,5
2045497,还可以，挺好玩的，就是有点贵，这几年不知为什么，类似的场所订价都很贵，而且65岁以下的老人不优惠，其实并不合理，因为那些刺激的项目，老人无论如何也不可能去玩，所以60岁以上老人半价或免票还是合理的界线，没必要非挣老人的这点钱，希望能改过来，有利于老人带孩子去玩，正所谓有失才有得！,5
2045497,大家都在考虑值不值得去！可以肯定的告诉大家，值得去！一定要！环球影城里的游戏，针对不同人群都有很好的体验，其中哈利·波特区更是哈迷们的天堂。这里不仅景美游戏更是过瘾，就连厕所都成了著名的打卡胜地。环球影城的表演也是一绝，美食多多，喜欢的朋友，一定要去，而且两天才玩的过瘾！,5
2045497,住景区酒店，提前一小时入园，可以把哈利波特、侏罗纪的热门项目玩完，三把扫帚10点开业，想吃的可以去排队吃个早午餐了，小黄人区的餐车卖的烤鸡腿超级好吃、汉堡套餐、蔬菜沙拉味道也不错。不住园区只玩一天的话建议提前在APP上买优速通，霸山虎过山车超刺激，想坐第一排的排队时看好通道，我喜欢坐最后一排，一定要把头颈紧靠在座椅靠背上，否则容易受伤，手机不能带记得存在柜子里；未来水世界演出也要提前去，卡点去会没有位置，蓝色座椅全湿，绿色半湿，红色全干，下午大家都累了，很多项目排队的时间会缩短很多，6点花车巡游的时间可以二刷热门项目，不得不说，餐食和玩具是真贵啊，可乐15元，哈利波特魔法袍800多，随便买买一两千没了,5
2045497,4月26日，真的是完美的一天，早上9点多到门口，基本冲到楼下面，开门后发现小黄人区没人，必须刷两次过山车。之后沿路看了灯光电影开拍，嘉年华巡游。之后去变形金刚区，还是不排队，主打的就是幸运。霸天虎过山车到了就坐，全程没睁眼。以后顺路来了不可驯服，熊猫，光影效果真不错。全部扫荡后，攻下侏罗纪，基本最多30分钟，只是这里的过山车可太不刺激了。接着冲到未来水世界，这个非常震撼。最后来到了哈利波特，梦幻城堡。都不排队，过山车做了两次，禁忌之旅随便坐根本没人。最后实在不知道玩什么了，又回到小黄人又来了一次萌翻天。紧接着的灯光秀，连看两场。回来路上开始拍拍拍，美好的一天，没有优速通，刷完了所有项目，和几乎所有演出。,5
2045497,"北京环球影城绝对值得一去！🌟 这里是电影迷和主题乐园爱好者的天堂，亮点包括：
1. 🎢 刺激的游乐设施：从“哈利·波特与禁忌之旅”到“霸天虎过山车”，每个项目都让人肾上腺素激增。
2. 🏰 沉浸式的电影主题区：每个区域都根据电影主题精心设计，让你仿佛置身电影之中。
3. 🍔 环球美食：各种主题餐厅和小吃摊提供多样化的美食选择，满足不同口味。
4. 🛍️ 特色购物：在各个主题区的商店里，你可以找到独特的纪念品和电影周边。
5. 🎉 精彩的表演：园内还有各种精彩的现场表演，如“未来水世界”特技表演，非常震撼。
6. 📸 拍照打卡点：无论是标志性的地球雕塑还是各个主题区，都是拍照打卡的绝佳地点。
总的来说，北京环球影城是一个适合家庭、朋友和情侣的娱乐场所，无论你是追求刺激的冒险者，还是寻找电影回忆的影迷，这里都能满足你的需求。",5
2045497,大家都在考虑值不值得去！可以肯定的告诉大家，值得去！一定要！环球影城里的游戏，针对不同人群都有很好的体验，其中哈利·波特区更是哈迷们的天堂。这里不仅景美游戏更是过瘾，就连厕所都成了著名的打卡胜地。环球影城的表演也是一绝，美食多多，喜欢的朋友，一定要去，而且两天才玩的过瘾！,5
2045497,4月26日，真的是完美的一天，早上9点多到门口，基本冲到楼下面，开门后发现小黄人区没人，必须刷两次过山车。之后沿路看了灯光电影开拍，嘉年华巡游。之后去变形金刚区，还是不排队，主打的就是幸运。霸天虎过山车到了就坐，全程没睁眼。以后顺路来了不可驯服，熊猫，光影效果真不错。全部扫荡后，攻下侏罗纪，基本最多30分钟，只是这里的过山车可太不刺激了。接着冲到未来水世界，这个非常震撼。最后来到了哈利波特，梦幻城堡。都不排队，过山车做了两次，禁忌之旅随便坐根本没人。最后实在不知道玩什么了，又回到小黄人又来了一次萌翻天。紧接着的灯光秀，连看两场。回来路上开始拍拍拍，美好的一天，没有优速通，刷完了所有项目，和几乎所有演出。,5
2045497,"环球前十天去了迪士尼，感觉环球排队时长普遍高于迪士尼

最喜欢侏罗纪世界大冒险，飞跃侏罗纪也不错，室外过瀑布后其实景观不错，但回去翻视频又都是水泥地

黄油啤酒真的很好喝，特地买了黄油啤酒味巧克力和黄油曲奇带回去

三把扫帚🧹需要等90分钟实在是太火爆了",5
2045497,4月26日，真的是完美的一天，早上9点多到门口，基本冲到楼下面，开门后发现小黄人区没人，必须刷两次过山车。之后沿路看了灯光电影开拍，嘉年华巡游。之后去变形金刚区，还是不排队，主打的就是幸运。霸天虎过山车到了就坐，全程没睁眼。以后顺路来了不可驯服，熊猫，光影效果真不错。全部扫荡后，攻下侏罗纪，基本最多30分钟，只是这里的过山车可太不刺激了。接着冲到未来水世界，这个非常震撼。最后来到了哈利波特，梦幻城堡。都不排队，过山车做了两次，禁忌之旅随便坐根本没人。最后实在不知道玩什么了，又回到小黄人又来了一次萌翻天。紧接着的灯光秀，连看两场。回来路上开始拍拍拍，美好的一天，没有优速通，刷完了所有项目，和几乎所有演出。,5
2045497,"北京环球影城完美踩点攻略～项目几乎都玩了！
1️⃣8:00抵达🚇【环球影城度假区】站，B出口过安检！
2️⃣8:10 通过安检抄近道进入环球标志球地标以及通过一座桥抵达检票口🎫
⚠️这里需要快速奔跑🏃排到前面一点！
3️⃣9:20 开园放人！身份证🪪刷脸通过✅然后抄近道迅速奔跑🏃‍♀️抵达【哈利波特区】
4️⃣9:50 第一站📍哈利波特—禁忌之旅🌟🌟🌟🌟🌟
必看！很值！建议一早到的第一站冲这个，不然后面会排队至少100min起…
5️⃣10:40📍侏罗纪世界—侏罗纪世界大冒险🌟🌟🌟
恐龙迷不要错过，排队1小时左右，恐龙🦕场景做得还是挺不错的。
6️⃣11:00📍好莱坞—不可驯服演出🌟🌟🌟🌟
真人表演驯龙高手，还有空中飞龙，值得一看！
7️⃣12:00 📍未来水世界表演🌟🌟🌟🌟
真人剧情水上特技表演，还遇上了彩虹🌈
8️⃣13:00 📍好莱坞—环球大巡演🌟🌟🌟🌟🌟
一天一次的环球巡演，各类花车和IP人物好快乐🎉
9️⃣13:30📍好莱坞—灯光摄影开拍🌟🌟
真实还原电影特效现场～
🔟14:00📍小黄人乐园—神偷奶爸小黄人闹翻天🌟🌟🌟🌟
小黄人太可爱了！！这个项目也有一点刺激！好玩推荐！香蕉屁🍌也太萌了！",5
2045497,大家都在考虑值不值得去！可以肯定的告诉大家，值得去！一定要！环球影城里的游戏，针对不同人群都有很好的体验，其中哈利·波特区更是哈迷们的天堂。这里不仅景美游戏更是过瘾，就连厕所都成了著名的打卡胜地。环球影城的表演也是一绝，美食多多，喜欢的朋友，一定要去，而且两天才玩的过瘾！,5
2045497,"环球影城冬季假日正式开始啦❗️被🎄和❄️拿捏 
|💖环球影城冬季假日正式开始啦🙋🏼‍♀️🎄🌟🧏🏻‍♀️👇🏻🔴时间：2024年11月23日至2025年1月1日📣在好莱坞大道，每晚安排多场星耀圣诞树🎄演出，大家最近去环球影城一定要去打卡，很有氛围的，尤其结束的时候会有雪花❄️飘落。📷强烈推荐拍照打卡点:就在主舞台旁边的小矮人玩具店、C夫人糖果屋和星耀圣诞小店真的太好拍了🥳两边都是圣诞树，出片儿绝绝子🤩尤其是飞雪降下的时候被氛围感轻松拿捏",5
2045497,住景区酒店，提前一小时入园，可以把哈利波特、侏罗纪的热门项目玩完，三把扫帚10点开业，想吃的可以去排队吃个早午餐了，小黄人区的餐车卖的烤鸡腿超级好吃、汉堡套餐、蔬菜沙拉味道也不错。不住园区只玩一天的话建议提前在APP上买优速通，霸山虎过山车超刺激，想坐第一排的排队时看好通道，我喜欢坐最后一排，一定要把头颈紧靠在座椅靠背上，否则容易受伤，手机不能带记得存在柜子里；未来水世界演出也要提前去，卡点去会没有位置，蓝色座椅全湿，绿色半湿，红色全干，下午大家都累了，很多项目排队的时间会缩短很多，6点花车巡游的时间可以二刷热门项目，不得不说，餐食和玩具是真贵啊，可乐15元，哈利波特魔法袍800多，随便买买一两千没了,5
2045497,"环球影城冬季假日正式开始啦❗️被🎄和❄️拿捏 
|💖环球影城冬季假日正式开始啦🙋🏼‍♀️🎄🌟🧏🏻‍♀️👇🏻🔴时间：2024年11月23日至2025年1月1日📣在好莱坞大道，每晚安排多场星耀圣诞树🎄演出，大家最近去环球影城一定要去打卡，很有氛围的，尤其结束的时候会有雪花❄️飘落。📷强烈推荐拍照打卡点:就在主舞台旁边的小矮人玩具店、C夫人糖果屋和星耀圣诞小店真的太好拍了🥳两边都是圣诞树，出片儿绝绝子🤩尤其是飞雪降下的时候被氛围感轻松拿捏",5
2045497,住景区酒店，提前一小时入园，可以把哈利波特、侏罗纪的热门项目玩完，三把扫帚10点开业，想吃的可以去排队吃个早午餐了，小黄人区的餐车卖的烤鸡腿超级好吃、汉堡套餐、蔬菜沙拉味道也不错。不住园区只玩一天的话建议提前在APP上买优速通，霸山虎过山车超刺激，想坐第一排的排队时看好通道，我喜欢坐最后一排，一定要把头颈紧靠在座椅靠背上，否则容易受伤，手机不能带记得存在柜子里；未来水世界演出也要提前去，卡点去会没有位置，蓝色座椅全湿，绿色半湿，红色全干，下午大家都累了，很多项目排队的时间会缩短很多，6点花车巡游的时间可以二刷热门项目，不得不说，餐食和玩具是真贵啊，可乐15元，哈利波特魔法袍800多，随便买买一两千没了,5
2045497,首先，环球影城非常值得去，我家娃小，因为距离家很近，地铁十分钟就到达了，所以连续办了三年年卡，基本天天来遛娃，周末人有点多，平常不要太爽！娃想怎么玩就怎么玩儿，基本也不怎么排队，吃喝玩乐一天都在园区里，晚上回家洗个澡美美地睡一觉，然后第二天再去。大人也省事，孩子也快乐！最喜欢的是哈利波特区的大鸡腿和排骨，娃最喜欢的是小黄人和变形金刚区的小吃，困了往行李车上一躺就睡了，省心省力啊！,5
2045497,住景区酒店，提前一小时入园，可以把哈利波特、侏罗纪的热门项目玩完，三把扫帚10点开业，想吃的可以去排队吃个早午餐了，小黄人区的餐车卖的烤鸡腿超级好吃、汉堡套餐、蔬菜沙拉味道也不错。不住园区只玩一天的话建议提前在APP上买优速通，霸山虎过山车超刺激，想坐第一排的排队时看好通道，我喜欢坐最后一排，一定要把头颈紧靠在座椅靠背上，否则容易受伤，手机不能带记得存在柜子里；未来水世界演出也要提前去，卡点去会没有位置，蓝色座椅全湿，绿色半湿，红色全干，下午大家都累了，很多项目排队的时间会缩短很多，6点花车巡游的时间可以二刷热门项目，不得不说，餐食和玩具是真贵啊，可乐15元，哈利波特魔法袍800多，随便买买一两千没了,5
2045497,"环球影城冬季假日正式开始啦❗️被🎄和❄️拿捏 
|💖环球影城冬季假日正式开始啦🙋🏼‍♀️🎄🌟🧏🏻‍♀️👇🏻🔴时间：2024年11月23日至2025年1月1日📣在好莱坞大道，每晚安排多场星耀圣诞树🎄演出，大家最近去环球影城一定要去打卡，很有氛围的，尤其结束的时候会有雪花❄️飘落。📷强烈推荐拍照打卡点:就在主舞台旁边的小矮人玩具店、C夫人糖果屋和星耀圣诞小店真的太好拍了🥳两边都是圣诞树，出片儿绝绝子🤩尤其是飞雪降下的时候被氛围感轻松拿捏",5
