user_detail_name,text,text 2,text 3,text 4,text 5,content_wrap,,,,,,attraction_name
陌染MM,5分,超棒,景色5,趣味5,性价比5,去澳门旅游，来到了威尼斯人度假区，这一个度假区非常大，我最喜欢的就是他们的购物商场部分，非常漂亮的布置，仿佛置身于威尼斯水城一般。这里真的是有人工“河流”，游客可以买票坐船，感受一下身在威尼斯河道上的感觉。河道两旁都是商场，除了高档名牌店铺以外，也有不少大众化的品牌，食品、商品、服饰、皮包鞋子等等，一应俱全。,,,,,,澳门威尼斯人度假区好评
难 得糊 涂,5分,超棒,景色5,趣味5,性价比5,"澳门威尼斯人度假区是一个集酒店、会展、购物、体育、综艺及休闲设施于一体的综合性场所，以下是关于澳门威尼斯人度假区的一些详细介绍：


? 环境与设施：

? 澳门威尼斯人度假区以意大利水乡威尼斯为主题，拥有拱桥、小运河及石板路，充满意式浪漫狂放的异国风情。

? 酒店舒适、购物中心琳琅满目，内部装饰豪华，跨越了艺术与功能的界限。


? 购物设施：

? 大运河购物中心是澳门威尼斯人的心脏地带，汇聚了350多家商户，包括国际一线品牌和快时尚品牌，以及多个美食广场，提供丰富多样的中西式餐饮选择。

? 购物中心内的特色之一是贡多拉游船，游客可以乘船游览，体验仿佛置身威尼斯的浪漫气氛。


? 娱乐表演：

? 澳门威尼斯人提供丰富多样的娱乐表演，从室内的音乐会、剧场演出到室外的节庆活动，为游客呈现视觉与听觉的双重盛宴。

? 威尼斯人剧场和金光综艺馆经常举办各类演唱会和表演，给游客带来高端的娱乐体验。


? 住宿服务：

? 酒店房间装饰典雅，服务周到，确保游客有一个舒适的住宿体验。

? 酒店以水都威尼斯为主题，布满威尼斯特色的拱桥、小运河及石板路，旨在带给住客无与伦比的浪漫体验。


? 餐饮：

? 澳门威尼斯人拥有超百家餐厅，提供百变鲜香的味蕾享受。

? 其中包括北方馆、喜乐日本料理、醉江南、品粤轩等多种不同风味的餐厅，满足不同口味的需求。


? 特色服务与体验：

? 贡多拉之旅：室内人造河道系统让游客可以乘坐真正的贡多拉船，体验水城威尼斯的独特风情。

? 人工天空与节日表演：澳门威尼斯人独有的室内天幕，无论白天还是黑夜，都能呈现出逼真的天空景象。


? 交通便利与周边景点：

? 澳门威尼斯人位于路虢鸸獯蟮溃方便游客前往澳门的各大著名景点，如澳门塔、新濠影汇等。

澳门威尼斯人度假区以其独具特色的威尼斯风格布局、丰富的娱乐和美食体验、多样的特色服务成为澳门旅游的亮点之一。不论是家庭出游、情侣度假还是商务旅行，这里都能提供超出预期的满意服务。",,,,,,澳门威尼斯人度假区好评
Grace_cyt,5分,超棒,景色5,趣味5,性价比5,这里吃喝玩乐品种丰富，应有尽有。有酒店可供游客居住，有大运河购物中心，装修的和威尼斯街头十分相似，还有一条运河可供游人坐船游览，置身其中仿佛就走在威尼斯街头，各类商品可供游客买买买。逛累了，买累了，还有大食代，全世界各地的美食在这里供游客选择。我们在威尼斯人度假村里花了小半天的时间，但如果你愿意的话，可以在这里吃喝玩乐呆上几天。,,,,,,澳门威尼斯人度假区好评
鸭鸭爱生活,5分,超棒,景色5,趣味5,性价比5,"这不是我第一次来威尼斯人酒店，四次澳门之行打卡三次威尼斯人，但每一次来三楼的大运河购物中心，总会是深深的震撼，而且10多年过去了，这里的一切仍然没有过时，没有陈旧感，这才是一个酒店最厉害的地方。

同样属于金沙集团旗下，一进门便是金碧辉煌的壁画吊顶。

大运河购物中心是澳门最大型的室内购物中心，位于澳门威尼斯人度假村酒店第三楼层，面积达968,000平方眨云集超过350家购物商户、数十家食店和3条各长390盏脑撕印

整个购物中心被一幅偌大的天幕覆盖，天幕可配合电脑控制的灯光效果，营造出晨昏日出日落的云彩和天色，配合特色街道、运河、157盏睦镅翘厍牛环境典雅瑰丽，令旅客仿如置身昔日威尼斯的街道。真的是超美的。

?还可以在运河上坐上贡多拉船，听船夫高歌一曲，真的是不用到水城威尼斯便能体验满满的欧式风情。

这里也是随处可以拍出美美的大片，恍如置身在水乡之中，而又金碧辉煌。

这边还云集了来自世界各地的名品大牌，除了买买买，还可以吃吃吃，这里既有高档餐厅，也有街头小吃，比如澳门最著名的安德鲁蛋挞在这里也能买到。",,,,,,澳门威尼斯人度假区好评
fcy911,5分,超棒,景色5,趣味5,性价比5,"大运河购物中心位于威尼斯人度假村酒店二层，是澳门最大型的室内购物中心，这里不止是购物中心，还是现在澳门较为知名的景点呢。这里大概是澳门品牌最齐全的购物场所，服饰鞋包、珠宝首饰、美妆护肤、运动户外各种门类都有。这里还有多家美食店铺值得你去品尝。购买手信也很方便，钜记、咀香园、葡式蛋挞等等在此都可以买到，总之是很方便的。
这里有著名的威尼斯人造运河和天空，可以见到商场内蓝色天顶上流动着白云，还可以乘坐贡多拉船游览！其实这里的建筑特式依照美国拉斯维加斯的威尼斯人酒店，以威尼斯水乡为主题，可以见到威尼斯特色拱桥、小运河及石板路，恍若置身威尼斯。",,,,,,澳门威尼斯人度假区好评
小俞儿,5分,超棒,景色5,趣味4,性价比4,酒店服务非常好，酒店客户行李寄存好方便，退房无押金客户只需将房卡邮寄于一楼或三楼内，提供免费WIFI，办理入住时会详细说明几个交通关键出入口，设施也非常好，一楼和三楼主要特色景区，第一去去澳门的朋友推荐选择入住,,,,,,澳门威尼斯人度假区好评
卖牛奶的猪,5分,超棒,景色5,趣味5,性价比5,澳门威尼斯人度假村确实是一个很棒的地方，非常喜欢大运河购物中心呀！仿造威尼斯水城，就连仿造的天空也是那么的美，地上的瓷砖就像刚刚下过雨一样，感觉非常的滑，但是实际上是不滑的。在这种环境下购物，真的非常爽。澳门的消费会稍微偏贵，大运河购物中心有一条专门吃东西的美食街，店铺的分量还是非常足的。期待下次再来这里逛街买衣服！,,,,,,澳门威尼斯人度假区好评
冷秀儿,5分,超棒,景色5,趣味5,性价比4,耐飧鄞a^出碛忻赓M班。到了威尼斯人FI的船票坐了下小船。上船後，先o拍一小船上的照片，等Y束後可以x褓I@照片，X，188元。如果X得坑，可以x癫毁I。Q船票的r候，o你一小票，免MI取子版的照片，那N}砹耍他不是直接l到]箱e面，是o一卡片，你商灬岬卿W站下d。f是商灬岵偶せ睿慷且，W站只能在澳T打_！我X得吧，@就有c\心不想o.,,,,,,澳门威尼斯人度假区好评
Ejohnson,5分,超棒,景色5,趣味5,性价比5,"整个金沙做的都很不错，四季、威尼斯人、巴黎人、康德莱德、假日…这些都是连在一起的，不用出酒店就可以转一圈。
威尼斯人酒店的房间非常干净，非常舒适，就是贵了点，但是相比较银河、新濠、万豪还是便宜的，非节假日提前预定的话，性价比还算可以",,,,,,澳门威尼斯人度假区好评
徐团,5分,超棒,景色5,趣味5,性价比5,"澳门威尼斯人度假村酒店占地1,050万平方尺，设有3,000间豪华套房，以意大利威尼斯水乡以及著名雕像为建筑特色，是一座超级大型的度假式酒店,包括豪华套房、主题购物中心、高级餐厅、表演厅、运动场，以及会议展览中心等。大运河购物中心是澳门最大型的室内购物中心，位于酒店第三楼层，面积达968,000平方眨云集超过350家购物商户、数十家食店和3条各长390盏脑撕印Ｎ颐侵饕逛了大运河购物中心，只走到大运河和马可孛罗运河的区域，面积太大啦。不过也领略了其奢华瑰丽的意大利色彩。购物中心有商店、美食餐馆、特色景观......，在这里逛一天也不会嫌时间多的。",,,,,,澳门威尼斯人度假区好评
ann_ywang,5分,超棒,景色5,趣味5,性价比5,酒店规模很大，内饰华美。大运河的景色很好，人造的天空，与意大利威尼斯的实景运河和刚朵拉很相似，颇有威尼斯的感觉，没去过威尼斯的可以乘坐刚朵拉体验一下。酒店里面很多名品店，美食区的乳猪饭和烧鹅饭，猪扒包均很美味。有专门的免费巴士往来于各大酒店之间，及码头，关口，很方便抵达。除了刚朵拉，其余均免费，是个值得参观的地方。,,,,,,澳门威尼斯人度假区好评
286****118,5分,超棒,景色5,趣味5,性价比5,来澳门必须让孩子体验一下的，我们晚上去的，人不算多，但也排了半个多小时，可以一个人排着，其余人先去逛会，说特色的话，我觉得应该是船夫，每个船夫都有自己的本领，一听我们来自上海，就给我们唱了一首代表我的心，棒棒哒！,,,,,,澳门威尼斯人度假区好评
fai****ne,5分,超棒,景色5,趣味5,性价比5,"因为重庆往返澳门的直航一直被取消，所以临时改换为从珠海进出。
下机后再次做了核酸检测，取行李，出发横琴口岸。用了航旅纵横推送的接机券，网约车一口价93元，40分钟车程。
过关出站台右手边就是金沙的发财车，10分钟到威尼斯人西翼大堂。
因为是在先生的生日当天入住，酒店不但升级了房型，还准备了生日蛋糕。不是那种“意思意思”的小蛋糕，是现做的六寸草莓厚芝士蛋糕，很拉好感。（此行还有一间酒店，就不点名了，做推广的时候说得可好了，各种房型升级、延迟退房、送巧克力啥的。到了前台，现喊加钱也是醉了。）
放下行李就去官也街了。澳门长洲糯米糍的招牌芒果糯米糍和世纪咖啡的秘制香滑奶茶加猪扒包，吃了都说好。（后来我还打卡了另一家很火的猪扒包，也不点名了，价格吧是世纪咖啡的近一倍了，就，duck不必。）
当晚雷雨，8字摩天轮停运，转去银河吃晚餐。推荐杏香园的龙眼马蹄沙。

第二天，来一座城市，公交车是要坐一坐的，老城是要看一看的。威尼斯人对面新濠天地和前面巴黎人都有公交站。推荐盛记白粥的豆花，清甜可口难以忘怀。
下午还是坐酒店的发财车，到澳门金沙，过马路就是渔人码头，甚至方便。

第三天就在TEAMLAB拍照啦。澳门站就设在了威尼斯人三楼，进的早场，人少，作的时候好发挥。

威尼斯人有安德鲁饼店，吃了两次，葡式蛋挞加柠檬茶绝绝子。第三次去蛋挞卖完了，唉。
喜乐目前每周只开5、6和日，去了两趟都没吃上。算了下次吧。

尽管有很多人劝退，我还是闷头选了威尼斯人作为来澳门的第一家酒店。因为12年前我第一次到欧洲，第一站就是威尼斯，算是一个生拉活扯的情怀吧。但是没有选错。我觉得威尼斯人不管是地理位置、周边设施还有服务精神都对得起它的金字招牌。满意。",,,,,,澳门威尼斯人度假区好评
摩尔的小糖果,5分,超棒,景色5,趣味5,性价比5,"从办理入住的那一刻，就开启了舒心的旅程！
来澳门旅行多次，每次都会体验不同的酒店。
这次带小朋友来体验威尼斯人，酒店前台真的非常用心
因为是支付宝的钻石会员，房型可以免费升级，但是当天房间紧张，只能升到一个双床房。办理入住过程中，前台这位瘦瘦高高带眼镜的美女，细心的发现我家小朋友过两天就过生日了，直接联系礼宾部给我们准备了蛋糕，还和我们约好时间，希望可以送到我们手上。
在一边办理的同时，又积极的看有一间大床的高级套房马上空出来了，就给我们再升级了一个。真的超级贴心??
房间有专门做了布置，我家小朋友乐得不行
看来威尼斯人给这个小家伙也留下了太好的印象",,,,,,澳门威尼斯人度假区好评
tudesign,5分,超棒,景色5,趣味5,性价比5,澳门威尼斯人酒店一楼的大运河购物中心，打造出一个室内的威尼斯，屋顶是蓝天白云，有种楚门的世界感觉。餐饮购物好去处，感觉一天都逛不完，工作人员也是水手的打扮，澳门商场也感觉金碧辉煌，大运河购物中心还能坐坐贡多拉。,,,,,,澳门威尼斯人度假区好评
旅途―_,5分,超棒,景色5,趣味5,性价比5,"澳门威尼斯人度假村
??【?酒店攻略】
??详细地址：澳门威尼斯人度假村
????????????????
??交通攻略：酒店在口岸和码头都有接驳车，也可以自己打车前往，最近好像还造了轻轨
????????????????
??亮点特色：度假村内所有设备一应俱全，购物美食游泳池全都有
????????????????
?酒店环境：最近重现翻新过，里面环境非常干净，挺华丽的，值他的房价，楼下的大运河购物广场也非常的有特色。
????????????????
??人均消费：1600RMB一晚上
????????????????
??小Tips：
 ??威尼斯人度假村，19年的时候房间重新装修过比前几年要新很多。
??里面集购物娱乐场美食为一体应有尽有，时间允许的话建议在里面住两天不要出去，玩两天绝对不会厌，大运河的贡多拉宝船是700澳币，有点小贵但是船夫都是外国人，颜值都很不错，里面特别大，一不小心就会迷路，而且现在好像和别的商场也都通过隧道天桥的方式联通起来，各种奢侈品应有尽有。在里面足以让你忘记外面的世界。
美食：里面有东南亚各国还有一些世界各国的特色美食。",,,,,,澳门威尼斯人度假区好评
爱达荷州艾希,5分,超棒,景色5,趣味5,性价比5,"室内修建的一条清澈见底的蓝色运河，水道桥梁连成一体，穿城而过。威尼斯小伙儿悠扬的歌声里，一艘贡多拉船穿梭于碧波上，呈现出“水上都市”的繁华景象。
蔚蓝色的天空，片片白云在深邃的天空中缓慢飘荡，虽是人工布景的效果，的确非常逼真漂亮。
整个水城犹如一座艺术宫殿，散发着浪漫气息，充满了异国风情。",,,,,,澳门威尼斯人度假区好评
清清,5分,超棒,景色5,趣味5,性价比5,澳门弹丸之地，但胱姓飧龅胤剑无论是酒店还是商场大的不得了，威尼斯人商城去过不知多少次，还是晕头转向的，特别喜欢这里，这里没有夜晚的刚觉，房顶是蓝天白云，如同白天在外面逛街一样，每次去澳门在这里停留的时间也是最长的。,,,,,,澳门威尼斯人度假区好评
锴kai10,5分,超棒,景色5,趣味5,性价比5,一个非常好的旅游景区，把意大利威尼斯水城的主要景点大运河搬到这里，是酒店旅游的新体验，吃、喝、玩、乐都可以在酒店里全部完成，很有特色。,,,,,,澳门威尼斯人度假区好评
海南多多,5分,超棒,景色5,趣味5,性价比5,如果说向往威尼斯却还没去过，那么澳门威尼斯人度假村就是绝好的体验场所。这里充满了威尼斯特色的拱桥、小运河及石板路，整个大运河购物中心被蓝色天空的幕布覆盖，令我们仿佛置身威尼斯的街道。,,,,,,澳门威尼斯人度假区好评
拗瓮┸,5分,超棒,景色5,趣味5,性价比5,就是一个仿威尼斯的酒店，环境很好，大运河很长一直走都是这样子，酒店有很多商业街，商业化没国内那么严重，都是大陆游客多，从横琴过关后有免费车直达,,,,,,澳门威尼斯人度假区好评
NNash,5分,超棒,,,,"去这里最好的时间是晚上,因为你会看到所有的灯光!里面也很好,有很多商店,咖啡馆和餐馆。",,,,,,澳门威尼斯人度假区好评
中西南北东,4分,满意,景色4,趣味4,性价比4,"澳门威尼斯人度假村酒店占地1,050万平方尺，设有3,000间豪华套房，以意大利威尼斯水乡以及著名雕像为建筑特色，并参考著名的拉斯维加斯威尼斯人度假村酒店作为设计蓝本，是一座超级大型的度假式酒店。河边的水手唱歌还是很好听的。",,,,,,澳门威尼斯人度假区好评
fcy911,5分,超棒,景色5,趣味5,性价比5,农历虎年到了，澳门这里97%为汉族，大家尤其看重农历春节。来澳门感受年味，进行一段美妙的旅程，推荐大家来威尼斯人度假村的四季名店和威尼斯人购物中心，这里年味很足、人气颇旺，可以逛吃逛吃，感受度假区及各个店铺的喜庆氛围，年味满满。,,,,,,澳门威尼斯人度假区好评
Raul888,5分,超棒,景色5,趣味5,性价比5,来澳门自然不能错过胱星的威尼斯人度假村，吃喝玩乐一应俱全，可以在里面玩上一整天都不够。大运河购物中心还有里面的贡多拉游船体验也是网红的打卡圣地了。带小朋友来的话还有Q立方儿童乐园可以玩一下。大运河边上的美食广场里面吃的东西都非常的赞。,,,,,,澳门威尼斯人度假区好评
vivienvivien,5分,超棒,景色5,趣味5,性价比5,澳门威尼斯人是世界知名的综合度假酒店，更被誉为“全球最佳奢华度假区”。拥有3000间豪华酒店套房，超过350家国际名店，以及评选为米其林星级美食餐厅的皇雀印度餐厅，而独具特色的街头表演更是令人惊叹不已，当然还有不容错过的贡多拉之旅，泛舟运河感受威尼斯的浪漫风情。,,,,,,澳门威尼斯人度假区好评
fcy911,5分,超棒,景色5,趣味5,性价比5,澳门的威尼斯人综合度假区是个较完备的综合度假区，这里设施齐全，有好几家档次较高的酒店，还有金光综艺馆――澳门最大的演艺场馆，还有小剧场。另外还有知名的大运河购物中心，这里许多经典品牌购物，可能也是澳门品牌最多的购物场包，服饰鞋包、珠宝首饰、美妆护肤、运动户外各种门类都有。另外这里还有多家美食店铺值得你去品尝。这里购买手信也很方便，钜记、咀香园、葡式蛋挞等等在此都可以买到，总之是很方便的。,,,,,,澳门威尼斯人度假区好评
拾光微尘里,5分,超棒,景色5,趣味5,性价比5,真是超棒的。从机场坐酒店大巴直达酒店门口，非常方便，酒店门口也有公交车站。富丽堂皇的公共区域。这次住的是奢华贝丽套房，说有70多平，感觉真的很大，卫生间盥洗室就很大。房间环境很好，窗外视野开阔。还有个关键是住在这里，就是在度假村内，逛街非常方便，逛到打烊，东西买多了走累了还可以随时回房间休息。,,,,,,澳门威尼斯人度假区好评
fcy911,5分,超棒,景色5,趣味5,性价比5,胱械和尼斯人酒店的大运河购物中心不错的。该购物中心位于威尼斯人度假村酒店二层。这里有著名的威尼斯人造运河和天空，商场内蓝色天顶上流动着白云，还可以乘坐贡多拉船！河边聚集各类名品店铺，是澳门货品最齐全的免税购物区之一；这里还有各种美食。走在欧式风格的建筑拱桥上，让人感觉身在威尼斯。,,,,,,澳门威尼斯人度假区好评
爱吃美食的小狮子,5分,超棒,景色5,趣味5,性价比5,威尼斯人正门进去的这个金碧辉煌的走廊可是很有辨识度的，来澳门的游客必到的集中打卡地点。最近有个展览看着还挺漂亮，大厅的这服饰看着华贵高雅大气！和这个金饰的大厅相呼应。不少游客在这驻足观赏。不得不说，威尼斯人在这些酒店当中做的是很成功的，吸引了大多的来澳客流量。,,,,,,澳门威尼斯人度假区好评
XY_Shirley,4分,满意,景色4,趣味4,性价比4,"这是第N次入住澳门威尼斯人度假村酒店？
感觉已经无数次了
澳门市区首选澳门永利酒店
胱惺籽⊥尼斯人度假村酒店
酒店套房房间和卫生间超级大
温水泳池冬天里都很舒服
不止是性价比高
购物超方便
威尼斯人购物中心、四季名品店
用连廊连通了金沙广场和巴黎人酒店
像最近恼人的下雨天
出行不用户外
吃吃逛逛一网打尽
更有很多米其林餐厅在附近
娱乐场也是人气最旺
唯一就是周末节假日人超级多
旅行团什么都来了",,,,,,澳门威尼斯人度假区好评
孤城旧梦伊人,5分,超棒,景色5,趣味5,性价比5,我们一直在旅行，一直在等待某个人可以成为我们旅途的伴侣，陪我们走过一段别人无法替代的记忆。在那里，有我们特有的记忆，亲情之忆、友谊之花、爱情之树、以及遗憾之泪！去了不同的地方，看了不同的风景，知道了不同的事，感悟了不同的人生。 凌晨，随着滑轮接触地面，飞机一阵抖动，我终于说出了最后一句再见。,,,,,,澳门威尼斯人度假区好评
独步悠然311,5分,超棒,景色5,趣味5,性价比5,"去澳门一定要去威尼斯人-度假村酒店，
这不单纯是个酒店，
它可是澳门较大的威尼斯人渡假村，总面积超过一百万平方尺，汇集了超过350间国际名店，为您提供顶级时装、珠宝、饰物、礼品、服务、餐厅及运动用品。尽兴购物之余，更有独具特色的街头表演，让您尽情体验购物和休闲乐趣。

【澳门威尼斯人度假村-酒店】
地址：望德圣母湾大马路，路虢鸸獯蟮",,,,,,澳门威尼斯人度假区好评
fly_me_to_the_moon,5分,超棒,景色5,趣味5,性价比5,"Day4??&amp;Day5?? in Macau
美食：利苑??老记海鲜??小岛葡国菜
购物：银河??官也街??大运河（T广场实在去不动了我的积分啊）
澳门日日夜夜吃不够玩不够买不够赌不够…谁说澳门很小没有玩头的啊？",,,,,,澳门威尼斯人度假区好评
M19****954,5分,超棒,景色5,趣味5,性价比5,酒店配套设施特别好~环境业不错就是大堂和个别地方真的太香了有点难受，喜欢铁塔，风景不错~尤其是晚上~钜记手信有好吃的~演唱会内场安保小哥哥态度特别好~酒店内送餐服务特别好~推荐果盘小贵但是特别好吃~各种大牌店化妆品什么的相对便宜~,,,,,,澳门威尼斯人度假区好评
我行我素我自由,5分,超棒,,,,值得一去的地方，这座城市不大，但是很吸引人，宾馆住着也很舒服，这里的小吃很特别。长想买各种奢侈品得朋友是不错的选择，也聚集了全国各地的盆友！,,,,,,澳门威尼斯人度假区好评
htlpipi,5分,超棒,景色5,趣味5,性价比5,沿着室内的“小河”漫步，两岸是一间接一间的商店，河上不时有小船贡多拉驶过，屋顶是彩绘的蓝天白云，每隔一小段距离就有小桥可以过到河对岸。河边的小广场有表演……逛累了可以停下来欣赏一下文艺表演或看看两岸来来往往的人流。还可以到附近的美食广场去品尝当地的特色小吃,,,,,,澳门威尼斯人度假区好评
深夜食堂哥,5分,超棒,景色5,趣味5,性价比5,"胱锌驮寺胪罚免费大巴直达威尼斯人酒店，甚是方便。
大家对于这个酒店的豪华不用多说，图片说明一切，进入大堂，所有人被眼前的金碧辉煌而震撼到了，整个大堂一片金黄色，欧式皇家豪华建筑风格，引得众人在此留影留念。",,,,,,澳门威尼斯人度假区好评
小蜜桃爸爸爱遛娃,5分,超棒,景色5,趣味5,性价比5,澳门威尼斯人度假村是一个集酒吧、餐饮、购物、住宿、娱乐为一体的度假村，威尼斯人度假村位于澳门离岛胱薪鸸獯蟮溃基本每个酒店都有到威尼斯人度假村的班车，班车的发车速度很快，可见威尼斯人度假村每天要接纳多少游客。威尼斯人度假村内比较有名的大运河购物中心建造的很梦幻，虽然是室内的，但是它的顶部装饰成蓝天白云。贡多拉游船也是威尼斯人度假村里一个人气比较高的游乐项目，船夫还会在游船的时候唱歌，颇具特色。,,,,,,澳门威尼斯人度假区好评
享旅世界,5分,超棒,景色5,趣味5,性价比5,在澳门的离岛胱械荷希有一家非常著名的现代化豪华度假村，即威尼斯人度假村。不管住不住在这个度假村里，几乎所有的游客，都会到威尼斯人度假村逛一逛。其中度假村附设大型娱乐中心的大门外，有一个规模宏大的架空中庭，金碧辉煌，金光闪闪。,,,,,,澳门威尼斯人度假区好评
大鼠小龙小小马,5分,超棒,景色5,趣味5,性价比5,亚洲最大，世界第二大的酒店。酒店内设有剧院，商业中心。中心地带有条人工运河，设有人造天幕，是以意大利水城威尼斯为蓝本建造，甚至请了威尼斯人过来在人造运河里摆渡。整座酒店内设奢华无比，服务也是一流的。,,,,,,澳门威尼斯人度假区好评
伦敦小王子,4分,满意,景色4,趣味4,性价比4,澳门威尼斯人是澳门众多大度假村的其中一个，它和拉斯维加的威尼斯人酒店是同一个老板，既然说了是威尼斯人度假村，它的设计就是一个小型的意大利威尼斯城，里面还有人工运河，真是鬼斧神工。,,,,,,澳门威尼斯人度假区好评
善了哉的,5分,超棒,景色5,趣味5,性价比5,澳门威尼斯人度假村，算是澳门老资格的商业体了，置身其中真的仿佛恍惚间穿越到了意大利水城，购物、娱乐、逛吃，都是极好的选择，如果有兴致还可以运河泛舟，走马观花似乎有些对不起它啊！,,,,,,澳门威尼斯人度假区好评
军爷,5分,超棒,景色5,趣味5,性价比5,在以威尼斯为主题的大运河购物中心，乘坐手工精巧，别具威尼斯特色的贡多拉船泛舟于圣路卡运河、马克孛罗运河及大运河上，美女船夫唱着优雅美妙的歌曲，浪漫地在运河上航行，别有一番情趣。,,,,,,澳门威尼斯人度假区好评
弹指挥间1,5分,超棒,景色5,趣味5,性价比5,因为澳门本来就不是很大，所有能去的地方都会要去看看，可能是因为慕名而来的人多吧。我们去那天就连吃饭都找不到座位，所有很影响心情。不过也算是来过了，以后去澳门都不会再去威尼斯了！,,,,,,澳门威尼斯人度假区好评
Sarah Hs,5分,超棒,景色5,趣味5,性价比5,澳T威尼斯人度假村是大型室榷燃亠店，有各N展演d，觯物中心、d，有\河^，νK有免M接g巴士，是短期度假的好去。,,,,,,澳门威尼斯人度假区好评
小菊花108,4分,满意,景色4,趣味4,性价比4,走过拱北就有很多的免费车，一定要问清楚在排队，队伍虽然很长，但花不了好多时间的，车很多的。我是早上10点左右到的，太早了，里面绝大多数商店都没开门，威尼斯小船也没开始运营。,,,,,,澳门威尼斯人度假区好评
提琴G大调,4分,满意,景色4,趣味4,性价比4,偌大的天幕覆盖，营造出以假乱真的云彩和天空，火红色的贡多拉船摇摆在蔚蓝的运河上，耳边传来的是清脆的歌谣宛如置身童话般的威尼斯的,,,,,,澳门威尼斯人度假区好评
闲看庭前花开花落sunny,5分,超棒,景色5,趣味5,性价比5,很好玩儿的地方，酒店奢华，集吃喝玩乐购物于一体，地方虽然不大，也能逛上两天。走的携程的自由行，住在威尼斯人这边，性价比很高，不过这边吃饭挺贵的，随便一碗面要50多块。,,,,,,澳门威尼斯人度假区好评
202****768,5分,超棒,景色5,趣味5,性价比5,非常值得去，亮点特别多，体验感极强，特别是唱歌表演非常好听！非常值得去，亮点特别多，体验感极强，特别是唱歌表演真的非常好听！,,,,,,澳门威尼斯人度假区好评
202****768,5分,超棒,景色5,趣味5,性价比5,非常值得去，亮点特别多，体验感极强，特别是唱歌表演非常好听！非常值得去，亮点特别多，体验感极强，特别是唱歌表演真的非常好听！,,,,,,澳门威尼斯人度假区好评
philipzk,5分,超棒,景色5,趣味5,性价比5,澳门威尼斯人度假村位于澳门胱校是金沙国际度假区的一部分，由大型购物中心、五星级酒店组成。复制了美国拉斯维加斯的威尼斯人，是澳门标志性建筑之一。,,,,,,澳门威尼斯人度假区好评
xsy888,5分,超棒,景色5,趣味5,性价比5,澳门著名的观光景点，免费的，几乎所有去澳门的都会去观览一下，真的是非常大，在里面都没办法分清白天黑夜了，吃喝玩乐什么都有，有钱可以一直不出门,,,,,,澳门威尼斯人度假区好评
乖乖女鼠阿囡,4分,满意,景色3,趣味3,性价比3,"不到威尼斯人澳门也算白来了吧！！！
所到之处当属最热闹景点之一吧……
豪气、派头、金壁生辉、身临其境逛了再逛，纸醉金迷，久久不愿离去……
建筑风很欧式很宫廷......人来人往、人山人海
点上一壶下午茶，咬上一口甜香酥脆的蛋挞，听着贡多拉上船夫高歌，悠闲慢生活细细品来",,,,,,澳门威尼斯人度假区好评
_WeCh****929853,5分,超棒,景色4,趣味4,性价比4,去澳门必打卡地方，一定要尝鲜的贡多拉船。威尼斯人和巴黎人还有四季名店是连在一起的里面非常大，我真的要迷路了！如果要买奢侈品推荐四季名店牌子全，款式新，如果想买化妆品推荐去威尼斯人的雅丽免税店里面大部分的商品打8.5折真的很便宜，Gucci香水600多Dior口红250！,,,,,,澳门威尼斯人度假区好评
爱吃美食的小狮子,4分,满意,景色4,趣味4,性价比4,感觉威尼斯人度假村酒店商业模式做的是最好的。不紧有中场最大的环境，酒店里面和奢饰品的四季名店相连。大运河购物广场也有内地游客喜欢的大众品牌。季末年末总会有打折促销，澳门人也会一家子来这边逛逛买些东西。所以基本迎合了大部分来澳门的游客本地人的购物用餐需求。夜晚酒店的灯光也很漂亮啊！,,,,,,澳门威尼斯人度假区好评
ROSE-VIOLET,5分,超棒,景色5,趣味5,性价比5,"澳门威尼斯人是知名的综合度假村，拥有豪华的酒店套房，精彩的娱乐表演和时尚购物中心。
澳门机场停车场有多部发财车等着迎接宾客，特别壮观友善，车上有WIFI,直接接到酒店门口，十分方便。酒店虽然有点年头了，风采依旧，不错",,,,,,澳门威尼斯人度假区好评
暮雪sy,5分,超棒,景色5,趣味5,性价比5,"澳门威尼斯人度假村是一个休闲度假的好去处。
虽位于威尼斯人酒店所在的大楼里，这里的每一处装潢都达到了以假乱真的效果，畅游其中，但觉身处蓝天白云之下，不时有晓风徐来，贡多拉在运河上缓缓穿行，船夫一边摇橹一边深情地高歌一曲，跟在威尼斯看到的景象丝毫不差，却不必产生日晒雨淋之忧，实在是绝妙的设计！
运河两岸服装鞋帽等各类商店和餐馆林立，逛累了饿了可以随便找一家喜欢的餐厅（意大利、东南亚、日本、韩国、川、湘、粤等各地美食数不胜数）坐下，在愉快的氛围里享用美食，还是十分惬意的……",,,,,,澳门威尼斯人度假区好评
第二号爱人,5分,超棒,景色5,趣味5,性价比5,"在威尼斯人购物广场里面有这样的一片天空，永远24小时都是蓝天白云，灯光永远是维持在晚上六七点钟的威尼斯广场，很高的还原了威尼斯的街道。
人造天空还是做的蛮不错的，虽然说现在看起来逼真程度已经没有刚开始的时候那么大，但是，每一次在里面购物，还是觉得比较的有意思，配合到这边贡多拉船的唱歌船夫，其实氛围还真的是做的蛮不错了。",,,,,,澳门威尼斯人度假区好评
用脚下的路丈量这个世界,5分,超棒,景色5,趣味5,性价比5,横琴口岸需要乘坐摆渡车到我们路氡呒煺荆需要六元。过了路氡呒煺居忻夥寻诙沙档酵尼斯。其实如果年轻人走走就到了，只有一公里多，沿途还能拍拍照片，但是带着老人和孩子还是乖乖坐车。威尼斯的人也是很多，推着走,,,,,,澳门威尼斯人度假区好评
M515shunyi1618,4分,满意,景色4,趣味4,性价比4,澳门威尼斯人度假村是澳门数一数二的度假胜地，吃住，买，玩休闲在这都能找得到，外面雄伟里面也很富丽堂皇，24小时人造天花板和营造的意大利威尼斯水城的感觉很有创意。,,,,,,澳门威尼斯人度假区好评
M36****5512,5分,超棒,景色5,趣味5,性价比5,初次到威尼斯人酒店，真的有点惊喜。先说设计：酒店外观虽然没有什么奇异之处，乍一看就是一栋比较大型的酒店式建筑，略带欧范儿，倒也没啥稀奇。进去才发现别有洞天。非常美丽，值得一去！,,,,,,澳门威尼斯人度假区好评
樱桃karen,5分,超棒,景色4,趣味5,性价比5,我觉得威尼斯的新装修又时尚又好看，房间很大宽敞。在里面待几天都不需要出去。什么都有。纸醉金迷的。住了威尼斯这性价比高的房间其他酒店都不想住了，下次还定威尼斯,,,,,,澳门威尼斯人度假区好评
quicktiger,5分,超棒,景色5,趣味5,性价比5,大，特别大，去了这个城市，才知道自己的秒票太少了，需要努力工作，积累更多财富，也许一夜归零，也许一把掷下去从此改变镶中羞涩的你的人生。,,,,,,澳门威尼斯人度假区好评
兰兔子2015,5分,超棒,景色5,趣味5,性价比5,澳门是聪葡萄牙统治下回归到祖国的怀抱的，比起香港，澳门没有那样强势，所以比较好融通，与大陆人好相处，也是一个旅游资源珍惜的地方。,,,,,,澳门威尼斯人度假区好评
剑走偏锋,5分,超棒,景色5,趣味5,性价比5,第一次老婆孩子来澳门，特意带她们来威尼斯人坐游船。抬头是室内人造的蓝天白云，效果很震撼。划船的大叔，喝唱的也好，而且非常热情。,,,,,,澳门威尼斯人度假区好评
_WeCh****771879,5分,超棒,景色5,趣味4,性价比5,维威尼斯值得去的理由是：购物逛街饿了可以在里面吃，累了可以在里面小堵一哈！也可以在河里乘船边享受着船员的歌声！那歌声真的很美妙，缓解了你的劳累！,,,,,,澳门威尼斯人度假区好评
大海金国,5分,超棒,景色5,趣味5,性价比5,如果有C淼桨拈T，一定不能缺少到威尼斯人度假村，C觯Pl「拱北」，港澳a^都有免M巴士接送服眨到了威尼斯人，可以I略L格，W洲L情，大型展都在@ee行，各N的物天堂。,,,,,,澳门威尼斯人度假区好评
果果和二弟,5分,超棒,景色5,趣味5,性价比5,就在金沙对面，有长廊可以会直接走过去。在这里逛可以忘了时间，不知道外面什么季节，是黑天白天。购物，美食，贡多拉，待一天都不会闷。不算是奢侈品，有很多大众牌子，但设计感很好，值得购买。,,,,,,澳门威尼斯人度假区好评
把剑长歌,5分,超棒,景色5,趣味5,性价比5,"最喜欢他家的天幕，云影飘动。
室内的水道设计也不错吧，可以划刚朵拉～
如今看，度假村不算太大，花个半天就够。
可以买到好玩的工艺品，加个中规中矩。
要是逛累了，可以找家咖啡厅歇歇脚～
总而言之，还是蛮喜欢威尼斯人的。",,,,,,澳门威尼斯人度假区好评
annjoyxu,5分,超棒,景色5,,,国庆节去的。换票点就在排队处的纪念品商店很方便。只是节日去换票就要排半小时，然后坐船又要排一个半小时。有不少人都选择直接现场原价买免排队的vip票(但是只能现买，不能用网上预定的票加钱补)好在我们是自由行，时间很充裕。排队两小时，但坐船的二十分钟还是完全值得的。因为葡异国的小姐姐会全程为我们唱歌，她为我们唱了两首歌，其中一首是Moon river，伴着歌声坐在船上看蓝天的穹顶，四周的如欧洲小城的街道，穿过廊桥，岸边的人，迎面的船和歌声，真的有十年修得同船渡，以及置身于威尼斯的梦幻感。这就是我梦里的运河。,,,,,,澳门威尼斯人度假区好评
M36****3734,5分,超棒,景色5,趣味5,性价比5,酒店以威尼斯水乡为主题，酒店范围内是充满威尼斯特色拱桥、小运河及石板路。由于澳门威尼斯人度假村酒店的概念是源于拉斯维加斯威尼斯人度假村酒店，因此一直被视为后者的复制版。值得一去！,,,,,,澳门威尼斯人度假区好评
诗道芬-因-布赖施高不花帖木儿,5分,超棒,景色5,趣味5,性价比5,蓝天白云真的太好了，简直是乐不思蜀啊！商品琳琅满目，都是精品，大运河的效果真的是神来之笔，真的像在异国他乡逛街吃饭(*^^)/★*☆！！,,,,,,澳门威尼斯人度假区好评
xsy888,5分,超棒,景色5,趣味5,性价比5,"性价比没得说，免费入场的
趣味性也可以，堵堵手气，看看人家怎么堵的，什么叫一掷千金
景色就是一个全人造的内景，金海辉煌
看了才知道房子里可以跑船
有钱有闲可以玩几天",,,,,,澳门威尼斯人度假区好评
至尊宝1982,5分,超棒,景色5,趣味5,性价比4,打卡圣地，富丽堂皇，人群熙熙攘攘。这里大部分都是内地的观光客。可能也不乏土豪赌客。三楼的大运河的人造天空不错，建议拍照留念。带孩子的可以做做贡多拉的小船游览一番，模拟感受一下意大利威尼斯水城的意境,,,,,,澳门威尼斯人度假区好评
山不就我我就山,5分,超棒,景色5,趣味5,性价比5,两套连住两晚没住够，游泳池也没打卡，酒店免费升级皇室奢华套房，目前为止住过最好的就是它了，没有之一。购物餐饮超齐全，没时间去市区都不后悔,,,,,,澳门威尼斯人度假区好评
徐霞客之旅,5分,超棒,景色5,趣味5,性价比5,澳门威尼斯人度假村是中国人去澳门玩最喜欢住的酒店，豪华套房、主题购物中心、高级餐厅、表演厅、运动场，以及亚洲其中一个最大的会议展览中心等,,,,,,澳门威尼斯人度假区好评
138****1090,5分,超棒,景色5,趣味5,性价比5,威尼斯人酒店大运河太出名了，贡多拉游船是在携程旅行网上购买的，非常快速且方便！当天到了威尼斯人就去兑票乘坐上贡多拉游船了，听听帅哥唱歌拍拍美照，轻松愉快的体验，氛围感非常棒！,,,,,,澳门威尼斯人度假区好评
Newflyyy,5分,超棒,景色5,趣味5,性价比5,澳门的9威尼斯人酒店开业非常久了，还是游客很多！这里是休闲购物，娱乐，酒店为一体的大型综合体！吃喝玩乐，感受威尼斯人度假村的丰富多彩！,,,,,,澳门威尼斯人度假区好评
蓝莓奶油冻,4分,满意,景色4,趣味4,性价比4,澳门威尼斯人酒店三楼美食街很多小店铺做的味道还不错，准备这两天都呆在里面随便吃，毛血旺、泡椒牛肉都很好，逛街顺便在老街上的电影院门口吃了鸡丝翅，像酸辣汤。,,,,,,澳门威尼斯人度假区好评
周游列国,5分,超棒,景色5,趣味5,性价比5,澳门威尼斯度假村是澳门非常有名的国际酒店和渡假村，这里修建了曲折的水道，就象水城威尼斯一样，酒店内部装饰奢华，金碧辉煌，令人目不暇接。,,,,,,澳门威尼斯人度假区好评
山河如此美丽,5分,超棒,景色5,趣味5,性价比5,挺大的一个购物中心，吃喝玩乐应有尽有。最最惊讶的是人造的天空如真的一样，蓝天白云，搭配上灯火辉煌的店面，尽显奢华。特别喜欢荡漾在水中的船只和船夫们高唱的意大利歌剧，很美妙！,,,,,,澳门威尼斯人度假区好评
134****9758,5分,超棒,景色5,趣味5,性价比5,每次去澳门必打卡的威尼斯人度假村，里面货品玲琅满目，基本买啥都是8折，吃的东西都比较贵，但是强推安德鲁蛋挞，每次必买，冒着胆固醇增高的危险也要吃两盒。,,,,,,澳门威尼斯人度假区好评
Raul888,5分,超棒,景色5,趣味5,性价比5,"这家LUSH手工店就在威尼斯人三楼的大运河购物中心，还是挺好找的，走到门口就闻到了阵阵芳香。
       摆放的各种香皂都很好看，还有造型非常漂亮的泡澡浴球，就算不买，光看看也挺养眼。",,,,,,澳门威尼斯人度假区好评
sky_yaya,5分,超棒,景色5,趣味5,性价比4,坐船游的时候听到意大利歌曲很好听！厨师的表演也很有意思！小朋友很喜欢看。原只打算呆一下即离开的，结果三点到七点多，一下午都在此了。,,,,,,澳门威尼斯人度假区好评
M37****5265,5分,超棒,景色5,趣味5,性价比5,在珠海也可以直接搭乘过境巴士直达横琴口岸，再经边检站，出关搭乘威尼斯人的免费穿梭巴士。湛蓝的运河、别致的贡多拉船、放声高歌的外国船夫，给这个人造运河增添了不少异域风情。,,,,,,澳门威尼斯人度假区好评
神的孩子游世界,4分,满意,景色4,趣味4,性价比4,澳门的威尼斯人度假村可以说是我每次去澳门必定报到的地方，尤其是喜欢威尼斯人里面的人工运河，配合头顶的天空布景，简直是感觉就是身在真实的意大利威尼斯，那感觉真是特别的棒。,,,,,,澳门威尼斯人度假区好评
cici的世界,5分,超棒,景色5,趣味5,性价比5,酒店以威尼斯水乡为主题，酒店范围内是充满威尼斯特色拱桥、小运河及石板路。由于澳门威尼斯人度假村酒店的概念是源于拉斯维加斯威尼斯人度假村酒店，因此一直被视为后者的复制版。,,,,,,澳门威尼斯人度假区好评
天秤座的花蕾20,5分,超棒,景色5,趣味5,性价比5,澳门威尼斯，游客最多的地方，世界第一大度假村，总是游人如织，吃的东西很多，也不是很贵，还有是个北方人吃饭的北方面馆，赤龙面馆，作为一个北方人，让我吃的可口，玩的顺心。,,,,,,澳门威尼斯人度假区好评
卖牛奶的猪,5分,超棒,景色5,趣味5,性价比5,澳门威尼斯人这边虽然是比较老的了，不过来这边的人还是非常的多的。而且恰巧遇上了圣诞节，度假区这边有灯光秀，非常好看！当时还不知道有灯光秀，突然间的发声差点吓着我了！,,,,,,澳门威尼斯人度假区好评
_WeCh****69146,5分,超棒,景色5,趣味5,性价比4,"新升级的房间感觉时尚感强，光线也亮了很多。
每次来必去3楼大运河走上几圈，根据不同消费水平，总能买到你想要的东西，来了就对了。",,,,,,澳门威尼斯人度假区好评
世界第三帅,4分,满意,景色4,趣味4,性价比4,威尼斯人度假村在我看来是澳门最具艺术气息的度假村，它里面的设计就是现实迷你版的威尼斯水镇，天空一样的布景，人工的室内运河，充满了对视觉的冲击。,,,,,,澳门威尼斯人度假区好评
蓝天白云 V,4分,满意,景色5,趣味4,性价比3,白天的威尼斯人看上去金碧辉煌，华丽精美，夜晚的威尼斯人度假村在高大宏伟的巴黎铁塔璀璨灯光衬托下非常漂亮，澳门旅游必须要去参观和体验一下，匠心独运的设计，无论外观和内部都彰显豪华典雅。,,,,,,澳门威尼斯人度假区好评
hi绿野仙踪,5分,超棒,景色5,趣味5,性价比5,澳门众多酒店中，你们最想去哪一家？如果是我，一定会选择威尼斯人度假村作为首选。这是我第二次来威尼斯人度假村，上一次错过的壁画，这次要补上，既然来了也不会错过二刷圣马可广场的人造天空。,,,,,,澳门威尼斯人度假区好评
fing****ntmxy,5分,超棒,景色5,趣味5,性价比5,据说是仿照威尼斯下午四五点黄昏时候的场景所建造，有唱歌的渔夫给大家撑船，走在两边的精品店，还是有不少东西可以逛吃还有买的。,,,,,,澳门威尼斯人度假区好评
世界第三帅,4分,满意,景色4,趣味4,性价比4,威尼斯人度假村是我每次去澳门都会去的一个地方，每次到威尼斯人度假村都被它里面的天空布景和人工运河深深吸引，就好像仿佛就是身在真实的威尼斯小镇。,,,,,,澳门威尼斯人度假区好评
皎婕,4分,满意,,,,"The Venetian Macao 澳门威尼斯人

地址：
望德圣母湾大马路s/n号

推荐理由：
在室内建造一整条运河，会有船夫驾驶贡多拉载运游客们，整体的装潢非常华丽，色彩缤纷的房屋，亮起的路灯，完美复制了威尼斯的特色，有机会一定要来体验??",,,,,,澳门威尼斯人度假区好评
Moonlover,5分,超棒,,,,"澳门威尼斯人是一个令人惊叹的地方。你感觉你真的在威尼斯。乘船或只是在附近的咖啡馆喝咖啡,会丰富你的体验。",,,,,,澳门威尼斯人度假区好评
156****3556,3分,不错,景色2,趣味2,性价比2,澳门旅游局和携程做的活动房价五折，600多住威尼斯人含早餐和免费登巴黎铁塔，可能是建的比较早，房间老旧体验度不高，办理入住时因为朋友被推荐办理金沙会员卡导致证件没有及时交换给我们，后续电话通知我们去取，朋友问是否可以送到客房回答是不行，因为里面四面联通又大，于是我们蜿蜒曲折的找了很久才找到。坐电梯上到入住楼层，走廊感觉很窄很压抑，类似密道的感觉，房间面积够用，但是备品少的可怜，纸抽只给了一盒很不方便，衣柜门开关声音特别大，稍不留神就吓一跳。房间灯光特别暗，还不能调节明暗度，床头的插座也不好用，总之就是除了面积其他都没有太多可被称道的。房间含的早餐也一般，人特别多，乱哄哄，食物也都一般，现切的火腿特别不好吃，只记得菠萝还不错，很甜。购物很方便。,,,,,,澳门威尼斯人度假区好评
CD云上,4分,满意,景色4,趣味4,性价比4,2021旅行第二弹～中国澳门。特意从半岛的葡京做公交车过来，6mop 一人。威尼斯人门口就有公交车站，交通特别方便。整个商场很大，餐饮，百货，娱乐，酒店一应俱全，三层的大运河完全模仿的意大利威尼斯的风格，漫步在这里有种晃眼意大利的感觉。,,,,,,澳门威尼斯人度假区好评
新-云,5分,超棒,景色5,趣味5,性价比3,这里吃喝玩乐品种丰富，应有尽有。有酒店可供游客居住，有大运河购物中心，装修的和威尼斯街头十分相似，还有一条运河可供游人坐船游览，置身其中仿佛就走在威尼斯街头，各类商品可供游客买买买。逛累了，买累了，还有大食代，全世界各地的美食在这里供游客选择。,,,,,,澳门威尼斯人度假区好评
导演您说我躺哪,5分,超棒,景色5,趣味5,性价比5,是跟朋友一起从香港一起来澳门玩两天，原来就听说过这里，总感觉别人拍的照片为什么那么好看呢，为什么天那么蓝，去了才知道，原来里面的棚顶就是天空，所以在这里拍照真的很好看，有流水，有船，可以购物，可以吃喝，想乘坐船的价格比较贵，虽然澳门很小，但是却是很好玩。,,,,,,澳门威尼斯人度假区好评
无语的风16,5分,超棒,景色5,趣味5,性价比5,"澳门。威尼斯人度假村：威尼斯大运河购物中心是澳门最大型的室内购物中心，位于威尼斯人度假村第三楼层，面积达968,000平方眨云集超过350家购物商户、数十家食店和3条各长390盏脑撕印Ｕ个购物中心被一幅偌大的天幕覆盖，天幕可配合电脑控制的灯光效果，营造出晨昏日出日落的云彩和天色，配合特色街道、运河、157盏睦镅翘厍牛环境典雅瑰丽，令旅客仿如置身昔日威尼斯的街道。",,,,,,澳门威尼斯人度假区好评
系统错误提示,4分,满意,景色4,趣味4,性价比4,澳门威尼斯人度假村，终于可以来一次泡酒店之旅了，这里酒店里面房间基本上都是套房，很适合亲子游，床都很大的，三楼还有大运河购物中心，真的就像来到了威尼斯一样，真的有运河，还有好多店铺可以逛，这里的美食广场也特别多好吃的,,,,,,澳门威尼斯人度假区好评
whoisangel,5分,超棒,景色5,趣味5,性价比5,这个酒店在澳门的知名度，真的是如日中天呀。酒店里面有很多这些表演还能坐船。开酒店的门口能够看到一个仿制巴黎铁塔的建筑。让人感觉错觉跑到了巴黎。虽然这个酒店的房价绝对不便宜，但是物有所值还是特别值得去那里住一晚的。,,,,,,澳门威尼斯人度假区好评
fcy911,5分,超棒,景色5,趣味5,性价比5,如果去澳门，非常推荐胱械和尼斯人酒店的大运河购物中心。该购物中心位于威尼斯人度假村酒店二层。这里有著名的威尼斯人造运河和天空，商场内蓝色天顶上流动着白云，还可以乘坐贡多拉船！河边聚集各类名品店铺，是澳门货品最齐全的免税购物区之一；这里还有各种美食。走在欧式风格的建筑拱桥上，让人感觉身在威尼斯。,,,,,,澳门威尼斯人度假区好评
gqistx,4分,满意,景色4,趣味4,性价比4,威尼斯人度假酒店集酒吧、饮食、购物、住宿、娱乐于一体的度假村，这里大得足以容纳90架波音747客机，奢侈品一应区全。威尼斯人里面最著名的就应该是仿真天空，真的可以去游玩一下~除了假天空，二楼最具特色的还有大运河，湖水清澈见底，天空和真的一样，还可以体验一把贡多拉船。（PS网上订票更便宜！）,,,,,,澳门威尼斯人度假区好评
俺村我最俊,5分,超棒,景色5,趣味5,性价比5,威尼斯人度假村超级大，花两个小时都逛不完。这里是娱乐的天堂也是购物的天堂，除此之外这里设计的人造天空也是一大看点，在这里你会发现抬头就是蓝天白云，然后旁边还有一条河，与水上之城威尼斯一样。这里也可以乘舟游玩，体验一下水上之城的魅力。 对于一座酒店而言，惊讶于其宫殿一般的建筑设计。&#160;从大门口看整座建筑，宛如一座宫殿。进入之后，就会发现其建造之奢华，处处金碧辉煌。&#160;很喜欢这种带有欧式风格的建筑，从柱子到壁画，真的像置身于欧洲的城市之中。这种文化的熏陶使得这里变得很不一样。&#160; &#160;我喜欢置身于这样的环境里，并不是因为看上去很奢华。而是，这些建筑看上去给人一种很震撼的触动，会让人一眼就联想到文化层面的东西，是一种积极向上的思考。,,,,,,澳门威尼斯人度假区好评
_cft01****3037355,3分,不错,景色4,趣味4,性价比5,一家把酒店做成常规打卡景点的地方，最有名的就是威尼斯河和蓝蓝的天空，但也许是建的比较早，天空做的太假，日本有家商场也是模拟天空，但是比这逼真，是用LED屏做的，云和天都会动。可以去打卡，但我不会再去了，景一般，游人太多，多到吓人。,,,,,,澳门威尼斯人度假区好评
很久很久很久以前,5分,超棒,景色5,趣味5,性价比5,它集酒店、会展、购物、体育、综艺及休闲设施于一体的综合性场所，特别漂亮，有非常多的品牌，不过消费挺高的，仿佛来到童话世界里 真的很美，吃喝玩乐 什么都有，酒店是五星级的，全部都是套房设计，房间和床都非常大。,,,,,,澳门威尼斯人度假区好评
M28****2826,5分,超棒,景色5,,,在威尼斯人酒店的三楼。在富有威尼斯特色的贡多拉上，听身穿黑白条T恤、带着红色领巾的船夫一边划船，一边唱着《桑塔露琪亚》，用生硬的中文与你热情的交谈，又惬意又开心。水道两岸是商铺，还有著名的安德鲁饼店，蛋挞超级好吃。,,,,,,澳门威尼斯人度假区好评
130****6666,3分,不错,景色4,趣味3,性价比3,澳门（葡语Macau、英语Macao），简称“澳”，全称中华人民共和国澳门特别行政区，位于中国大陆东南沿海，地处珠江三角洲的西岸，北邻广东省珠海市，西与珠海市的湾仔和横琴对望，东与香港隔海相望，相距60公里，南临中国南海。由澳门半岛和胱小⒙坊贩〉鹤槌桑陆地面积32.8平方公里，总人口65.6万（截至2018年3月）。,,,,,,澳门威尼斯人度假区好评
包子0v0,4分,满意,景色4,趣味5,性价比4,"威尼斯人几乎是必打卡的酒店了，这里除了有非常多的住宿可选，大运河购物中心更是不光旅行团爱去，自由行的旅行者也非常喜爱的一个地方。

虽然蓝天白云都是画出来的，可是还是很巧妙地还原了威尼斯的风情，要是你想更好地游览整个“运河区”，也可以登上贡多拉，听水手唱歌，一边欣赏沿河两边的风光~

爱逛街的女生也绝对不能错过这里，因为近期有汇率优势，基本上运动鞋都是原价的8折、很多牌子也有常年折扣，可以花上半天时间在这儿慢慢逛。",,,,,,澳门威尼斯人度假区好评
hi绿野仙踪,5分,超棒,景色5,趣味5,性价比5,出了拱北口岸马上就去威尼斯人接驳车的地方，这里的排队人数是所有酒店中最多的人数，排队需要半小时以上。原本我只是想坐贡多拉就结束威尼斯人之旅，等到了度假村才发现自己的想法太不现实了，这里金碧辉煌极尽奢华，好吃的好玩的和购物多到眼花缭乱，在这里玩上两天也玩不完。我太爱这里的人造天空和拱桥、贡多拉了，贡多拉游船也玩得很开心。,,,,,,澳门威尼斯人度假区好评
蒲公英,3分,不错,景色3,趣味3,性价比3,来过很多次，第一次入住。房间不错，够大，但发现有一个床单没换…，当然致电后，立即换了。大运河和广场表演已经没有了过去的辉煌…，关键配套一般，泳池不少，太小…，餐饮选择不多，在帝王点心吃了三餐，咸丰里面很黑暗，看了点评不想去…,,,,,,澳门威尼斯人度假区好评
大头儿0204,5分,超棒,景色5,趣味4,性价比4,"非常喜欢这个地方，几乎每次来澳门都要在这里逗留。
威尼斯人的免费车很方便，可以到机场，也有可以到拱北关口的，还可以免费寄存行李。
无论是过来游玩可以出游路过都可以玩一下。

里面还有一个DFS，有些商品还是挺优惠的。

这里面还有钜记饼家等，购物也方便。
不过节假日坐免费巴士的人好多，有时候还要等半个小时才能上车",,,,,,澳门威尼斯人度假区好评
涛声依旧1116,5分,超棒,景色5,,,船是电动的，我们这船长很有趣边弹边唱，但是有一点不好有些强制消费，一上船的时候给你拍照片，下船的时候给打印好了，一百八十八澳元两张照片，还有摆件跟钥匙挂件一起就是388，你不要的话照片就随便人家处理了，别的都比较不错,,,,,,澳门威尼斯人度假区好评
M36****6943,5分,超棒,景色5,趣味5,性价比5,在珠海也可以直接搭乘过境巴士直达横琴口岸，再经边检站，出关搭乘威尼斯人的免费穿梭巴士。游客必打卡地点！14年跟团去过一次！17年自由行又去了一次！没什么变化！,,,,,,澳门威尼斯人度假区好评
CD云上,4分,满意,景色4,趣味4,性价比4,到澳门来，最网红的就应该是威尼斯人度假村了，这边的酒店都很大，威尼斯人就更大了，酒店里面还有贡多拉小船可以坐，好嘛，就假装来了一盘威尼斯嘛,,,,,,澳门威尼斯人度假区好评
M30****4954,5分,超棒,景色5,趣味5,性价比5,也是澳门的必打卡地之一，大运河购物中心也是一大特色，人造天空一眼望去很震撼但不能细看。14年跟团去过一次！17年自由行又去了一次！没什么变化！人还是那么多！,,,,,,澳门威尼斯人度假区好评
诗意情节,5分,超棒,景色5,趣味5,性价比5,这是一个综合的娱乐城 在这里你丝毫感觉不到时间的流逝，这是很可怕的事情，可能不知不觉你就把身上的钱全部赌光了 大人可以赌一把 小孩则可以贡多拉游船 很不错的一个地方,,,,,,澳门威尼斯人度假区好评
清清乐乐果果,5分,超棒,景色5,趣味5,性价比5,到澳门的人有时间的话都会去威尼斯人转转玩玩，里面吃喝玩乐买都有，晚上去的话过一会儿就会忘记时间，所以需要设个闹钟，另外记得穿方便走路的鞋子，否则脚受不了。,,,,,,澳门威尼斯人度假区好评
佛性小猪,5分,超棒,景色5,趣味5,性价比5,很喜欢的一家酒店，很喜欢这家酒店的北翼房间，每次和家人出门必住，楼下的美食广场，各个装柜满足我们吃货和购物狂的心里,,,,,,澳门威尼斯人度假区好评
M36****1863,5分,超棒,景色5,趣味5,性价比5,"澳门威尼斯人是一家度假村酒店，其占地1,050万平方尺，设有3000间豪华套房，以意大利威尼斯水乡以及著名雕像为建筑特色，被誉为“全球最佳奢华度假区”。",,,,,,澳门威尼斯人度假区好评
是啊步啊,5分,超棒,景色5,趣味5,性价比5,购票很方便，在香港通往澳门的船上，定了威尼斯人的船票，40分钟到澳门直接就可以使用了，整个威尼斯人内部的环境美到爆，轮渡去威尼斯人专门的免费大巴，很方便,,,,,,澳门威尼斯人度假区好评
顺其自然…,5分,超棒,景色5,趣味5,性价比5,威尼斯人酒店在澳门属于最有名气的酒店、在拉斯维加斯排行老二！凡来澳门的旅游团队威尼斯人酒店是首选，酒店里设施齐全，吃喝玩乐应有尽有、还有大运河购物中心.,,,,,,澳门威尼斯人度假区好评
胡鲁马累岛王仙芝,5分,超棒,景色5,趣味5,性价比5,该景点区内容丰富和亮丽，游客众多，威尼斯风情浓郁，商品高大上，满足众多消费者的需求，价格实惠亲民去，是众多去消费的人群的首选之地。,,,,,,澳门威尼斯人度假区好评
M30****5232,5分,超棒,景色5,趣味5,性价比5,威尼斯人商业区把威尼斯最特色的河流和贡多拉搬了过来。之所以觉得它是橙色是因为这里聚集了大量品牌商店，里面都像散发着金光一样，辉煌高级。非常喜欢这里。,,,,,,澳门威尼斯人度假区好评
格格巴,4分,满意,景色4,趣味4,性价比4,澳门这个国际化的市场，堪称亚洲的拉斯维加斯，最有代表性的就是胱幸徊嗟男率街名酒店。其中威尼斯人真是出类拔萃，三楼的大运河购物中心，别具一格的去处。,,,,,,澳门威尼斯人度假区好评
138****9280,5分,超棒,景色5,趣味5,性价比5,非常豪华的酒店，好大的人工运河，服务员服务态度都很好，世界级的五星级酒店度假村，购物方便，直接通伦敦人巴黎人，以后还会再来入住,,,,,,澳门威尼斯人度假区好评
M36****3725,5分,超棒,景色5,趣味5,性价比5,澳门威尼斯人听说是世界有名的度假酒店，被誉为“全球最佳奢华度假区”，，辉煌高级。这些商店也经常打折，如果你刚好碰上了打折季，相信你会买到停不下来。,,,,,,澳门威尼斯人度假区好评
神的孩子游世界,4分,满意,景色4,趣味4,性价比4,威尼斯人度假村是我每次来到澳门必要打卡的地方，我特别喜欢威尼斯人的装饰，竟然可以把威尼斯的景色带入酒店之内让你感受到你就在意大利威尼斯，真是美丽。,,,,,,澳门威尼斯人度假区好评
周游列国,5分,超棒,景色5,趣味5,性价比5,在澳门有许多豪华酒店，威尼斯人渡假村在其中榜上有名，这时酒店内部装璜极其奢华，漂亮的彩绘屋顶举世无双，与意大利的建筑一点不差。,,,,,,澳门威尼斯人度假区好评
蓝天白云 V,4分,满意,景色5,趣味4,性价比3,度假村商业和娱乐很完善，有酒店，购物中心，综艺，体育，会展以及休闲娱乐等多种多样的功能和设施。威尼斯拱桥，运河，贡多拉船等等意式浪漫风情的装饰风格是最富特色的亮点。,,,,,,澳门威尼斯人度假区好评
M36****5748,5分,超棒,景色5,趣味5,性价比5,来澳门，每次都是住在威尼斯人，吃喝玩睡购都在这，很方便。房间超大超豪华，飘窗随便自拍都能出片。虽然没有去过威尼斯，~~还不错，有点威尼斯的感觉！,,,,,,澳门威尼斯人度假区好评
gz当地向导伊妹儿,5分,超棒,景色5,趣味5,性价比5,澳门威尼斯人度假村吃、住、购物、娱乐都非常的方便，坐船感受一下威尼斯水城的感觉，趣味性强，购物价格也比较实惠，性价比超高的。,,,,,,澳门威尼斯人度假区好评
有空就出去逛逛,5分,超棒,景色5,趣味5,性价比5,到了澳门，这里是一定要来看一看，如果是好血拼的人就一定不能错过了，蓝色的人造天空加上一条小运河确实有小威尼斯的感觉呢，时间充裕的话，坐一坐贡朵拉小船，听一听船工们的歌声，也是一种休闲。,,,,,,澳门威尼斯人度假区好评
baostar,5分,超棒,景色5,趣味4,性价比5,进去后，基本分不清东南西北了！很大，购物，餐饮，娱乐，应有尽有！酒店价格相对其他豪华酒店亲民！吃的比较贵！天空蓝幕印象深刻！,,,,,,澳门威尼斯人度假区好评
M44****613,5分,超棒,景色5,趣味5,性价比5,春节之前去的，人还不是特别多，游船算是经典项目，一定要去坐一下的，体验还是不错的，还有小哥唱歌，唱的真不错。10点半到的，刚开始不让排队，后面大家自发排队，队伍让小店一圈。值得体验！,,,,,,澳门威尼斯人度假区好评
夏biubiu,4分,满意,景色4,趣味4,性价比4,豪华，居然地面全铺的地毯，而且看起来还特别干净，运河啥的到没怎么惊喜，因为现在很多仿的，牌子不算多，肯定是比国内便宜了，没做好攻略，啥也没买成,,,,,,澳门威尼斯人度假区好评
M28****3842,5分,超棒,景色5,趣味5,性价比5,澳门是一个国际化大都市，威尼斯在澳门是个吃喝玩乐度假的好地方，里面的建筑欧式风格，装修富丽堂皇，比皇家宫殿还要豪华，想来的小伙伴，我可以做你的私人导游，值得一去！,,,,,,澳门威尼斯人度假区好评
上善若水666,5分,超棒,景色5,趣味5,性价比5,每次来澳门都想来威尼斯人转转，不过有的时候，也想不起来买什么，这次带孩子来的，让孩子多转转这里，孩子比较喜欢这里，高兴就好,,,,,,澳门威尼斯人度假区好评
张亚飞,5分,超棒,景色5,趣味5,性价比5,威尼斯人已经做为澳门的一个景点了！不去会遗憾！酒店客房也非常大！唯一不方便的就是入住时间要一点以后！而且大堂和房价有点远！要穿过运河购物中心！,,,,,,澳门威尼斯人度假区好评
lee_jack,5分,超棒,景色5,趣味5,性价比5,澳门威尼斯人度假村是一个值得免费去体验一下的地方。其实这里也有很多消费的方式，比如说做工多拉船。把免费体验放在最前面，就是说普通的观光游览是不用额外消耗金钱的。,,,,,,澳门威尼斯人度假区好评
poppy_u,5分,超棒,景色5,趣味3,性价比5,即是到过澳门的朋友就一定知道假天空的存在了，它位于威尼斯人度假酒店里，是及购物休闲的圣地了。吃喝玩乐全部都可以在这里解决。是懒人的不二选择。,,,,,,澳门威尼斯人度假区好评
茶碗糕,5分,超棒,景色5,趣味5,性价比5,很好玩，很漂亮，带奶奶去玩的，还坐了船，奶奶拍照乐在其中~,,,,,,澳门威尼斯人度假区好评
M37****5446,5分,超棒,景色5,趣味5,性价比5,避开公众假日!避开公众假日!避开公众假日!重要事项要说三遍。想舒服点，就应该挑闲日过来。非常繁华，项目众多，是游玩的理想场所，值得一去！,,,,,,澳门威尼斯人度假区好评
M28****8093,5分,超棒,景色5,趣味4,性价比5,来澳门必逛的地方―威尼斯人，这儿算得上是澳门很具代表性的商场了，商场内部豪华，逛街的话绝对是一种享受，东西也不算贵，主要是因为汇率啦。金光综艺馆里经常会有演唱会什么的，很不错哟,,,,,,澳门威尼斯人度假区好评
世界第三帅,4分,满意,景色4,趣味4,性价比4,澳门的威尼斯人度假村真的是非常的漂亮，来到这里就向真的来到了意大利的威尼斯小镇，并且这里满足了你娱乐的需要和购物的需要，十分值得一来哦。,,,,,,澳门威尼斯人度假区好评
khcc,4分,满意,景色4,趣味4,性价比4,一如拉斯维加斯的店，澳门的店也是人气十畅旺。里面打扮充满意大利风情，又有人造运河，河上有船夫哼着意大利歌，除了购物，还是一个不错的景点。,,,,,,澳门威尼斯人度假区好评
无语的风16,5分,超棒,景色5,趣味5,性价比5,威尼斯最有名，自然人最多，吵吵闹闹的，脑壳痛…稍微看了下威尼斯河就出来了，如果能室内和室外结合起来就更好玩了，室内总是太压抑了，往里面走，人少些，拍拍照吧,,,,,,澳门威尼斯人度假区好评
大鼠小龙小小马,4分,满意,景色5,趣味4,性价比4,澳门威尼斯人酒店是亚洲面积最大的酒店。酒店装修豪华，室内甚至仿照意大利水城威利斯做了一条永昼的步行街，拥有世界各地的奢侈品品牌免税店。,,,,,,澳门威尼斯人度假区好评
lilysuun,4分,满意,景色4,趣味4,性价比4,澳门威尼斯人度假村里面真的超级大，不过也是开了好多年，所以设施上我感觉是有点陈旧了，住房的话全部都是大套间，备品和隔壁喜来登是一样的。,,,,,,澳门威尼斯人度假区好评
_WeCh****696975,5分,超棒,景色5,,,很好的一次体验，网上购票比现场便宜多了，等待时间看排队人数，人少就不用多久，游船时间大概20分钟左右，撑船的是外国人，运气好可能会碰上帅气的外国小哥哥！他还会唱些听不懂的歌！,,,,,,澳门威尼斯人度假区好评
li03yong,5分,超棒,景色5,趣味5,性价比5,澳门值得一看。导游当地的服务人员非常专业。从服务的角度来说比香港好太多了。,,,,,,澳门威尼斯人度假区好评
M30****2697,5分,超棒,景色5,趣味5,性价比5,威尼斯人人造天空就在大运河购物中心的顶层，澳门威尼斯人是世界知名的综合度假酒店，更被誉为“全球最佳奢华度假区”。强烈推荐，必到之处。,,,,,,澳门威尼斯人度假区好评
团团001,5分,超棒,景色5,趣味5,性价比5,吃喝玩乐购物的胜地，带小孩逛的也非常尽兴~一定要做宫多啦的船~穿上的小哥会给你唱歌 还会弹琴 也是女士们的购物天堂 只要你想到的牌子都有 价格还比香港的汇率好 还免税 这也是购物天堂啊,,,,,,澳门威尼斯人度假区好评
139****8347,5分,超棒,景色5,趣味5,性价比4,带老人家游澳门是不错的选择，行程安排紧凑，汽车座椅舒适，唯一遗憾的是下了场暴雨，不得不调整一下行程，已经介绍想要带孩子玩的朋友了。,,,,,,澳门威尼斯人度假区好评
小胖鱼large,4分,满意,景色4,趣味4,性价比4,威尼斯人和巴黎人，都是连在一起的。随便哪个酒店都有服务员普通级说的很好。真的很壮观，酒店都可以逛的那么爽。至少要留出一天的时间。,,,,,,澳门威尼斯人度假区好评
?? 杨杨杨,4分,满意,景色4,趣味4,性价比4,澳门威尼斯人里吃喝玩乐及住宿，一应俱全，外观气派，内部富丽堂皇，二楼的假天空和水景布置更是别具一格，里面空间很大，方向感不好的，说不定还会迷路。,,,,,,澳门威尼斯人度假区好评
滑翔的拳手,5分,超棒,景色5,趣味5,性价比5,澳门非常有人气的一家酒店 很开心入住这里 这家的套房蛮豪华的 厕所都非常大 每天在外面逛累了 回去舒舒服服的泡个澡非常赞 酒店服务也很好,,,,,,澳门威尼斯人度假区好评
_CFT01****2886174,5分,超棒,景色5,,,带着孩子去的，威尼斯超级大，在3楼，超级多的商店，和美食街，贡多拉船去的时候就两艘，排队等了半个多小时多，坐船就10分钟左右吧，体验了一把还是很不错的！服务超级热情,,,,,,澳门威尼斯人度假区好评
白玉制造,5分,超棒,景色5,趣味5,性价比5,真的值得来一趟，记得带足够钱！这里有你们喜欢的好多好多东西要买。,,,,,,澳门威尼斯人度假区好评
ba****iye,5分,超棒,景色5,趣味5,性价比5,我觉得很好 居然把整个威尼斯搬过来了 真的厉害,,,,,,澳门威尼斯人度假区好评
何游天下,5分,超棒,景色5,趣味5,性价比5,"澳门威尼斯人位于：

澳门特别行政区路凼填海区路凼金光大道连贯公路。是澳门最大的一个集餐饮，购物，娱乐和住宿位一体的综合广场。",,,,,,澳门威尼斯人度假区好评
ron****st,5分,超棒,景色5,趣味5,性价比5,澳门必去经典之一啦，晚上的威尼斯人更漂亮，适合拍照。以威尼斯水乡为主题，酒店范围内是充满威尼斯特色拱桥、小运河及石板路，照片拍出来美美哒，我的婚纱照就是在那拍的。,,,,,,澳门威尼斯人度假区好评
Yijhen,5分,超棒,,,,"澳门威尼斯人度假区，有住宿、购物及美食，里头的装潢犹如让人置身于威尼斯一样，每一处都是拍着的好地方，这里交通也很方便，还有接驳车可以到澳门国际机场，步行可到官也街。
购物方面有着各大品牌和保养品，逛累了还有美食街可以坐着吃东西，也有澳门著名的安德鲁蛋塔，这里很适合待上一整天。",,,,,,澳门威尼斯人度假区好评
真诚7577,4分,满意,景色4,趣味4,性价比4,以仿意大利水城威尼斯所修建的美丽河道以及建筑而闻名中外。在这个澳门最大的购物商场里，顾客可以乘坐浪漫的贡多拉船穿梭于购物中心内的圣卢卡、马可波罗以及大运河，饱览酒店内的威尼斯风情。,,,,,,澳门威尼斯人度假区好评
谌默默,4分,满意,景色3,趣味3,性价比4,"好像到澳门都会到这里来，感觉像个大摄影棚，反正都是假的，有不少商店，人也不少，但也没什么意思。
顺便在这吃了顿饭，小吃比较多，选择是不少，味道还可以
整体感觉就是一般般吧，路过可以随便看看，没什么特地来的必要性",,,,,,澳门威尼斯人度假区好评
真诚7577,4分,满意,景色4,趣味4,性价比4,位于路氤翘詈Ｇ金光大道地段，是亚洲最大的单幢式酒店及全球第二大的建筑物，为澳门最大型的酒店项目，在坊间经常俗称为澳门威尼斯人度假村、威尼斯人、威记等，于2007年8月28日建成。,,,,,,澳门威尼斯人度假区好评
中西南北东,4分,满意,景色4,趣味4,性价比4,溜娃去吧，澳门巴黎人。在澳门，各大酒店为了招揽游客，除了开通发财车之外，还不约而同地推出了自己的看家秀和收藏展览，以及一些免费游乐项目，非常值得一看一游，关键还都是免费的。只是你要事先做好功课，掌握这些免费项目的时间地点，提前规划好行程，否则你的七天签注是不够用的！,,,,,,澳门威尼斯人度假区好评
我是水晶,4分,满意,景色4,趣味4,性价比4,"威尼斯人酒店，准确的说是一个集美食、佳酿、购物、住宿、娱乐及商务于一身的大型综合度假村。占地面积很大。从外表看没有新葡京豪华。
但是进了酒店大堂，你就知道什么叫奢华了。大大的吊灯，高高的，圆顶的天窗，金碧辉煌的走廊，以及天花顶上面都画着不同的壁画。
三楼是这里出名的大运河购物中心。除了汇聚了世界顶级的时装首饰等名店之外，那三条建在室内的大运河，足以让游客在这里流连几个小时而忘返。",,,,,,澳门威尼斯人度假区好评
mysweety,4分,满意,景色4,趣味4,性价比4,带小朋友们去玩，还是值得去逛逛的，进门就先买了几个蛋挞，味道很不错10MOP一个，一路都是店铺和餐厅。人造天空很漂亮，但感觉有点暗。小朋友们是冲着贡多拉去的，排队的人很多，我们6个人正好一条船。船夫都会唱歌，部分会弹吉他。携程上订票比现场便宜。,,,,,,澳门威尼斯人度假区好评
魔女锦鲤,4分,满意,景色4,趣味4,性价比4,威尼斯人在胱猩希从拱北或者横琴过关后，可以坐免费的接驳巴士到达，当然从横琴过关去会比较快，而且横琴过关也比较少人。威尼斯人的内部装修很靓，比较喜欢他的人工河流，模仿威尼斯水城的装修，天花板是采用云朵的贴纸，给人感觉就是在蓝天白云下，欣赏着美景。建筑都是仿照欧洲建筑，而且在街道上不时会有表演者在表演吸引游客，就连韩国电视剧也在这里取过景。这里也有不少的品牌店，价格都比较贵。,,,,,,澳门威尼斯人度假区好评
186****0201,5分,超棒,景色5,,,在携程上买了票，当场出票。我们去的时候正好晚餐18:30左右，只排了30分钟就到了，而且原则上要做6人，米兰小姐姐很好，让我们4个人一条船，就是包船了。在游览中还唱了好听的意大利语歌，最惊讶的是中午讲得特别好，还会唱甜蜜蜜！真心人美歌甜，希望你工作愉快！开心每一天！,,,,,,澳门威尼斯人度假区好评
angelqingqing,4分,满意,景色4,趣味4,性价比4,D&amp;G事件还在热搜榜上，暂时还是不要去了，作为一个在欧洲生活了一段时间的人，还是提醒大家歧视华人真的是随手拈来威尼斯人以威尼斯水乡为主题，并参照美国拉斯维加斯的威尼斯人，保留了威尼斯水乡的民俗风情，还可以坐着小船和着歌荡漾在运河上，而且不会下沉。,,,,,,澳门威尼斯人度假区好评
贝宝0930,5分,超棒,景色5,趣味5,性价比5,总体不错的，吃喝玩乐都有，真的可以在里面逛一天哦，里面很大，感觉分分钟要迷路啊！,,,,,,澳门威尼斯人度假区好评
哄啊,5分,超棒,景色5,,,帮姐姐一家购买的贡多拉船票，当天购买当天使用，出票很快，下单后就收到短信啦。有三条运河，三条线路都不互通，根据客服推荐，选择了马可孛罗运河。恰逢暑期，来澳门游玩的人很多，坐船20分钟，排队1小时，船上划船的大多都是外国人，划行中还现场演唱了“月亮代表我的心”，在这“蓝天白云“下，享受下小威尼斯的感觉。,,,,,,澳门威尼斯人度假区好评
maggie任,3分,不错,景色3,趣味3,性价比3,澳门的威尼斯人度假村完全就是仿造拉斯维加斯的威尼斯城建造的，一样的格局，一样的小河，一样的贡多拉船，唯一有点区别的就是广场变成了美食广场。,,,,,,澳门威尼斯人度假区好评
许仙008,5分,超棒,景色5,趣味5,性价比3,总体来说可以，就是吃的东西有些贵了点，景色很美，趣味不错！,,,,,,澳门威尼斯人度假区好评
薛定谔的老猫,5分,超棒,景色5,趣味5,性价比5,很难相信这完全人人工仿造出来的一个威尼斯，连天空都是人工的，把时间永远定格在浪漫的傍晚。从拱北坐免费大巴过来，慢慢的沿着运河逛下去，不用花一分钱而且不虚此行。,,,,,,澳门威尼斯人度假区好评
渡边美智子,5分,超棒,景色5,趣味5,性价比5,里面很大，什么都有，吃的，玩的，购物，住宿。还有一条大运河和天幕，拍照打卡不错。我之前去搭那个运河的船，120澳门元，有船长在后面唱歌。,,,,,,澳门威尼斯人度假区好评
林若雪儿,5分,超棒,景色5,,,非常好的体验。船长来自意大利，唱了两首意大利歌和《月亮代表我的心》，岸上还有一位中国老伯与他对唱《桑塔露琪亚》！携程上买票方便快捷优惠，换票也很简单，推荐！,,,,,,澳门威尼斯人度假区好评
支付宝岛,5分,超棒,景色5,趣味5,性价比5,威尼斯人已经是来澳门的必游景点了，度假村里的购物中心是免费开放的，是集合了购物美食休闲在一起的综合中心，天空的设计真是太棒了，百看不厌,,,,,,澳门威尼斯人度假区好评
竹林听雨George,5分,超棒,景色5,趣味5,性价比5,地处新城区，市内老城区有直通的巴士，里面可以购物，餐饮，有很多品牌商店，屈臣氏，佐丹奴之类的，也可以买到澳门特产，糕点，各种糕饼之类的，买回家送亲朋好友。,,,,,,澳门威尼斯人度假区好评
_WeCh****844133,5分,超棒,景色4,趣味2,性价比2,这里有个LOVE柜台卖冰淇淋和奶茶的，先说是22元，然后拿个一次性的饭盒，让你帮忙按，等装满后，又说是22元100克，要到柜台称重，手法和卖切糕的类似。结果本想尝一下的冰淇淋花了一百多。太无耻。,,,,,,澳门威尼斯人度假区好评
WillSum,5分,超棒,景色5,趣味5,性价比5,"威尼斯人在节假日依旧也算得上人流攒动 虽然这没有像银河一样进来一个就要测体温 不过各式各样的口罩还是随时可以看到 
整个店铺打折的活动相对比较少 东西没有香港便宜",,,,,,澳门威尼斯人度假区好评
Suki 草莓,5分,超棒,景色5,趣味5,性价比5,澳门威尼斯城仿意大利威尼斯建筑风格，水绕城连绵不断，与仿法国巴黎，英国等建筑群遥相呼应，真正的国际大都市风格。,,,,,,澳门威尼斯人度假区好评
那蓝1900,5分,超棒,景色5,趣味5,性价比5,澳门最爱的酒店，没有之一。因为大，逛街的地方大，吃饭的地方多，连房间都是套房，比之前住的喜来登大一倍啊，太喜欢这里了，正好是高楼层，一切都是最好的安排,,,,,,澳门威尼斯人度假区好评
不如没有好,5分,超棒,景色4,趣味4,性价比4,早就听说过，这个度假村是非常厉害的，你到了里面之后，有一种真正威尼斯的感觉，这次去了之后，真的感觉不出上面的蓝天白云是假的，而且这种水乡的感觉太棒了。,,,,,,澳门威尼斯人度假区好评
hua****4483,5分,超棒,景色5,趣味5,性价比5,"澳门的威尼斯, 有一片逼真的人造天幕, 从名店廊一直延伸到美食街. 如果你想拥有一天24小时都是晴天, 这里或许能帮你实现. 看看吧，反正我11年去的时候惊呆了",,,,,,澳门威尼斯人度假区好评
迷醉这一刻,5分,超棒,景色5,趣味5,性价比5,非常好的体验，就是入住办理时间太长，澳门之行首选！！推荐指数五星！！,,,,,,澳门威尼斯人度假区好评
东游_西逛,5分,超棒,景色5,趣味5,性价比5,威尼斯人度假村在澳门X岛，离澳门机场很近，这里除了常规的娱乐住宿，最有特色的就是有条模仿意大利古城威尼斯的购物街，并有贡多拉船可乘坐，很不错的地方,,,,,,澳门威尼斯人度假区好评
aginnqw,5分,超棒,景色5,趣味5,性价比5,去年住过，很不错，设施服务都好，装修很有特色，金碧辉煌的～～～楼下购物DFS东西齐全，玩了三楼那个人工天空河流的威尼斯船，船员还会给你弹琴唱歌～～,,,,,,澳门威尼斯人度假区好评
百合1203,5分,超棒,景色5,趣味5,性价比5,从日落到深夜，逛到脚痛，啥没买到但很开心 威尼斯人美到窒息，碧水蓝天，富丽堂皇 非常漂亮！夕阳是夜晚的前奏，澳门这个不夜城，真的美,,,,,,澳门威尼斯人度假区好评
233****046,5分,超棒,景色5,趣味5,性价比5,澳门的几个酒店都各有特色，威尼斯人应该是最有名的酒店之一了。里面最有特色的应该是巨大的大堂和大堂顶部蓝天白云的壁画了，很大气,,,,,,澳门威尼斯人度假区好评
旅行博主小张,5分,超棒,景色5,趣味4,性价比4,一座酒店就相当于一处豪华的旅游景点，而且游客来自全球各地，全中国估计只有澳门才能做得到。这个度假村真的太漂亮了，真的不亚于东南亚的海滨度假胜地！,,,,,,澳门威尼斯人度假区好评
潇逸的珍珠,5分,超棒,景色5,趣味5,性价比5,这里是娱乐的胜地，这里是购物的天堂，这里是休闲的好去处，这里是美食林，这里在这里会有很多奇迹，我们在里面呆了两天，出来刺眼的阳光，都不适应了。,,,,,,澳门威尼斯人度假区好评
XUE奇,5分,超棒,景色5,趣味5,性价比4,游游，购物，玩乐的天堂。度假村中的泳池干净人少，按摩水池舒服…,,,,,,澳门威尼斯人度假区好评
精灵背包游侠,5分,超棒,景色5,趣味5,性价比5,富丽堂皇的威尼斯人DD金碧辉煌的欧式建筑，令人眼花缭乱的装饰艺术，虽然是仿建，依然点赞！可能也只有极致的奢华，才更能让人迷失心智容易下赌吧？！,,,,,,澳门威尼斯人度假区好评
三十四号,5分,超棒,景色5,趣味5,性价比5,第二次去澳门，第一次去的时候没有住宿，这次去想住的好一点，于是就住了威尼斯人，真的挺贵的，不过购物方便，和上次来变化挺大的,,,,,,澳门威尼斯人度假区好评
LULU0530,5分,超棒,景色5,趣味5,性价比5,我们携程上买的2大一小258元，现场澳币一个大人158元，小孩子100元澳币，好像这样的。好像.包船好像是560还是580元澳币，反正我携程上买的觉得超级便宜，然后划船的是帕瓦罗蒂大叔，孩子超级喜欢晃船，结船夫很会哄孩子一直摇的儿子哈哈大笑，然后和我老公一起唱了两首歌，我感觉他们玩的很嗨，然后我给了50澳币小费~服务太贴心了，扎心的是拍照是338一套照片，三套照片钥匙扣和水晶球是388比坐船还贵我们就买了照片。嗯靠景点打卡照流年的家庭哈哈。总之携程买性价比很高~,,,,,,澳门威尼斯人度假区好评
M40****792,5分,超棒,性价比5,,,澳门一日游还不错，两边导游都很细心态度很好，行程安排很合理，全程没有购物，客服廖廖很热情，值得推荐！,,,,,,澳门威尼斯人度假区好评
leo_1990,5分,超棒,景色5,趣味5,性价比5,澳门凼仔的威尼斯人度假村是集娱乐，酒店，美食，购物于一身的休闲地方，仿照意大利的威尼斯运河，还有可以转换灯光亮度的天幕，逛一天都不够呢！,,,,,,澳门威尼斯人度假区好评
阿诗,5分,超棒,,,,人造天空 一进去觉得像白天 美美..........美 澳门是娱乐的地方 本想着进去看看 玩的是什么 结果因为年纪的原因只能在门口蹲着 偷偷看  下次再来,,,,,,澳门威尼斯人度假区好评
玩童无界行者无疆,5分,超棒,景色5,趣味5,性价比5,奢华、美雅、贴心、梦幻、浪漫……，总属于澳门威尼斯人！,,,,,,澳门威尼斯人度假区好评
趴在墙头,5分,超棒,景色5,趣味4,性价比4,这应该是澳门最出名的一个地方啊，进门之后你感到像到了另外一个世界一样，完全感觉不出白天黑夜。里面就像另外一个小城市一样，又繁华又热闹。,,,,,,澳门威尼斯人度假区好评
baijing-bj,5分,超棒,景色5,趣味5,性价比5,一进入威尼斯人的大厅，金碧辉煌，绝对的高大上，很震撼。,,,,,,澳门威尼斯人度假区好评
蓝天白云 V,4分,满意,景色5,趣味4,性价比3,位于澳门威尼斯人度假村一楼的酒店大堂，面积很大，典雅气派，金碧辉煌，娱乐设施种类丰富，服务设施完善，建筑顶部是一副巨大的油画，色彩绚丽，造型美观，令人惊叹的美感和视觉享受。,,,,,,澳门威尼斯人度假区好评
320****343,5分,超棒,景色5,趣味5,性价比5,打卡澳门威尼斯人度假村，来澳门，澳门威尼斯人度假村是必去的，这边很繁华，是很有名的景区，澳门巴黎铁塔也在这边，环境很好，吃的也很多。,,,,,,澳门威尼斯人度假区好评
带着檬宝去旅行,4分,满意,景色4,趣味3,性价比4,购物中心被一幅偌大的天幕覆盖，天幕可配合电脑控制的灯光效果，营造出晨昏日出日落的云彩和天色，配合特色街道、运河、157盏睦镅翘厍牛环境典雅瑰丽，仿如置身昔日威尼斯的街道。,,,,,,澳门威尼斯人度假区好评
139****2800,5分,超棒,景色5,趣味5,性价比5,威尼斯人是个综合性的度假村，里面应有尽有。有儿童游乐场，适合带小朋友去，还有大运河购物中心，也非常适合爱Shopping的女性朋友。,,,,,,澳门威尼斯人度假区好评
三十四号,5分,超棒,景色5,趣味5,性价比3,威尼斯人酒店好是好就是贼贵呀，而且入住当天的体验也不是很好，主要是checkin太慢太慢了，简直要了命，排队办小时，调整房间15分钟,,,,,,澳门威尼斯人度假区好评
旅行博主小张,5分,超棒,景色5,趣味4,性价比4,这是一个无限奢侈的地方！只要有钱能在这里享受皇帝般的生活！但是对于普通人来说这里就是看看而已！反正不管怎么样！这里都是必来的地方~,,,,,,澳门威尼斯人度假区好评
蓝天白云 V,4分,满意,景色5,趣味4,性价比3,澳门金沙城中心一座大型商业娱乐综合体，整体外观欧式建筑、辉煌大气，凯旋门、巴黎铁塔让游客和宾客体验经典的法式风情，内部装饰高端有格调，更凸显华丽精美，品味和奢华的享受。,,,,,,澳门威尼斯人度假区好评
穷游世界,5分,超棒,景色5,,,买起来方便，用起来也方便，换票的地方就在乘船的附近，是一次很不错的体验，水很清，划船的小姐姐很漂亮唱歌也很好听，大家值得体验！！,,,,,,澳门威尼斯人度假区好评
cici223366,5分,超棒,景色5,,,来到澳门还是要体验下这种意大利风情，仿威尼斯水城，蓝天白云的房顶，清澈的室内人工湖，还有风趣幽默的船夫，边弹吉他边唱歌！还有购物,,,,,,澳门威尼斯人度假区好评
剑走偏锋,5分,超棒,景色5,,,带老婆孩子来威尼斯人坐小船，宝宝非常开心。划船的大叔唱功了得，意大利和中国歌唱的都挺地道。威尼斯人做的蓝天白云屋顶，很好的效果。,,,,,,澳门威尼斯人度假区好评
余家秀,5分,超棒,景色5,趣味5,性价比5,澳门的威尼斯这里是一个好地方好去处好环境的城市，来这里的游客很多的，这几年周围环境也是很不错的，里面有卖特产和化妆品，还有药品,,,,,,澳门威尼斯人度假区好评
christina薇薇,5分,超棒,景色5,趣味5,性价比5,入住澳门威尼斯人酒店，酒店套房非常大，房间里应有尽有，浴室也大，美美的泡了个热水澡，窗外夜景很赞，性价比总体很高，值得推荐哈。,,,,,,澳门威尼斯人度假区好评
gz当地向导伊妹儿,5分,超棒,景色5,趣味5,性价比5,澳门威尼斯人度假村景色不错，高、大、上，水晶表演非常的精彩，美轮美奂，五光十色，令人流连忘返，美极了，趣味性强，令人大开眼界。,,,,,,澳门威尼斯人度假区好评
110****265,5分,超棒,,,,位于威尼斯人酒店3层，总共有3个上船点，服务人员很nice，没有游客排队的情况下会安排一家人独立坐船。透露个小秘密，船是电动的,,,,,,澳门威尼斯人度假区好评
那蓝1900,5分,超棒,景色5,趣味5,性价比5,奢侈豪华的代名词，看入口的金碧辉煌，里面那是一片纸醉金迷。小玩一下可以，千万不要沉迷，是个诱惑太大的无底洞。我只能说真的很漂亮,,,,,,澳门威尼斯人度假区好评
Seanchor,5分,超棒,景色5,,,中午去得早人不是很多，服务员态度很好服务周到，海鲜种类不太多但品质很好，甜品做得很棒，性价比挺高，小朋友吃得很开心，五分好评！,,,,,,澳门威尼斯人度假区好评
_WeCh****00538,5分,超棒,景色5,趣味5,性价比5,室内威尼斯水城，划船的小哥哥非常帅哈，值得一去,,,,,,澳门威尼斯人度假区好评
286****430,5分,超棒,景色5,,,风景很好，人也很好，可喜欢上面的蔚蓝天空了，不过，那可不是真的哦！船员可亲切了，还会边划船边唱歌，还会唱月亮代表我的心呢！嘿嘿,,,,,,澳门威尼斯人度假区好评
小黑S,5分,超棒,景色5,趣味5,性价比5,感觉一家人一起去走一走蛮好的。吃喝玩乐一体化！购物特别方便，还可以坐坐贡多拉的船，听听歌，放慢脚步，感受意境！下次还是会去的！,,,,,,澳门威尼斯人度假区好评
du?jing?jiang?yu?009861,5分,超棒,景色5,趣味5,性价比5,威尼斯人度假村集娱乐 购物 美食一体的度假村 仿造意大利威尼斯的场景 蓝蓝的天空 游船上的歌剧表演 游客如云 各种品牌专卖店云集一起 值得游玩,,,,,,澳门威尼斯人度假区好评
蓝天白云 V,4分,满意,景色5,趣味4,性价比3,世界级高端商务、旅游、娱乐、购物、渡假为一体的大型娱乐休闲综合体。面积很大，装饰华丽，豪华酒店客房，奢华购物体验，大型购物中心，娱乐表演以及特色餐厅和环球美食餐饮。,,,,,,澳门威尼斯人度假区好评
winsonwoo,5分,超棒,景色5,趣味5,性价比5,绝对是最棒的度假胜地，意大利的威尼斯现在被海水浸泡着。这个人造的威尼斯依旧，没日没夜地亮着灯。在这里完全不知道，白天和黑夜。,,,,,,澳门威尼斯人度假区好评
时欧阳爱护,5分,超棒,景色5,,,贡多拉值得一坐，原本担心会和其他人拼坐，后来还是给了我们四个人一条船，坐在船上，欣赏美景和船夫的歌声，仿佛到了真正的威尼斯！,,,,,,澳门威尼斯人度假区好评
三十四号,4分,满意,景色4,趣味4,性价比4,澳门的酒店都是价格浮动的，在周五周六，价格都非常贵，但是过了周日就会便宜了，我们住的威尼斯人就超级贵，不过房间和服务都非常好,,,,,,澳门威尼斯人度假区好评
cc350,5分,超棒,景色5,趣味5,性价比5,早上8.15到的口岸，8.30就完成入关了，比预计的早了好多呢，出来一看，威尼斯人的发财已经排了30-40人了，果然厉害,,,,,,澳门威尼斯人度假区好评
清清,5分,超棒,景色5,趣味5,性价比5,太美了！购物中心感觉是个不夜城，晚上里面也是蓝天白云，还有一些演艺人员在街上表演，这里不仅仅是购物，环境真是令人心旷神怡。,,,,,,澳门威尼斯人度假区好评
我想遇到你,4分,满意,景色4,趣味4,性价比4,之前早就听说过这个度假村特别的厉害，这次来到之后亲自感受了一下，还真的是感觉不出白天黑夜，就像在威尼斯一样，尤其是在水上划船一圈，特别有兴致。,,,,,,澳门威尼斯人度假区好评
hua****4483,5分,超棒,景色5,趣味5,性价比5,威尼斯人度假村是去澳门不得不到的地方，虽然地处胱校不在澳门本岛上，不过这里有着与葡京，永利等地完全不同的景色，购物也很好,,,,,,澳门威尼斯人度假区好评
gz当地向导伊妹儿,4分,满意,景色4,趣味4,性价比4,每次来澳门必来威尼斯人度假村，景色宜人，感觉舒适自在，购物方便，品质保证正品，质量不错，值得推荐给大家，吃、住、行都方便。,,,,,,澳门威尼斯人度假区好评
zhweiei,4分,满意,景色4,趣味4,性价比4,这个度假购物村最大的亮点就是仿真的天空。其实里面是一个密闭的空间，即使外面刮风下雨，天寒地冻，炎热无比。里面都非常舒适，适合买买吃吃逛逛 还可以坐坐小船 假装在威尼斯,,,,,,澳门威尼斯人度假区好评
游侠半仙,5分,超棒,景色5,趣味5,性价比5,澳门一日游，再次打卡澳门威尼斯人度假村。,,,,,,澳门威尼斯人度假区好评
妖女毛毛,4分,满意,景色4,趣味4,性价比4,"来澳门，住在巴黎人，个么旁边的威尼斯人总是要去逛一下的。
去的时候是淡季，人不算特别多，到了里面正好有人表演杂技，看了一会，然后拍了拍照片，随便逛了一下就闪人了，毕竟我对逛街购物不是特别有兴趣啊，还是吃吃吃更重要。",,,,,,澳门威尼斯人度假区好评
M29****8527,5分,超棒,景色5,趣味5,性价比5,是仿照意大利的威尼斯水城建造，非常有意思，与购物中心和酒店都相连，吃饭购物游玩都方便。推荐。若能泛舟水上，别有一番滋味。,,,,,,澳门威尼斯人度假区好评
第二号爱人,4分,满意,景色4,趣味4,性价比3,威尼斯人是澳门这边的一个代表性的建筑，里面汇集了酒店，购物广场，还有娱场，里面的面积虽然不算是特别的大，但是总体来说还是比较的整洁，管理上面也还算是不错的，一般来说，现在桌子上面的物价都是飞涨了，基本上都要500块港币起，玩游戏机就比较划算一点。,,,,,,澳门威尼斯人度假区好评
临君,5分,超棒,景色4,趣味4,性价比3,安德鲁蛋挞，12元港币一个，没有想象的好吃。逛来逛去就那一圈，起初有张免费照片可以领，后来整理看了才知，当时前台也不提醒下。有件灰色小西装很适合我，但偏贵没有入手。也没计划入手外套。（qiongyou）美食城的东西超级贵，早知不如去吃满199减100的自助餐（叹）拿来的宣传单当时都没阅读。走马观花式地，感觉还没玩过匆促离开这个以gumble闻名遐迩的都市。带人的照片就不发了。,,,,,,澳门威尼斯人度假区好评
枫雨天,4分,满意,景色4,,,携程买票当时出票就是得下载pdf文件，从邮箱里打开，他们要扫个条形码，光有订单号还不行，折腾了10分钟总算可以用了，现场买票135成人，105儿童，携程还是便宜不少的，整个游船时间大概15分钟吧，船夫都是外国人，会根据客人的国籍选择唱什么歌，唱的还是不错的。。。,,,,,,澳门威尼斯人度假区好评
gz当地向导伊妹儿,4分,满意,景色4,趣味4,性价比4,澳门威尼斯人度假村景色不错，风景宜人，风光无限好，有特色的地方，感觉非常的不错，值得推荐给大家，趣味性强，性价比超高的。,,,,,,澳门威尼斯人度假区好评
_WeCh****974322,5分,超棒,景色5,,,在威尼斯人三楼大运河购物中心，兑票点很容易找，礼品店的东西也很漂亮，还有冲上云霄里的那个很出名的玩偶，好想买说不定有好运⊙⊙一船六个人，掌船水手蛮帅的，可以弹吉他唱歌手风琴，白人小哥唱歌很好听，上岸后要是觉得照片好看，288澳币一套加水球。很值得一去感觉置身威尼斯。,,,,,,澳门威尼斯人度假区好评
fly_me_to_the_moon,5分,超棒,景色5,趣味5,性价比5,这里的小超市买东西是贵了点，但是逛着逛着发现了新大陆嘻嘻～超级可爱的东西一大把，都是日本的哈，懒得找代购，还是这里买吧…,,,,,,澳门威尼斯人度假区好评
M93****81,4分,满意,景色5,趣味5,性价比5,去澳门住威尼斯人真的不错，房间够大，服务也很好，而且这里还有一整条的步行街，所有的东西都能一次满足，还可以进行行李寄存，下次去还值得住，且周边的酒店群也都很方便,,,,,,澳门威尼斯人度假区好评
M27****8588,5分,超棒,景色5,,,"爸妈很喜欢，看着他们坐着开心，比用的自己坐还高兴。
这个老外唱歌很好听。今夜无人入眠超赞。
专门跟老爸老妈合影，一定要选他",,,,,,澳门威尼斯人度假区好评
趴在墙头,4分,满意,景色4,趣味4,性价比4,这里不管白天还是晚上去，真的都蛮漂亮的，整个大楼建筑也是比较大气，里边玩的东西也超级的多，只要你有钱没有你玩不到的，当然尽量还是以看为主，可以买点想要的东西。,,,,,,澳门威尼斯人度假区好评
范儿,5分,超棒,景色5,趣味5,性价比5,好美 拍照好漂亮 里面很大 脚会走到怀疑人生,,,,,,澳门威尼斯人度假区好评
西山晴雪,5分,超棒,景色5,趣味5,性价比5,酒店太美！太美！去过几次了还是觉得美！,,,,,,澳门威尼斯人度假区好评
婷婷,5分,超棒,景色5,趣味5,性价比5,超级漂亮的城市，特别房间超级满意，完美,,,,,,澳门威尼斯人度假区好评
我想遇到你,4分,满意,景色4,趣味4,性价比4,这个度假村好像成了澳门的标志性建筑一样，每个人来到我们都喜欢在这里转一圈，里边的确是非常豪华，而且也是有很多的娱乐项目，还有乘个小船在威尼斯的城堡里边穿梭。,,,,,,澳门威尼斯人度假区好评
cparissh,4分,满意,景色4,趣味4,性价比4,威尼斯人度假村是集住宿和娱乐为一体的，超级超级大，里面还有一个像威尼斯运河一样的。里面名牌也很多，还有各种各样的小吃店，可以逛一整天。,,,,,,澳门威尼斯人度假区好评
withjennifer,5分,超棒,景色5,趣味5,性价比5,澳门威尼斯人度假村确实是一个很漂亮的度假村，也是澳门很有代表性的度假村。酒店以水都威尼斯为主题，小运河很具有特色。,,,,,,澳门威尼斯人度假区好评
蓝天白云 V,4分,满意,景色5,趣味4,性价比3,进入度假村内部，酒店大堂的豪华气派，金碧辉煌，装饰装潢之精美华丽令人叹为观止。适合拍照的好地方。大运河购物中心，豪华套房，威尼斯拱桥，充满浪漫的异国风情。,,,,,,澳门威尼斯人度假区好评
唐1112,5分,超棒,景色5,趣味5,性价比5,澳门威尼斯人度假村是到澳门旅游必打卡的地方，有剧院，游乐场所，购物中心等，里面极尽奢华，是一个豪华的娱乐圈，特别是人工运河和头上的天空布景，很有异域风情。,,,,,,澳门威尼斯人度假区好评
elsashen0529,5分,超棒,景色4,趣味5,性价比5,澳门威尼斯人度假村，这里有酒店，有大运河购物中心，各种品牌琳琅满目，室内其实挺冷的，建议要带好外套，酒店房间很大，里面的设施齐全，南面的套房景色会更好一些,,,,,,澳门威尼斯人度假区好评
????Ivy,5分,超棒,景色5,,,虽然没再一次坐到几年前那个卷胡子大叔的贡多拉船，但是在中途遇到～～这次的大叔更有意思～～本来闹脾气的我们被他和好了,,,,,,澳门威尼斯人度假区好评
M25****9145,5分,超棒,景色5,,,坐着游船，看着头顶的“天空”，美丽极了，还有外国美女给唱歌，竟然唱的都是国内的歌，看到小朋友坐船，美女逗小朋友玩呢,,,,,,澳门威尼斯人度假区好评
佛性小猪,5分,超棒,景色5,趣味5,性价比5,看图说话，无可挑剔！完美的假期！,,,,,,澳门威尼斯人度假区好评
趴在墙头,4分,满意,景色4,趣味4,性价比4,光看卖建筑就被这里给吸引了，进去之后首先做了一个船去感受一下，真的很不错，真的就像威尼斯一样的感觉，里面还有好多的游乐项目，我们都没有玩，因为太贵了。,,,,,,澳门威尼斯人度假区好评
Dr朱1004,5分,超棒,景色5,趣味5,性价比5,游客非常多，小吃好吃，还想再去,,,,,,澳门威尼斯人度假区好评
妞妞海宝,5分,超棒,景色5,,,出票很快，比门市一家三口便宜近200，排了30分钟队，很好玩。船夫还给唱了两首中国歌曲，还左右摇晃吓唬我们玩,,,,,,澳门威尼斯人度假区好评
旅游冒险者,4分,满意,景色4,趣味4,性价比4,夜色不错，过来这里3天。赌、宫也街、3天把澳门都走完了。哈哈哈..！,,,,,,澳门威尼斯人度假区好评
树懒的旅途,5分,超棒,景色5,趣味5,性价比5,澳门各大综合体里最古老大约也是最经典的一款，以前来住了威尼斯人，今次住了当年看上去十分高档特别的四季。一样在综合体里走走逛逛吃吃，还是甚为愉快的。,,,,,,澳门威尼斯人度假区好评
蓝天白云 V,4分,满意,景色5,趣味4,性价比3,豪华超乎想象，仿佛置身于巴黎，感受典雅欧式建筑和法式浪漫风情。酒店大厅灯火辉煌，建筑和装饰散发出高雅的艺术气息。置身其中，给人带来优雅愉悦的感受。,,,,,,澳门威尼斯人度假区好评
M10****838,5分,超棒,景色5,,,第三次坐这个船了，一般在中午12点前人少一点、之后就需要排队等候很久了、网购票便宜一点、直接去兑票就可以了,,,,,,澳门威尼斯人度假区好评
那日我遇世界,4分,满意,景色5,趣味4,性价比4,@e是澳T的威尼斯度假酒店外面，整酒店晚上打粝砀本超美，整河道被艄獯蛄粒有如河水上也有一酒店的幼樱真的是超漂亮,,,,,,澳门威尼斯人度假区好评
趴在墙头,4分,满意,景色4,趣味4,性价比4,来之前看到过很多的介绍，但是到了这里确实是太漂亮了，尤其是他的屋顶，让你感觉不到是室内，可以坐一个小船在里边游了一圈，体验一下临时的感觉也不错！,,,,,,澳门威尼斯人度假区好评
我想遇到你,4分,满意,景色4,趣味4,性价比4,非常棒的一个地方，而且里边的天空，像真的一样，租一个小船在上面啊，玩一圈特别有感觉，就像真正到了威尼斯一样的感觉，而且里边的很多配套都特别齐全！,,,,,,澳门威尼斯人度假区好评
诗意情节,4分,满意,景色5,趣味5,性价比4,威尼斯人重建的墙壁很美 天空更美 这里还有巴黎人的铁塔 只是总是拍不完整 人多到仿佛来到了火车站，特别挤 几乎所有来到澳门的人都会来这里打卡 无论赌还是不赌,,,,,,澳门威尼斯人度假区好评
kingQ,3分,不错,景色3,趣味4,性价比3,澳门必游景点，但感受一般，主要得满处找换票点不太方便，上个船还排了半天队，游船的时间比排队的时间都短，上岸时还被索要小费，国人还真是没这习惯！,,,,,,澳门威尼斯人度假区好评
肥肥安大王,3分,不错,景色3,趣味3,性价比3,人气超高的度假村，旅行社带来这里属于自费项目，自由行的人搭酒店班车即可往返酒店、码头、机场、关闸等地。,,,,,,澳门威尼斯人度假区好评
186****9568,4分,满意,景色4,趣味5,性价比5,值不值得去这个仁者见仁 智者见智的 因为对于澳门这个地方来说 它始终是最有年代感的 几乎与澳门齐名的地方了 所以既然来了还是去一下吧,,,,,,澳门威尼斯人度假区好评
宽频菜头??,5分,超棒,景色5,趣味5,性价比5,澳门威尼斯人(度假村)酒店是由美国拉斯维加斯金沙集团投资的威尼斯人度假村，投资约200亿元，这所奉行多元经营理念的度假村设有三千间豪华客房及会展、购物、体育、综艺及休闲设施等，其中占地十一万平方米的会展场地。,,,,,,澳门威尼斯人度假区好评
颠牛,5分,超棒,景色5,趣味5,性价比5,威尼斯人是澳门必去的商业城了，虽然疫情，人少了很多，但是商店还是正常开着的，而且价格很多都在打折，坐船的人不多，可以试试,,,,,,澳门威尼斯人度假区好评
selma1982,4分,满意,景色4,趣味4,性价比4,当然可以选择住宿在威尼斯人酒店，但是价格真的是不菲，而且入口找了半天，虽然是非寻常的肺炎防控时期，但威尼斯人这边还是人满为患，很多人在这里。,,,,,,澳门威尼斯人度假区好评
麻麻爱甜馨,5分,超棒,景色5,趣味5,性价比5,威尼斯人度假村真的很壮观啊，喜欢逛商场的朋友真的很适合来这里，各种品牌都有，挑到眼花缭乱，威尼斯度假村的渡船必须体验啊，很适合带孩子的家庭。,,,,,,澳门威尼斯人度假区好评
xc217,5分,超棒,景色5,,,第一次去***人，很值得去坐坐体验一下;船长美女很友好在船上还给我们唱歌（月亮代表我的心）甜蜜蜜，我家美女很开心，非常愉悦的一次体验。,,,,,,澳门威尼斯人度假区好评
