user_detail_name,user_detail_tags_text,text,text 2,text 3,text 4,text 5,resource_date_text,content_wrap,iplocation,,,attraction_name
正版随心,铂金贵宾,1分,不佳,景色1,趣味2,性价比1,2025-02-04 发布点评,"大熊猫很可爱，但是总体的设计实在是太蠢了。
1，为什么要搞这么大？不要跟我说是给熊猫足够的生活空间，因为熊猫都只生活在一个一个的馆里，而馆与馆直接离得很远，大量的土地跟熊猫没有关系，唯一的作用就是让游客走走走。要么就花30块坐电瓶车，但人多的时候排队要很久，每一站都排很久，一天看不了几个馆，运气差的朋友一天下来能看到的熊猫数量还不如去其他动物园。
2，指示不清，虽然竖了很多指示牌，但还是不够清晰，星星产房站下来后，路边竖的指示牌里根本就没有星星产房，要往边上走一段才能在其他指示牌上找到。其他有几个站也是如此。",IP属地:上海,,,大熊猫基地差评
158****8309,钻石贵宾,1分,不佳,景色1,趣味1,性价比1,2025-02-04 发布点评,差到极端。导游不管不问，迟到了五分钟让人领着孩子自己去找他们，里面很大，无人接应，千万别定这家，说定谁影响心情,IP属地:四川,,,大熊猫基地差评
M27****205,黄金贵宾,1分,不佳,景色1,趣味1,性价比1,2025-02-04 发布点评,来了一趟，看见3只熊猫，离的特别远，偌大的馆空空荡荡，把这么多忽悠来，就是爬台阶的，千万不要来，来了就肯定后悔！,IP属地:四川,,,大熊猫基地差评
M27****205,黄金贵宾,1分,不佳,景色1,趣味1,性价比2,2025-02-04 发布点评,来了一趟，看见3只熊猫，离的特别远，偌大的馆空空荡荡，把这么多忽悠来，就是爬台阶的，千万不要来，来了就肯定后悔！,IP属地:四川,,,大熊猫基地差评
匿名用户,,1分,不佳,,,,2025-02-04 发布点评,"人满为患,总共6只熊猫,1000人看着。我们1小时后离开,去卧龙看世界上最大的熊猫公园,绝对值得",IP属地:未知,,,大熊猫基地差评
吖洁,铂金贵宾,2分,一般,景色3,趣味1,性价比1,2025-02-03 发布点评,这个性价比简直太低了，完全不建议购买这种票,IP属地:云南,,,大熊猫基地差评
性感Ikun,铂金贵宾,1分,不佳,景色5,趣味5,性价比1,2025-02-03 发布点评,这个文创挂件是什么鬼，加了钱买了个垃圾货，还跑来跑去拿，避雷,IP属地:四川,,,大熊猫基地差评
一米阳光,铂金贵宾,1分,不佳,景色3,趣味1,性价比1,2025-02-03 发布点评,走了一上午，没看到熊猫,IP属地:四川,,,大熊猫基地差评
M53****9293,,1分,不佳,景色1,趣味1,性价比1,2025-02-03 发布点评,差，很差，非常差，一次很体验感很差的旅行,IP属地:四川,,,大熊猫基地差评
M53****9293,,1分,不佳,景色1,趣味1,性价比1,2025-02-03 发布点评,场馆都围起来，一只熊猫也没看到,IP属地:四川,,,大熊猫基地差评
M53****9293,,1分,不佳,景色1,趣味1,性价比1,2025-02-03 发布点评,场馆都围起来，一只熊猫也没看到,IP属地:四川,,,大熊猫基地差评
匿名用户,,1分,不佳,景色2,趣味1,性价比1,2025-02-03 发布点评,"走了很多路一直熊猫都没看到，严重差评，差评
排队么这么长，小孩都很失望！",IP属地:四川,,,大熊猫基地差评
M24****1709,铂金贵宾,1分,不佳,景色2,趣味1,性价比1,2025-02-03 发布点评,太差了，半天时间游览看见熊猫半分钟,IP属地:四川,,,大熊猫基地差评
匿名用户,黄金贵宾,1分,不佳,景色2,趣味2,性价比2,2025-02-03 发布点评,还不如去动物园看。。,IP属地:四川,,,大熊猫基地差评
冬之冬,铂金贵宾,1分,不佳,景色1,趣味1,性价比1,2025-02-03 发布点评,人太多了，什么也看不到，,IP属地:四川,,,大熊猫基地差评
匿名用户,黄金贵宾,1分,不佳,景色3,趣味1,性价比1,2025-02-03 发布点评,不要去当**了，绕路，熊猫少得可怜。人多,IP属地:广东,,,大熊猫基地差评
匿名用户,铂金贵宾,1分,不佳,景色1,趣味1,性价比1,2025-02-03 发布点评,看不到大熊猫人看人，商业化太严重建议不要节假日去 带小孩去路上全是卖东西的，，，绕一大圈才能进景区进去后大熊猫不一定能看你得到,IP属地:甘肃,,,大熊猫基地差评
M56****4994,,1分,不佳,景色1,趣味1,性价比1,2025-02-02 发布点评,不要买这种礼品的票，不是官方的，骗人的。找不到在哪里领取！！！！！！！！！！！！！！！！！！！！,IP属地:四川,,,大熊猫基地差评
heidiwongyan,钻石贵宾,1分,不佳,景色1,趣味1,性价比1,2025-02-02 发布点评,不值得一去，乱哄哄的现场。看什么网红熊猫，要排队两个小时，真的会谢。其他又没什么看头。。。,IP属地:四川,,,大熊猫基地差评
M41****313,铂金贵宾,1分,不佳,景色1,趣味1,性价比1,2025-02-02 发布点评,不建议来哈，熊猫没见到，人见了不少,IP属地:四川,,,大熊猫基地差评
男人心情,铂金贵宾,1分,不佳,景色3,趣味1,性价比1,2025-02-02 发布点评,不值得去，看不到??,IP属地:湖南,,,大熊猫基地差评
dreamy,铂金贵宾,1分,不佳,景色1,趣味1,性价比1,2025-02-02 发布点评,春节初四去的，体验感很差。买的下午的票，人很多。网约车送到路边，大概要再走五百米到门口，排长队入园。观光车始发站排长队，停售车票。其他站点人流少，很多空车往返，也不卖票。带着老人孩子无法做观光车就只能在别墅区附近转悠。别墅区1号到6号，下午三小时，一只熊猫没看到。最后南门口博物馆逛一圈，返程。再走五百米出园，等网约车四十分钟。节假日不建议去，白花门票，车票，什么都看不到。倒是促进了景区熊猫产品的售卖。,IP属地:四川,,,大熊猫基地差评
匿名用户,铂金贵宾,2分,一般,景色3,趣味3,性价比3,2025-02-01 发布点评,号称有两百只猫，实际露面不足十分之一。幼年熊猫馆里白绕一圈，一只幼熊猫都没有,IP属地:浙江,,,大熊猫基地差评
儒家禅意,,1分,不佳,景色1,趣味1,性价比1,2025-02-01 发布点评,熊猫时空票根本没用，去的时候是关门状态,IP属地:四川,,,大熊猫基地差评
蚊子??。,,1分,不佳,景色1,趣味1,性价比1,2025-02-01 发布点评,停车场在烂泥地里，一路走到大门口20分钟、排队进场20分钟，进去以后观光车票买了目测得排一个小时，抱着孩子最后还是走路，走了快30分钟没见一个熊猫，最差的一次旅行、自己可以当一次游客体验一下，太差了,IP属地:四川,,,大熊猫基地差评
匿名用户,铂金贵宾,2分,一般,景色5,趣味5,性价比2,2025-01-31 发布点评,65年7月出生，携程上按照成人购买不符合条件，老人60优惠可以，到了景区验身份证，工作人员让补票，说不符合优待条件，那在系统上为什么不让成人购买呢？麻烦??,IP属地:四川,,,大熊猫基地差评
_WeCh****99453,铂金贵宾,1分,不佳,景色5,趣味3,性价比2,2025-01-31 发布点评,进去都是看人头，真的不建议节假日去，都是人挤人！,IP属地:四川,,,大熊猫基地差评
_WeCh****10951,铂金贵宾,2分,一般,景色3,趣味2,性价比1,2025-01-30 发布点评,熊猫基地 进去40分钟没看到 熊猫  一路走路爬坡累死人。人超多 好多不开放 又弄了单行线 走的路更多。就几个地方有熊猫出没 人围了一圈又一圈。看不到几只。真不建议去看。里面居然还有办信用卡的工作人员。真心累 又生气。还有里面那个自助讲解 千万别用 一点用没有 40块没了,IP属地:四川,,,大熊猫基地差评
匿名用户,,1分,不佳,景色1,趣味1,性价比1,2025-01-30 发布点评,观光车 到点就没有 体验很差,IP属地:四川,,,大熊猫基地差评
Forever  young,黄金贵宾,1分,不佳,景色3,趣味1,性价比1,2025-01-30 发布点评,差评差评，刚去，一家好几口人，来的人上当，白花钱，几个熊猫，而且我走了两个小时只看到了熊猫身体，睡觉，啥也看不到，,IP属地:四川,,,大熊猫基地差评
花花丛子,钻石贵宾,1分,不佳,,,,2025-01-30 发布点评,勿打车到西门或游客中心，出租平台导航的乡村无名道路需下车步行十几分钟,IP属地:四川,,,大熊猫基地差评
M30****5381,黄金贵宾,2分,一般,景色2,趣味1,性价比1,2025-01-29 发布点评,大家都是为了看花花，保安拦着，大喇叭说着，排队需要3个多小时，还不一定能看到，然后去了其他的熊猫别墅，可以说，几乎看不到，最终看到了一只小熊猫，人多的是无法形容,IP属地:四川,,,大熊猫基地差评
M42****323,黄金贵宾,1分,不佳,景色1,趣味1,性价比1,2025-01-29 发布点评,带家人一起去，就看到一个熊猫屁股，除了人多还是人多，周边收费项目越来越多，服务跟不上，路标不清不楚，工作人员更是2，出口要走一个小时也不说，只说是出口。垃圾玩意吃相太难看了，去过三次了一次比一次差。,IP属地:四川,,,大熊猫基地差评
矩阵森林,黄金贵宾,2分,一般,景色2,趣味2,性价比2,2025-01-28 发布点评,带着孩子去的，大部分时间都是再等摆渡车，当天还下小雨，里面动线也不太科学，整体感觉一般。,IP属地:四川,,,大熊猫基地差评
人间惊鸿客_,铂金贵宾,1分,不佳,景色1,趣味1,性价比1,2025-01-27 发布点评,整个基地一共就六七只熊猫，全是在睡觉，所有室内场馆全部没有熊猫，车费还花了几十块，就在成都待了一天专程去看熊猫，感觉纯诈骗，就花了几十块逛了个公园,IP属地:云南,,,大熊猫基地差评
吃大白兔奶糖,钻石贵宾,1分,不佳,景色1,趣味1,性价比1,2025-01-26 发布点评,全国最最最拉的景点之一，放出来的熊猫很少，大多都被树枝遮挡且不方便观看，一个馆到另一个馆需要走非常远的距离，且看不到个啥，真的服了，如果只是当一个普通公园来逛也还可以，但是谁跑这么远为了逛公园呢。不会再来第二次，一路上听到无数旅客抱怨这个景点垃，真的服了。,IP属地:四川,,,大熊猫基地差评
阿杜去哪儿,黑钻贵宾,1分,不佳,景色1,趣味1,性价比1,2025-01-23 发布点评,千万不要去，太坑了，工作日去的，人不算多，但是大量时间都花在重复排队、扫码、坐环保车上！不值得,IP属地:四川,,,大熊猫基地差评
202****011,黄金贵宾,1分,不佳,景色3,趣味1,性价比1,2025-01-23 发布点评,体验感极差，分上下午门票，但是上午进去的中午可以不出来。那下午票不是坑人？看花花要排两个多小时这个我可以理解。但是其他场馆基本看不到猫。太阳产房和7号别墅围蔽施工也没有明确告知。最后吐槽一下这个指示牌，两个方向都指向熊猫会客厅但是我转了一圈都没看见。问了工作人员指向了50米外的坡下。但是指示牌明确的指向会客厅22M处。总结：不是花花忠粉就别来了。,IP属地:四川,,,大熊猫基地差评
8????猪猪,黄金贵宾,1分,不佳,景色2,趣味1,性价比1,2025-01-20 发布点评,"观光车下车点下来后还得爬半座山才到景点！一个上车点挤了50人，10分钟都没一台车！路标设置像迷宫，走到景点门口才标志今天不开放！超级差评！路上还让我们问工作人员，路上光秃秃的，人影都没一个！活该不赚钱！什么破服务质量！
这也算了，室内景点根本和车站名字半毛钱关系没有！到哪下车自己都没办法分辨。是我在成都旅游的行程中体验最差的！谁想来把腿走废的，欢迎光临！！！！",IP属地:四川,,,大熊猫基地差评
匿名用户,黄金贵宾,2分,一般,景色3,趣味2,性价比3,2025-01-19 发布点评,园区不大，没多少趣味性。,IP属地:四川,,,大熊猫基地差评
匿名用户,铂金贵宾,1分,不佳,景色1,趣味1,性价比1,2025-01-19 发布点评,千万不要买，一个55的门票卖**，一个冰箱贴值9块吗？最重要的是有商家买58送挂件。看到让我直拍大腿，想说一句脏话，还是公众号上老老实实买票吧。,IP属地:四川,,,大熊猫基地差评
匿名用户,,1分,不佳,景色3,趣味2,性价比1,2025-01-18 发布点评,景区观光车排队时间太长了，人多，观光车很少。排队时间比看熊猫时间还要长。体验感瞬间不好啦，拍了很久的队，半天不动。10分钟就动几步。,IP属地:四川,,,大熊猫基地差评
M50****2249,黄金贵宾,1分,不佳,景色3,趣味3,性价比1,2025-01-17 发布点评,熊猫基地还可以，景色还行，熊猫很可爱，差评给携程这让人无语的文创产品，景区找一圈没找到领取的地方，问了工作人员才知道这是携程自己的文创，在景区外面领取，然后出去走了老远，进了个文创店，店员都不看我们的票直接让选，拿一个比在饭店吃饭给好评就送的还差的挂件，也不用验票，说白了，你没买票，直接去拿他都不带问你的，就很劣质的一个挂件 携程给你加7块钱，这七块钱在景区外面的大妈那里能买的东西多多了，就坑人，差评，以后都不会在携程上买景区票了。,IP属地:浙江,,,大熊猫基地差评
M51****9424,铂金贵宾,1分,不佳,景色4,趣味1,性价比1,2025-01-17 发布点评,各种排队排队，观光车每站要排30分钟起,IP属地:四川,,,大熊猫基地差评
sunny1213,铂金贵宾,1分,不佳,景色3,趣味1,性价比2,2025-01-16 发布点评,不得行，又贵又不好看，内容一致,IP属地:江苏,,,大熊猫基地差评
匿名用户,黄金贵宾,1分,不佳,景色1,趣味1,性价比1,2025-01-16 发布点评,体验感太差,IP属地:四川,,,大熊猫基地差评
M59****817,,1分,不佳,景色5,趣味5,性价比1,2025-01-14 发布点评,时空穿越不要在线上订票比实体店贵,IP属地:四川,,,大熊猫基地差评
王蓉_王蓉,,2分,一般,,,,2025-01-13 发布点评,"离市中心太远,熊猫无聊,不值得去时间,旅游区电车的路很模糊,难以理解,我们一行错了好几次,从哪里走都花了好多时间",IP属地:未知,,,大熊猫基地差评
匿名用户,黄金贵宾,1分,不佳,景色1,趣味1,性价比1,2025-01-12 发布点评,非常不好耍,IP属地:四川,,,大熊猫基地差评
匿名用户,钻石贵宾,1分,不佳,景色1,趣味1,性价比1,2025-01-10 发布点评,服务态度一塌糊涂，还不处理，态度恶劣，大家不要上档,IP属地:江苏,,,大熊猫基地差评
苏格,黄金贵宾,1分,不佳,景色1,趣味1,性价比1,2025-01-02 发布点评,体验感太差,IP属地:甘肃,,,大熊猫基地差评
匿名用户,铂金贵宾,2分,一般,景色2,趣味2,性价比2,2025-01-01 发布点评,等待看花花时间太长。园区虽然大，但是没看见几只熊猫。不建议去。,IP属地:新加坡,,,大熊猫基地差评
M51****8550,黄金贵宾,1分,不佳,景色4,趣味2,性价比1,2025-01-01 发布点评,票]}！那旒就真_人，以榛地e面，l知道是外面，o七元，拿不值一元的|西！@N大的旅[公司也@N黑，黑……,IP属地:中国香港,,,大熊猫基地差评
PATRICK-CHEAH,,2分,一般,,,,2025-01-01 发布点评,"公园很大,熊猫住的环境也很大,近距离看熊猫很难,去成都动物园看熊猫会更好",IP属地:未知,,,大熊猫基地差评
M25****4987,黄金贵宾,1分,不佳,景色1,趣味1,性价比1,2024-12-31 发布点评,"景区只想赚钱，不花时间找不到熊猫！！！1. 景区很大，为了节约时间必须坐30一位的观光车。然后观光车在一个商业街把我们放下了。2. 场馆名字不知所云，看地图根本不知道熊猫在哪里。我们时间紧张，只有一个小时。只找到了一只熊猫。3. 往回赶的时候，观光车把我们运到“出口”，我就约车了。然后发现要到能坐车的出口还有一公里多，这片又是商业区！赶时间的我们只能一路狂奔。
这个景区吃相难看，不仅给四川人丢人，还给中国人丢人了。",IP属地:中国香港,,,大熊猫基地差评
M37****515,黄金贵宾,1分,不佳,景色1,趣味1,性价比1,2024-12-30 发布点评,差劲差劲差劲,IP属地:上海,,,大熊猫基地差评
Lil Boom,铂金贵宾,1分,不佳,景色1,趣味1,性价比1,2024-12-30 发布点评,我熊猫挂件都没有领到??,IP属地:四川,,,大熊猫基地差评
MGJ Total Grow Solutions,,1分,不佳,,,,2024-12-30 发布点评, 这里停车位倒是很多，而且价格也不贵，但是园区挺大的，整体来说没什么好看的，就是几只动物熊猫，还有买了一个人30人民币的观光车。就是你跑很远花很多力气，但是最后只是看到一点点东西整体来说没有什么太大的价值，只是说自己亲眼看到这种动物。,IP属地:未知,,,大熊猫基地差评
TerenceGoh,钻石贵宾,2分,一般,景色2,趣味1,性价比1,2024-12-29 发布点评,只有4个馆开放。人太多。 挤了后才看到一只熊猫的背。,IP属地:中国香港,,,大熊猫基地差评
matrix2249,,2分,一般,,,,2024-12-29 发布点评,地方大，必须坐观光车，但需要额外收费，什么馆什么馆，有什么区别不知道，来了就是想看国宝，去那么多馆子干啥？看了一个馆有两头国宝在玩，去第二个馆，一头都看不到，走了！坑！,IP属地:未知,,,大熊猫基地差评
匿名用户,钻石贵宾,1分,不佳,景色2,趣味1,性价比2,2024-12-25 发布点评,没有什么熊猫可看，坐观光车也比较慢，每次都刷码很麻烦，不如别的公园买个票弄个手环，上车展示一下省时又方便,IP属地:新西兰,,,大熊猫基地差评
milohg,铂金贵宾,1分,不佳,景色1,趣味1,性价比1,2024-12-21 发布点评,车况很差，不要坐,IP属地:上海,,,大熊猫基地差评
匿名用户,钻石贵宾,1分,不佳,景色1,趣味1,性价比1,2024-12-20 发布点评,霸王条款。。。门票购买之后没去居然自动核销了??， 穷疯了吧,IP属地:四川,,,大熊猫基地差评
M28****6429,铂金贵宾,1分,不佳,景色1,趣味1,性价比1,2024-12-18 发布点评,总体评价三星服务一般,IP属地:宁夏,,,大熊猫基地差评
匿名用户,铂金贵宾,1分,不佳,景色5,趣味1,性价比1,2024-12-10 发布点评,不值得去，千万不要去。,IP属地:广东,,,大熊猫基地差评
匿名用户,铂金贵宾,1分,不佳,景色3,趣味1,性价比1,2024-12-07 发布点评,不值得去看，还不如去动物看熊猫，从西门进就是坑！,IP属地:陕西,,,大熊猫基地差评
匿名用户,铂金贵宾,1分,不佳,景色5,趣味5,性价比1,2024-12-07 发布点评,千万不要选这个套餐，骗人的，那个天府通纪念卡就是一张自己印刷的名片大小的破纸，完全不是公交纪念卡，用了天府通的名字来骗人,IP属地:四川,,,大熊猫基地差评
匿名用户,钻石贵宾,1分,不佳,景色1,趣味1,性价比1,2024-12-01 发布点评,游览路线极其不合理，首先，大门没车，停车点设置距离大门2公里！其次，买了电瓶车票，下车点距离熊猫宿舍又间隔一公里以上，绕来绕去，就是让你看不到熊猫！从进大门到排队3小时，一只熊猫都没看到！优秀的设计。,IP属地:四川,,,大熊猫基地差评
匿名用户,黄金贵宾,1分,不佳,景色5,趣味2,性价比2,2024-12-01 发布点评,什么也看不到，环境还可以,IP属地:四川,,,大熊猫基地差评
M25****5080,黄金贵宾,1分,不佳,景色1,趣味1,性价比1,2024-11-29 发布点评,不值 基本都是很远或者看后背 要么就是排队两三个小时,IP属地:河南,,,大熊猫基地差评
M55****998,,1分,不佳,景色1,趣味1,性价比1,2024-11-28 发布点评,"很垃圾，
根本找不到车",IP属地:四川,,,大熊猫基地差评
M43****7706,黄金贵宾,1分,不佳,景色1,趣味1,性价比1,2024-11-24 发布点评,不太值得去，没有小熊猫,IP属地:四川,,,大熊猫基地差评
匿名用户,铂金贵宾,1分,不佳,景色5,趣味1,性价比1,2024-11-23 发布点评,由于飞机延误四点多才到，熊猫都进去睡觉了，只能远远看到一只，保安服务态度很好，其他人服务态度很差，景区内卖的熊猫公仔贵2倍，市区门店48，景区88，注意避雷,IP属地:四川,,,大熊猫基地差评
柒柒ok,铂金贵宾,2分,一般,景色2,趣味2,性价比2,2024-11-23 发布点评,千万别来踩坑，除非对花花有兴趣的，或你是花花的粉丝，光排队就排几个小时，后来我们不排了，说去看别的熊猫，一个别墅只有一只熊猫，而且还看不到影，还有天鹅湖，什么天鹅，明明是野鸭子，我都怕发圈被笑死，观光车是是排很久，外面有像公交车一样的站牌，就是不停下来给你上车，我们是走出去,IP属地:四川,,,大熊猫基地差评
_WeCh****26114,铂金贵宾,1分,不佳,景色1,趣味1,性价比1,2024-11-23 发布点评,垃圾，商业化太重,IP属地:四川,,,大熊猫基地差评
匿名用户,铂金贵宾,1分,不佳,景色1,趣味1,性价比1,2024-11-19 发布点评,直接选择买票 别选什么挂件 7块钱 给个垃圾 就没有领 也不让退 很小一个钥匙扣,IP属地:四川,,,大熊猫基地差评
M28****9338,,2分,一般,景色2,趣味2,性价比2,2024-11-18 发布点评,在携程订了今天上午9点去熊猫基地的直通车票，平台没有发车牌号信息，我们上不了任何去能猫基地的直通车，要求退票。,IP属地:四川,,,大熊猫基地差评
zm5865863658,铂金贵宾,1分,不佳,景色3,趣味1,性价比1,2024-11-17 发布点评,基本看不到,IP属地:四川,,,大熊猫基地差评
匿名用户,铂金贵宾,2分,一般,景色2,趣味2,性价比2,2024-11-14 发布点评,没啥可看的去的时候熊猫都在睡觉，一天就四个小时清醒，看到花花了但是就三分钟，然后景区的工作人员就开始催人走，还有的顾客和景区的打起来了,IP属地:辽宁,,,大熊猫基地差评
扬帆客,黄金贵宾,1分,不佳,景色1,趣味1,性价比1,2024-11-13 发布点评,上车地点没有醒目的提醒标志，而且不能停车，所以车辆是提前2分钟到达，但携程要求我们提前15分钟到达，导致游客以为上错地点反复寻找。,IP属地:福建,,,大熊猫基地差评
M52****4616,黄金贵宾,1分,不佳,景色5,趣味1,性价比1,2024-11-13 发布点评,熊猫没有想象的多  一共就看到十几个而且都在睡觉,IP属地:四川,,,大熊猫基地差评
138****9566,钻石贵宾,2分,一般,景色2,趣味2,性价比2,2024-11-11 发布点评,几乎什么都没有，就是花花名气响，问了工作人员，产房里没有幼仔的，骗人的，网上都是托，最失望景点,IP属地:四川,,,大熊猫基地差评
匿名用户,铂金贵宾,2分,一般,景色3,趣味1,性价比1,2024-11-11 发布点评,8年后第二次去，体验感太差，啥都没看到……外面的熊猫都睡觉，小熊猫管全关闭，也不在买票的时候提醒……花花排队2小时，懒得去了，体验感完全没有……不建议再去，周末都这样子，估计旺季更恼火，还不如直接去动物园看熊猫,IP属地:重庆,,,大熊猫基地差评
zjissj,钻石贵宾,1分,不佳,景色1,趣味1,性价比1,2024-11-10 发布点评,携程无法提供发票,IP属地:四川,,,大熊猫基地差评
M24****755,铂金贵宾,1分,不佳,景色4,趣味1,性价比1,2024-11-09 发布点评,进去后，只看到3只熊猫屁股，所以奉劝广大游客三思而后行,IP属地:上海,,,大熊猫基地差评
M27****9074,黄金贵宾,1分,不佳,景色1,趣味1,性价比1,2024-11-08 发布点评,指示牌特别垃圾，不明确，一圈一圈绕路还看不到熊猫，,IP属地:四川,,,大熊猫基地差评
金果米月,黄金贵宾,1分,不佳,景色1,趣味1,性价比1,2024-11-07 发布点评,包裹太多，其中一个包落通行车上了，是景区直通车从太古里到熊猫基地的，也在客服申诉了，结果司机根本没有责任心，没有归还，只能怨自己粗心大意了。,IP属地:四川,,,大熊猫基地差评
匿名用户,铂金贵宾,1分,不佳,景色4,趣味5,性价比1,2024-11-04 发布点评,千万不要附加文创！千万不要附加文创！天府卡就是一张小卡片！冰箱贴也非常小和劣质！一毛钱都不值！就是为了引流用的，纯坑人的！位置还很不好找！,IP属地:四川,,,大熊猫基地差评
谭酉卒,铂金贵宾,2分,一般,景色1,趣味3,性价比2,2024-11-02 发布点评,一般般啊哈哈,IP属地:四川,,,大熊猫基地差评
M22****6664,黄金贵宾,2分,一般,景色3,趣味3,性价比2,2024-11-01 发布点评,什么垃圾服务，改了乘车位置不提前通知，问了路人才知道改位置了。不知道这家是不是就是景区直通车那家，一样的垃圾。建议能买成都公交的还是买公交。,IP属地:四川,,,大熊猫基地差评
M49****663,黄金贵宾,1分,不佳,景色3,趣味2,性价比2,2024-10-29 发布点评,下午不建议去，熊猫看不见几只，进去里面基本是蒙圈状态，不管是开车的还是检票的问了都是我不知道的样子，一个推一个，到下车点讲话非常快，多问几句还很不耐烦。熊猫都在很里面，要放很大才能拍到,IP属地:四川,,,大熊猫基地差评
205****607,钻石贵宾,2分,一般,景色3,趣味1,性价比1,2024-10-28 发布点评,整体感官比较差。来回开了近三个小时的车，满怀热情和希望入园，结果上午十点多入园只能远距离看到不到十只大熊猫，还都趴着睡觉，没有工作人员投喂大熊猫，园区了无生气，让游人失望，与重庆动物园熊猫馆的观赏性相差甚远，尤其是商店保安，态度恶劣，熊猫馆保安对于游客咨询漫不经心回复，态度敷衍，总体来说是一次让人失望之行。,IP属地:广西,,,大熊猫基地差评
书呆子68,黄金贵宾,2分,一般,景色5,趣味3,性价比3,2024-10-28 发布点评,很不人性化，园区太大，交通种类太单一，比如电动观光车两至四人，灵活停靠区。,IP属地:四川,,,大熊猫基地差评
鞠岩,黑钻贵宾,1分,不佳,景色5,趣味1,性价比1,2024-10-28 发布点评,去了熊猫基地，连大熊猫都没看到，这不是胡扯事吗？所以不建议到这个熊猫基地游玩，都江堰旁的熊猫基地还是非常有性价比的！,IP属地:上海,,,大熊猫基地差评
M27****6913,,1分,不佳,景色1,趣味2,性价比1,2024-10-26 发布点评,太差了基本没啥玩意千万个买5D的套票,IP属地:四川,,,大熊猫基地差评
匿名用户,,2分,一般,景色3,趣味3,性价比1,2024-10-26 发布点评,首先剧场非常不好找，园区内没有任何提示牌，差点没看上。第二，我订的VIP票，结果进剧场看剧的人全都坐的vip的座位，其实就是剧场中间的位置，购票的时候没有一点提示，挺恶心的，这钱花的挺不值的，第三可能我不懂艺术，看的很没意思，不知道网上说好的那些人是不是拖，最后我想说的是真不值这个价，这个剧适合带孩子看，看个热闹就好了,IP属地:四川,,,大熊猫基地差评
M39****7882,黄金贵宾,2分,一般,景色4,趣味2,性价比3,2024-10-26 发布点评,"根本没看到啥熊猫！都不营业不热情！花花排队两小时只看三分钟！不推荐去
交通服务还不错！",IP属地:四川,,,大熊猫基地差评
M65****6053,黄金贵宾,2分,一般,景色5,趣味3,性价比2,2024-10-20 发布点评,想看熊猫得碰运气  国宝咱理解   可是景区的服务不到位  观光车不在显眼处  有老人孩子的如果第一时间没有发现有观光车坐 那你只能靠腿上上下下了 挺累的  还有就是网约车  一个景点如果不能很好的管理网约车  不能让外来的游客很方便的使用网约车真的是诟病一大堆  所以想去看大熊猫的 第一个想好了如果没有网约车 你怎么办,IP属地:广东,,,大熊猫基地差评
匿名用户,黄金贵宾,1分,不佳,景色1,趣味1,性价比1,2024-10-19 发布点评,"不值得去 带宝宝的别去
无障碍通道形同虚设
带宝宝推婴儿车非常累",IP属地:江苏,,,大熊猫基地差评
匿名用户,黄金贵宾,2分,一般,景色3,趣味3,性价比1,2024-10-18 发布点评,可爱的是熊猫，令人生厌的是人。保安本来是维持秩序，提高大家游览体验的，可惜这里有的保安以为自己是这里的主角，是大爷，淡季去的，游客不算多，只是在活动度高一点的熊猫舍围观的游客多一点，有的保安就大声呵斥，仿佛游客多不文明，多危险。保安的服务意识和服务水平亟待提高。建议大家不要去基地，想看熊猫，去碧峰峡体验感好很多。,IP属地:湖北,,,大熊猫基地差评
seewindow,黄金贵宾,1分,不佳,景色1,趣味1,性价比1,2024-10-15 发布点评,感觉被骗了,IP属地:天津,,,大熊猫基地差评
138****2336,黄金贵宾,2分,一般,景色2,趣味1,性价比1,2024-10-15 发布点评,最差的一次进景点！工作人员也是瞎指挥！,IP属地:河南,,,大熊猫基地差评
会飞的骏马,铂金贵宾,1分,不佳,景色1,趣味1,性价比1,2024-10-15 发布点评,太坑，走路两小时看见4个睡觉的。观光车还得等待一个多小时。还不如去动物园，或者重庆动物园呢。不是钱的事。进来了就是看树木。草地。5个馆看见4个睡觉的，这还是上午来的,IP属地:四川,,,大熊猫基地差评
尘封的烈日,铂金贵宾,2分,一般,景色2,趣味2,性价比2,2024-10-13 发布点评,建议去熊猫谷好看看，这里真的不咋地，很少的，花花也不容易看到,IP属地:山西,,,大熊猫基地差评
139****6008,,1分,不佳,景色2,趣味1,性价比1,2024-10-12 发布点评,人多也就算了，100多只熊猫，连个熊毛都看不到，啥都没有，逛街了。如果每逢国庆，春节还是这样样子，还不如不开放。,IP属地:浙江,,,大熊猫基地差评
M29****5225,铂金贵宾,1分,不佳,景色4,趣味4,性价比1,2024-10-12 发布点评,这次熊猫基地游请的讲解员太差劲??  讲的不专业，我们游客在后面走，她在前面走得很远，不管不顾游客，希望大家以后不要请讲解员，都是忽悠我们的钱，188元真是太不值啦,IP属地:四川,,,大熊猫基地差评
M29****3451,,1分,不佳,景色1,趣味1,性价比1,2024-10-12 发布点评,骗人的钱，骗子公司，垃圾携程，再也不用携程了，垃圾！,IP属地:湖北,,,大熊猫基地差评
_ucwe****098839,铂金贵宾,1分,不佳,景色1,趣味1,性价比1,2024-10-12 发布点评,人太多，没有看见什么大熊猫。,IP属地:四川,,,大熊猫基地差评
俗人@,,1分,不佳,景色1,趣味1,性价比1,2024-10-12 发布点评,去的时候说什么熊猫，每天只有早上出来几个小时，中午至下午都不出来，第二天也不会出来,IP属地:重庆,,,大熊猫基地差评
_WeCh****424545,铂金贵宾,1分,不佳,景色1,趣味1,性价比1,2024-10-10 发布点评,其他都挺好的，就是携程这个平台很垃圾。投诉没有任何效果，员工态度太恶劣。第一次觉得携程特别特别垃圾。,IP属地:江苏,,,大熊猫基地差评
匿名用户,黄金贵宾,2分,一般,景色3,趣味3,性价比4,2024-10-10 发布点评,呆了整整一上午  一个小熊猫都没看见  所有的馆内都是空的 没有熊猫  外面的熊猫也没几只,IP属地:四川,,,大熊猫基地差评
_M13****7110,铂金贵宾,2分,一般,景色3,趣味3,性价比1,2024-10-09 发布点评,人太多了，观光车一直停运，基地内部的道路是山丘，步行就会很累，不推荐去？,IP属地:北京,,,大熊猫基地差评
匿名用户,钻石贵宾,1分,不佳,景色3,趣味1,性价比1,2024-10-08 发布点评,除非你是顶流女明星花花的死忠粉，要不真的真的没有一点必要去成都大熊猫繁育研究基地。几个小时排队到了还绝大多数可能只看到背影或者侧影，除了累，就是有一种被骗的感觉。,IP属地:四川,,,大熊猫基地差评
_gf520****014662,铂金贵宾,2分,一般,景色2,趣味2,性价比1,2024-10-08 发布点评,吃的东西卖的比较贵且份量少，接驳车少，供不应求,IP属地:江苏,,,大熊猫基地差评
M31****444,铂金贵宾,1分,不佳,景色3,趣味1,性价比1,2024-10-08 发布点评,太差了，跑几千公里来看几只只能看到屁股的大熊猫不是很推荐，还是自己城市里看看算了，,IP属地:浙江,,,大熊猫基地差评
匿名用户,,1分,不佳,景色1,趣味1,性价比1,2024-10-06 发布点评,差评，以为包含门票，结果害的我票都没买上。到景点才出来不含门票，直接是个坑,IP属地:甘肃,,,大熊猫基地差评
M53****3393,,1分,不佳,景色1,趣味1,性价比1,2024-10-06 发布点评,观光车排队时间太长 排队一个小时坐车两分钟 观光车指示牌太少  至少一个别墅一个坐观光车的上下站 人员拥堵,IP属地:四川,,,大熊猫基地差评
viola瑾,铂金贵宾,1分,不佳,景色4,趣味4,性价比1,2024-10-06 发布点评,很差劲的一次体验，买的188一大一小高价票，然后为了??花花带着孩子六点多就排队，第一批进去，结果刷身份证的时候告知无票，让我到售票处补票，排了一个多小时的对就想赶在第一批进去，结果不知道是携程还是园区的问题导致我没能顺利进入，折腾半小时再进去又排队二小时，真的很无语，还有套票的那个挂坠我也没找到，景区说这是携程自己搞得，携程电话也打不通,IP属地:江苏,,,大熊猫基地差评
136****0652,黄金贵宾,1分,不佳,景色3,趣味1,性价比1,2024-10-05 发布点评,十分垃圾，尽量别去,IP属地:黑龙江,,,大熊猫基地差评
M42****798,,2分,一般,景色2,趣味2,性价比2,2024-10-05 发布点评,确实不太好,IP属地:四川,,,大熊猫基地差评
M35****7201,铂金贵宾,1分,不佳,景色2,趣味2,性价比1,2024-10-04 发布点评,下午去的，熊猫都在睡觉，景区坐车排队很慢，服务人员意识差,IP属地:四川,,,大熊猫基地差评
我是太阳1,黄金贵宾,1分,不佳,景色1,趣味1,性价比1,2024-10-04 发布点评,"买了两大一小，想退一张大人的，平台不给退，说买了就不支持退款了。
**************************
入园后一只大熊猫没见着，*******
去看熊猫音乐剧要做观光车，观光车排队一小时以上，就迟到了。
大熊猫没见着，熊猫音乐剧错过了。两大一小六百多块钱的票白白打水漂了，唉",IP属地:四川,,,大熊猫基地差评
风度狗,,1分,不佳,景色2,趣味1,性价比1,2024-10-04 发布点评,十一下午去的，一个熊猫都没看到，光排队了,IP属地:四川,,,大熊猫基地差评
_WeCh****24253,黑钻贵宾,2分,一般,景色3,趣味2,性价比1,2024-10-04 发布点评,公交公司真的有点傻 两分钟车程开很慢卖东西 关键东西很二 扫码看视频，车上味道很大。  国庆人多 景区应该多开几个门可以出去。要返回西门或者南门很远。 不够科学,IP属地:四川,,,大熊猫基地差评
宁夏.张sir,铂金贵宾,1分,不佳,景色1,趣味1,性价比1,2024-10-04 发布点评,55元一张门票，结果我被携程平台骗着买了 277 元的家庭票（两大一小+熊猫挂件/熊猫发箍），可笑的是，送的熊猫挂件还在南门口外边领取，我开车从西门进的园区，莫非还得出去掉头到南门领取？？？好端端的在公众号上花两个 55 元成人票带孩子进去玩不香吗？极力不推荐大家购买，此产品毫无性价比，严重影响到携程平台的声誉，作为资深携程老会员，这次让我对携程平台有了新的看法，两成人 110 元能解决的事，我硬被骗了 277 元解决了，提醒大家不要踩坑！在公众号上买才不会被骗！,IP属地:四川,,,大熊猫基地差评
M23****5293,黄金贵宾,2分,一般,景色2,趣味2,性价比1,2024-10-04 发布点评,性价比不高,IP属地:四川,,,大熊猫基地差评
匿名用户,铂金贵宾,1分,不佳,景色1,趣味1,性价比1,2024-10-04 发布点评,买错了，不给换日期，也不给退，强盗行为,IP属地:四川,,,大熊猫基地差评
_noki****808829,钻石贵宾,1分,不佳,景色1,趣味1,性价比1,2024-10-03 发布点评,体验感极差，人多很多服务跟不上，观光车不足，过节期间三门开2个，不管游客，打车停车都要很远！！不会再来,IP属地:四川,,,大熊猫基地差评
匿名用户,铂金贵宾,2分,一般,景色5,趣味3,性价比3,2024-10-03 发布点评,性价比一般，不如单独买票，尤其是儿童票,IP属地:四川,,,大熊猫基地差评
匿名用户,铂金贵宾,1分,不佳,景色1,趣味1,性价比1,2024-10-03 发布点评,人山人海，交通混乱，门口人挤人还没有维持秩序的。基本看不到熊猫，参考我的照片，只有远远这么一只。建议大家还是别去了。,IP属地:四川,,,大熊猫基地差评
悠悠,铂金贵宾,2分,一般,景色3,趣味3,性价比3,2024-10-03 发布点评,看的热闹，确不见熊猫,IP属地:四川,,,大熊猫基地差评
iam_Michael,铂金贵宾,1分,不佳,景色3,趣味3,性价比1,2024-10-02 发布点评,人太多，好几次排了一个小时都看不到熊猫,IP属地:四川,,,大熊猫基地差评
刘先圳,钻石贵宾,1分,不佳,景色1,趣味1,性价比1,2024-10-02 发布点评,人从众，全是人，一个熊猫也没有看到，不建议去看,IP属地:广东,,,大熊猫基地差评
M22****5493,铂金贵宾,1分,不佳,景色1,趣味1,性价比1,2024-10-02 发布点评,含猫量太低，景区设置不合理，走了上万步，看了不到十只猫,IP属地:四川,,,大熊猫基地差评
MikeWang1122,铂金贵宾,1分,不佳,景色1,趣味1,性价比1,2024-10-02 发布点评,人好多，看不到熊猫，唯一看了几眼还是从前排人举着的手机里面看到的。回程车也叫不到，滴滴叫车前面排了125人，出租车排了10米的队，然后没车来,IP属地:四川,,,大熊猫基地差评
_WeCh****37462,黄金贵宾,2分,一般,景色2,趣味2,性价比2,2024-10-02 发布点评,什么都没看到  全是人,IP属地:北京,,,大熊猫基地差评
206****779,黄金贵宾,2分,一般,景色4,趣味2,性价比1,2024-10-02 发布点评,没什么好看的,IP属地:贵州,,,大熊猫基地差评
匿名用户,,1分,不佳,景色1,趣味1,性价比1,2024-10-02 发布点评,钱花了，一只大熊猫也没看见，工作人员态度恶劣,IP属地:四川,,,大熊猫基地差评
_CFT01****0815605,黄金贵宾,1分,不佳,景色1,趣味1,性价比1,2024-10-02 发布点评,"非常差的一次体验，下午熊猫压根就不出来，要么就是躲起来，要不就是睡觉，上午票订不到。下午票尽睡觉。
大老远从北方过来，就为了爬山。
除了餐厅就是餐厅，您们要是想收钱就明说。
这次体验相当差，成都的口碑就叫你们给造没了。
在也不来成都了，商业化太严重。",IP属地:四川,,,大熊猫基地差评
134****7500,,1分,不佳,景色3,趣味1,性价比1,2024-10-01 发布点评,情绪价值，观光体验为负数，没有都江堰的熊猫基地好，那边人不多，大熊猫小熊猫都有，环境优美，不需要观光车，没有那么多商业化的商店，这边场馆之间相隔太远，带老年人国庆节来，人多排队，老年人受不了，都江堰的我是走完了的，那边小熊猫跟人零距离接触，这边都有一条深沟隔断，一点都不推荐，我是成都本地人，推荐大家去都江堰那个熊猫基地,IP属地:四川,,,大熊猫基地差评
LucifeRambo,,1分,不佳,景色1,趣味1,性价比1,2024-09-29 发布点评,差评，差评，差评，雨天正常买票，什么也看不到，花钱逛公园了。失望，失望，失望。,IP属地:四川,,,大熊猫基地差评
136****0652,黄金贵宾,1分,不佳,景色2,趣味2,性价比1,2024-09-29 发布点评,大熊猫士多点，没看到花花，走的太累了，隐形消费很多，不会再来了。,IP属地:四川,,,大熊猫基地差评
匿名用户,黄金贵宾,1分,不佳,景色4,趣味1,性价比1,2024-09-28 发布点评,大熊猫看了个寂寞,IP属地:广东,,,大熊猫基地差评
摩天，,铂金贵宾,2分,一般,景色1,趣味1,性价比1,2024-09-27 发布点评,排队2小时，路上还遇见********，这个悟空利用聋哑的事情，让人无法拒绝。,IP属地:陕西,,,大熊猫基地差评
M22****1586,黄金贵宾,1分,不佳,景色1,趣味1,性价比1,2024-09-26 发布点评,莫去。。。。,IP属地:四川,,,大熊猫基地差评
M47****397,,2分,一般,景色3,趣味2,性价比2,2024-09-25 发布点评,"尽管猫猫们都很可爱，但是再也不想来了！！！
1.指示牌冬夏并不一样，因为熊猫夏天基本都在室内场馆，但是很多地标都还是冬季的路标，老远走过去了之后发现啥也看不到！！！！
2.每个摆渡车下车点到要参观的场馆还有巨长的距离！！！我一个正当壮年的成年人，且并未完全参观所有场馆，一天下来都吃不消，更何况带着老人孩子的游客！！！希望场馆能在动线设计上做一些优化改进
3.不要轻信指示牌显示的距离，那并非是实际距离，真的两点间的直线距离，而我们要走的往往都是一个巨大的环线，这个直线距离要被放大三四倍！！！并非危言耸听！！！而且一会儿上坡一会下坡！",IP属地:四川,,,大熊猫基地差评
匿名用户,铂金贵宾,1分,不佳,景色3,趣味1,性价比1,2024-09-23 发布点评,"超级无敌糟糕
花钱去买罪受的
7点多进园
排队35分钟检票
所有熊猫都不在室外
所有熊猫的内场都排队之前1小时以上
每个场隔的巨远
还没什么可以坐的地方
结果就排了一个内场的熊猫
排1个半小时
轮到自己的时候
工作人员说不要停留
要一直走
然后就是5秒钟时间路过玻璃房
连拍照都来不及的时间
太无语了
我是来看大熊猫还是来排队玩的？
最起码控制人流
每个人可停留5分钟还好说
连停留的时间都不给
我那门票到底用来看什么呢？
是被节假日的人流惯的吧？
熊猫流量起来了
花钱看一眼的都不配了是么？
一整个园
总共展出了几个？
天气热了熊猫不出来
就干脆直接公告告诉大家好了
所有人涌进去
结果什么都看不到
钱倒是收爽了",IP属地:广西,,,大熊猫基地差评
朱毅zyzgg1976,黄金贵宾,1分,不佳,景色1,趣味1,性价比1,2024-09-23 发布点评,极差极差极差的一次体验，景区乱嘈杂，无人引导。熊猫懒洋洋，只知道睡觉，没什么看头。极差极差极差的体验，极差极差极差的体验。和网传极不相符，工作人员没服务心。,IP属地:四川,,,大熊猫基地差评
_WeCh****246615,铂金贵宾,1分,不佳,景色1,趣味1,性价比1,2024-09-22 发布点评,熊猫什么都没看到,IP属地:湖南,,,大熊猫基地差评
M22****1350,黄金贵宾,1分,不佳,景色1,趣味1,性价比1,2024-09-21 发布点评,比以前差远了，不会再去,IP属地:山东,,,大熊猫基地差评
M22****0673,黄金贵宾,1分,不佳,景色5,趣味1,性价比1,2024-09-20 发布点评,"千万不要买带熊猫挂件的这一个套餐。妥妥的智商税挂件是一个亚克力板，普通的要命。找这家店还要再花点时间。商家根本不care，你到底有没有下订单。
当然你要是很喜欢也没有什么关系，只是这个价格太贵了，还不如单独去买。",IP属地:四川,,,大熊猫基地差评
匿名用户,黄金贵宾,1分,不佳,景色1,趣味1,性价比1,2024-09-20 发布点评,大熊猫别想看到，郁闷,IP属地:甘肃,,,大熊猫基地差评
320****478,铂金贵宾,1分,不佳,景色5,趣味1,性价比1,2024-09-18 发布点评,这个熊猫基地果然像之前网上说的体验感特别差，我从来都不给差评，但是这唯一一次的差评要给这个熊猫基地，与携程无关，早上带着两个孩子从景区入口进去直接去的六号看花花，早上不到八点十分开始在六号入口那排队，但是排了53分钟后工作人员告诉花花回去休息了，那阵是9：04让我们可以不用排了，53分钟我顶着烈日领着俩孩子就在那等着，结果连门都没进去，接下来无论去哪个别墅熊猫都回去歇息了，南门进去一共就看了两个熊猫屁股，还好在产房里看见了几个熊猫，要不然真白去了，虽然太阳是热的但是心里是哇凉的，感觉自己就是上当受骗了，之前我开始排队的时候工作人员什么都不说，排了50多分钟突然告诉我花花休息了，不用进去看了，让赶紧出去，花花休息没问题，毕竟花花怕热，但是就是觉得景区在利用大熊猫的生活习惯在欺骗我们，太不拿消费者当回事，景区的经营模式太差劲，以后不会再去熊猫基地，也会建议身边的亲朋好友不要去，就是骗钱的。,IP属地:四川,,,大熊猫基地差评
M26****1624,铂金贵宾,2分,一般,景色2,趣味2,性价比2,2024-09-17 发布点评,太差，太差，不一般差,IP属地:宁夏,,,大熊猫基地差评
Sulin_360,,1分,不佳,景色1,趣味1,性价比1,2024-09-17 发布点评,花了55元门票，一只熊猫都没看到，简直是吭人的。,IP属地:广东,,,大熊猫基地差评
匿名用户,铂金贵宾,1分,不佳,景色1,趣味1,性价比1,2024-09-17 发布点评,这是我第一次差评，送给携程的熊猫基地，*****，直通车只有南门的，基地从西门进去，原路返回，不能用，不能退，给携程打电话协商，也不给退，现场我买票是2岁儿童不需要购票，一家三口只需要20元，但是网上购买，写的大小同价，我拍了3份，无法使用，也不给退，这种霸王条款的商家，携程居然还放到网上售卖，现场支*宝*信都可以购买，而且小孩子不用买票，建议大家都不要在网上买，门口随时都有班车去市里，建议携程下架熊猫基地直通车这项服务，玩不起别玩，30块钱给你，你也富不了，就是太恶心人！文旅局投诉你们，太气人！,IP属地:四川,,,大熊猫基地差评
梅37d,铂金贵宾,2分,一般,景色3,趣味3,性价比2,2024-09-17 发布点评,太坑了，就看到两个睡猫，满眼都是竹子,IP属地:陕西,,,大熊猫基地差评
快乐的小白兔叽酱,铂金贵宾,1分,不佳,景色5,趣味2,性价比1,2024-09-16 发布点评,蹦着大熊去看的，结果看了个寂寞 就看了几只小熊猫无语了,IP属地:青海,,,大熊猫基地差评
匿名用户,黑钻贵宾,1分,不佳,景色1,趣味1,性价比1,2024-09-16 发布点评,糟糕的一次出行，本以为是小团，实际人数众多，导游态度恶略，全程找不到人。,IP属地:北京,,,大熊猫基地差评
M45****509,黄金贵宾,1分,不佳,景色2,趣味1,性价比2,2024-09-15 发布点评,"可笑可笑 说百十只熊猫 进去走的腿断 见不到一个手指的熊猫
全程单循环 （因为差所以不想买观光车）
出来打车只能出租 要想滴滴 又让你走几百米才能到滴滴打车点  修的好好的路不让滴滴上来 花着纳税人的钱修的路 搞得跟景区自掏腰包修的路一样 凭啥说拦就拦",IP属地:四川,,,大熊猫基地差评
匿名用户,黄金贵宾,2分,一般,景色2,趣味4,性价比1,2024-09-14 发布点评,设计不合理，每个馆距离较远，走路太耗时间。,IP属地:河南,,,大熊猫基地差评
_WeCh****70411,钻石贵宾,1分,不佳,景色1,趣味1,性价比1,2024-09-11 发布点评,携程客服一问三不知，遇到订单问题，只让自己处理，一律不处理,IP属地:江苏,,,大熊猫基地差评
M48****1657,铂金贵宾,1分,不佳,景色1,趣味1,性价比1,2024-09-11 发布点评,浪费钱和时间,IP属地:四川,,,大熊猫基地差评
匿名用户,,1分,不佳,景色3,趣味1,性价比1,2024-09-10 发布点评,啥也不是！要么别开放，开放了就应该提供游客希望得到的服务，绝大部分游客连根熊猫毛都没看到，收钱不办事，忽悠人啊！,IP属地:云南,,,大熊猫基地差评
匿名用户,黄金贵宾,2分,一般,景色4,趣味1,性价比1,2024-09-10 发布点评,园区组织差劲，高温天气在外面等观光车需要排队至少半小时。在诺大的园区中， 见到的都是人， 只见到两只小熊猫,IP属地:北京,,,大熊猫基地差评
M24****2923,铂金贵宾,1分,不佳,景色1,趣味1,性价比1,2024-09-09 发布点评,特别不满意 奔着花花来的 结果根本没看到花花 说是天太热 花花不“上班”  别的熊猫可以在室内参观 花花为啥不能 不为了看花花我们为啥花55一张门票上你家看熊猫啊 哪看不了熊猫啊 三四十块钱门票的随便看 还是森林动物园 啥动物都能看到 就是拿花花当噱头 还贴出公告让理解由于天气炎热 天气炎热室内就不能看吗,IP属地:辽宁,,,大熊猫基地差评
ahqiqi,铂金贵宾,1分,不佳,景色1,趣味1,性价比1,2024-09-09 发布点评,强烈不推荐，全程累得不行，隔着玻璃只看到一只熊猫的屁屁,IP属地:湖北,,,大熊猫基地差评
水是我的记忆,,1分,不佳,景色2,趣味1,性价比1,2024-09-08 发布点评,只有两只大熊猫营业，而且还是在空调房，另外还有两只小一点的熊猫在产房区域，人群被保安驱赶着走很快，根本没看上几眼！这个地方不会再来了，只是一个试验基地而已,IP属地:四川,,,大熊猫基地差评
匿名用户,铂金贵宾,1分,不佳,景色1,趣味1,性价比1,2024-09-07 发布点评,很差，走了3个小时，只看到5只熊猫，每只看不超过2分钟。都是在玻璃房子里。3个小时排队2小时。。。相当糟糕的体验，再也不会去了。,IP属地:福建,,,大熊猫基地差评
七月的安河桥,钻石贵宾,1分,不佳,景色1,趣味1,性价比1,2024-09-07 发布点评,携程工号0269  表示没有熊猫看 是活该 反正没有熊猫看 主打一个看不着你该的,IP属地:四川,,,大熊猫基地差评
M48****6398,铂金贵宾,1分,不佳,景色4,趣味3,性价比1,2024-09-06 发布点评,**保安 走 走 走 排队1小时 拍熊猫照 都拍不上 跟催命似的,IP属地:四川,,,大熊猫基地差评
M34****0714,铂金贵宾,2分,一般,景色4,趣味3,性价比2,2024-09-05 发布点评,门票贵，熊猫只有两三只，还都在睡觉，人很多，体验非常糟糕,IP属地:广东,,,大熊猫基地差评
匿名用户,黄金贵宾,1分,不佳,景色1,趣味1,性价比1,2024-09-04 发布点评,熊猫都没。太**了。。。。。还要多少字。。。。。。。。。。。。。。。。。。。。。。。。。。。。。。。。。。。。。。。。。。,IP属地:四川,,,大熊猫基地差评
匿名用户,,1分,不佳,景色1,趣味1,性价比1,2024-09-03 发布点评,明明车辆可以直达门口，结果景区老远拦住，要求游客步行进去，一开始以为是怕堵车，结果并不是，没走两步发现里面黄牛车在明目张胆拉客，对你没看错，是黄牛车。37度高温不是逼着游客坐黄牛车吗？听滴滴车师傅讲一次跟着黄牛车进去结果出去时候景区工作人员还拦着他车不给出，连本地人都觉得这种赚钱吃相是真的难看。,IP属地:四川,,,大熊猫基地差评
_WeCh****251096,铂金贵宾,2分,一般,景色2,趣味2,性价比2,2024-09-02 发布点评,没必要专门来，又累又热,IP属地:四川,,,大熊猫基地差评
M52****2636,黄金贵宾,1分,不佳,景色1,趣味1,性价比1,2024-09-01 发布点评,大熊猫基地去过一次不会去第二次的地方，早早过来外面也没有的，都是在室内，排队一个多小时看个熊猫屁股，睡觉一动不动，还不如动物园，很小的baby不开放给看的，能看到的都是一岁以上的了，没有体验馆，就是隔着玻璃远远的看，它们喜欢睡在门口，可能因为饲养员把吃的一般都放在那个门口的原因，离的远基本都看不清。地方挺大，走累死了，又热，自动售卖机比较少。,IP属地:上海,,,大熊猫基地差评
M73****0402,,1分,不佳,景色3,趣味3,性价比3,2024-09-01 发布点评,"简直是个大坑 是个大大坑 我的妈呀 ??
什么??基地 ???♂?
不说两句都不行 ??
最有中国代表性的吉祥物??
建的地方真的是大 ???走了几个小时没见几只??反而见的像这??比?????多 ??
还不如改名换这只??基地??
问了工作人员这里有多少只??他们说 200 多只?? 听好??噢 有200多只?? 简直是笑??死人 ?? 
这么大的基地只看到 五只?? ?????? 没听错?? 只有五只??????????
一路上还听到大人小孩都在吐??潮 连外国游客都摇头???♀?
千里迢迢来到这里只可??到5 ????（??还很肮脏 好像没跟它们洗澡?? ）还不如在国外在看多几次 （虽然只有??）",IP属地:新加坡,,,大熊猫基地差评
_M13****9153,,1分,不佳,景色4,趣味1,性价比1,2024-09-01 发布点评,"1、缺少引导
2、摆渡车等候时间太长",IP属地:青海,,,大熊猫基地差评
M16****757,黄金贵宾,2分,一般,景色5,趣味3,性价比2,2024-09-01 发布点评,西门就是个坑，尤其是推婴儿车的，特别不友好，走的特别远，个人感觉还是南门方便，打车也方便,IP属地:四川,,,大熊猫基地差评
匿名用户,钻石贵宾,2分,一般,景色3,趣味2,性价比1,2024-09-01 发布点评,太大了，天太热，没有遮蔽到地方，每到一处有熊猫的地方，人有暴多。电动车大热天等车一小时，没有防暑措施，39度高温直晒，差点中暑，太离谱。希望园区方能改进。,IP属地:上海,,,大熊猫基地差评
匿名用户,铂金贵宾,1分,不佳,景色1,趣味1,性价比1,2024-08-31 发布点评,只看到5只熊猫，还不让停下来看，就流水看看一眼，不推荐,IP属地:辽宁,,,大熊猫基地差评
匿名用户,黄金贵宾,1分,不佳,景色1,趣味1,性价比1,2024-08-31 发布点评,太差了人太多了 完全没有任何去的意义 远远不如去动物园了………,IP属地:江苏,,,大熊猫基地差评
18****995,铂金贵宾,1分,不佳,景色1,趣味1,性价比1,2024-08-31 发布点评,太坑了，什么也没有，就室内2个熊猫，一动不动。别的什么也没有,IP属地:四川,,,大熊猫基地差评
M39****497,铂金贵宾,2分,一般,景色3,趣味1,性价比1,2024-08-29 发布点评,说是大熊猫基地，排了半天队，就看了个熊猫屁股，大熊猫都养在里面，外面根本看不到，非常不值，再加上天气非常热，蚊子泛滥，等观光车等了一个小时都没来，老人孩子身上都是被咬的包，门票还很贵，对老人和孩子也没有优惠，强烈不推荐,IP属地:河北,,,大熊猫基地差评
匿名用户,铂金贵宾,2分,一般,景色3,趣味1,性价比3,2024-08-29 发布点评,名气太大，期望太高，国宝太傲娇，带着俩娃，别墅里没见着熊猫，月亮产房和太阳产房，一共看到5只，平均每步行一小时，看一分钟大熊猫，着实体验感一般般，8月的尾巴去的，人已经不算太多了，但是成都的天气依然火热，景区绕的我晕头转向,IP属地:山东,,,大熊猫基地差评
匿名用户,铂金贵宾,1分,不佳,景色2,趣味2,性价比1,2024-08-28 发布点评,没观看表演票哼退不了,IP属地:四川,,,大熊猫基地差评
舞动的?,黄金贵宾,2分,一般,景色5,趣味2,性价比3,2024-08-28 发布点评,去了以后熊猫只看到五个,IP属地:四川,,,大熊猫基地差评
M48****0894,铂金贵宾,2分,一般,景色2,趣味1,性价比1,2024-08-27 发布点评,人多，熊猫一般看不见，暑假不适合去。,IP属地:湖南,,,大熊猫基地差评
爱( ? 3?)??,黄金贵宾,2分,一般,景色2,趣味3,性价比2,2024-08-27 发布点评,不建议去，去了啥也看不到，除非是选取没开门就去排队，里面热的要死，基本看不到花花，不联系大家去看，浪费时间和金钱,IP属地:江苏,,,大熊猫基地差评
匿名用户,铂金贵宾,2分,一般,景色4,趣味3,性价比1,2024-08-27 发布点评,景区还可以，携程网很**，特别没人性，孩子生病，不让退票,IP属地:青海,,,大熊猫基地差评
M26****3629,黄金贵宾,1分,不佳,景色1,趣味1,性价比1,2024-08-27 发布点评,真**，熊猫熊猫看不见，电瓶车没票,IP属地:四川,,,大熊猫基地差评
如眉,铂金贵宾,1分,不佳,景色1,趣味1,性价比1,2024-08-26 发布点评,体验感不好,IP属地:重庆,,,大熊猫基地差评
匿名用户,黄金贵宾,2分,一般,景色3,趣味4,性价比1,2024-08-26 发布点评,这个天气不适合去,IP属地:中国香港,,,大熊猫基地差评
M22****3320,铂金贵宾,1分,不佳,景色3,趣味1,性价比1,2024-08-25 发布点评,天气热熊猫不能到室外，可以理解，那你开放干什么，或者提前通知一下啊，太阳晒着我去花钱逛你的竹林了是吗，失望至极 本来起大早想着看到不亏，真让人失望,IP属地:四川,,,大熊猫基地差评
138****7706,钻石贵宾,1分,不佳,景色1,趣味2,性价比2,2024-08-25 发布点评,这个景点太热，太不人性化，累死人,IP属地:四川,,,大熊猫基地差评
M58****1804,,1分,不佳,景色1,趣味1,性价比1,2024-08-25 发布点评,定的酒店离熊猫基地跟近，就是为了看熊猫。早上6点多出门，到了以后人多的受不了。上车后才告诉大家26℃熊猫就不出来活动了。夏天成都哪一天温度没有30℃往上。既然知道了，为什么还要卖票让大家排队。排了一个半小了，看到有两只趴着睡的，还不让停留拍照，就是走马观花！！！太坑了，体验感超级差,IP属地:陕西,,,大熊猫基地差评
231****268,铂金贵宾,1分,不佳,景色1,趣味1,性价比1,2024-08-25 发布点评,真别来，就看见一小熊猫。吃相太难看了，人也多。我想退票，退票，退票。不展出也不公式，验票完了告诉都不展出大熊猫,IP属地:四川,,,大熊猫基地差评
M24****2214,铂金贵宾,1分,不佳,景色1,趣味1,性价比1,2024-08-25 发布点评,7，8，9月不来后悔，来了更后悔，排队到怀疑人生，看到看不到熊猫，看自己运气吧，总之，不是为了小朋友来看，还请慎重选择,IP属地:四川,,,大熊猫基地差评
M55****7605,黄金贵宾,1分,不佳,景色3,趣味2,性价比2,2024-08-24 发布点评,除了竹林还是竹林基本看不到什么熊猫，天气太热转了两个小时撤退，没意思,IP属地:北京,,,大熊猫基地差评
匿名用户,钻石贵宾,1分,不佳,景色1,趣味1,性价比1,2024-08-24 发布点评,不能更差的组织，第一，助理电话竟然是空号，是哪里聘用的兼职？连电话是否接通主办方都没有审核就聘用工作么？第二，结束时，十二点，主办方工作人员带着几个孩子顶着大太阳站在无任何遮挡的小马路中间，非要孩子给家长电话，到马路中间来接孩子，旁边两米远的树荫不站，尽管不是我自己的孩子看着正午晒太阳，也是担心中暑。几个孩子晒得小脸通红。第三，原本说明是给熊猫做窝窝头，变成做什么小饼干，做饼干何必来熊猫基地制作呢，难怪不建议家长跟全程，没有家长就可以随意调整行程，行程完成质量就没有办法进行准确评估，讲解是否专业也无法做清晰了解。绝对不推荐。,IP属地:四川,,,大熊猫基地差评
匿名用户,黄金贵宾,2分,一般,景色3,趣味1,性价比3,2024-08-24 发布点评,早上7:30开门进去熊猫就已经进去玻璃房了，外面一只都没有。里面很大走路起码两三个小时。每个馆里面进去也不一定看得见熊猫。有的没出来有的在睡觉。坐观光车出去排超长的队,IP属地:四川,,,大熊猫基地差评
匿名用户,,1分,不佳,景色3,趣味1,性价比1,2024-08-24 发布点评,导游服务很差！,IP属地:四川,,,大熊猫基地差评
匿名用户,,1分,不佳,景色1,趣味1,性价比1,2024-08-24 发布点评,大老远连夜赶过来从五点排队两小时看熊猫，进来什么都没有，瞎转大圈，路线太差，没有正确引导，成都熊猫是这样做事情的吗？让人心寒,IP属地:四川,,,大熊猫基地差评
奔三三的猫i,黄金贵宾,1分,不佳,景色1,趣味1,性价比1,2024-08-24 发布点评,一个馆就一两只熊猫，没有什么熊猫，馆很大，都是竹子林，没什么看头。进馆没有凳子，没有空调，没有看熊猫的。1.3都要30块观光车，问题是这观光车就停5个站，有个还是美食街！去其他地方还得走好久好久的路，要你这观光车来干什么？这基地就是来赚观光车费用的吧,IP属地:湖南,,,大熊猫基地差评
M28****9099,黄金贵宾,1分,不佳,景色1,趣味1,性价比1,2024-08-23 发布点评,全部都是人！！！！！,IP属地:河南,,,大熊猫基地差评
斌云若雨,钻石贵宾,1分,不佳,景色2,趣味1,性价比1,2024-08-23 发布点评,熊猫基地不建议，刚踩雷，早上6点到排了两个小时的队，再跑步到6号别墅，再排队看3分钟，连花花屁股也看不到，其他地方也没有看到几只，遭罪,IP属地:四川,,,大熊猫基地差评
_m13****0760,,1分,不佳,景色1,趣味1,性价比1,2024-08-22 发布点评,太太太**了，此刻排队的情况，目的是滞留客人拉动消费，没特别喜欢真是别去了，无比后悔,IP属地:四川,,,大熊猫基地差评
ela****ova,铂金贵宾,2分,一般,景色3,趣味2,性价比1,2024-08-22 发布点评,"为什么熊猫基地看不到熊猫？因为天气炎热，保安说超过二十六度??就进空调房了。因为是暑假期间，所以人非常多，隔着玻璃房看熊猫需要排队，尤其是太阳产房。
这次夏天周末成都city walk，一共看到十只大熊猫(7号别墅、太阳产房、月亮产房、熊猫会客厅)，吃竹子的两只和打架的三只挺可爱的，其他熊猫都在睡觉。
小熊猫很有活力，没想到它们爬树很溜，而且可以爬很高哟。
等以后有机会选一个天气凉爽的日子再二刷吧。",IP属地:上海,,,大熊猫基地差评
186****7379,,1分,不佳,景色3,趣味1,性价比1,2024-08-21 发布点评,夏天就别去了,IP属地:四川,,,大熊猫基地差评
陇梦行,黄金贵宾,2分,一般,景色2,趣味2,性价比2,2024-08-21 发布点评,熊猫太少，看熊猫成为花钱逛公园了，感觉不值得推荐，坐车也不好坐。,IP属地:四川,,,大熊猫基地差评
匿名用户,铂金贵宾,2分,一般,景色4,趣味2,性价比1,2024-08-21 发布点评,"周末千万别去，听劝！！！人超级无敌多，园区特别大，就算买了车票，基本等车都要半小时以上才能去下个点…我们走了一个点，实在太怕排队了，直接回去大门回家了。
听司机说，本地人都不怎么会来看的，都是游客…
熊猫都是隔着玻璃看，超多人一起看，而且熊猫都不怎么动…",IP属地:广东,,,大熊猫基地差评
匿名用户,黄金贵宾,1分,不佳,景色1,趣味1,性价比1,2024-08-21 发布点评,破玩意值一块钱吗？要我花十几块钱买，买之前还看不到是什么图，去领的时候商家一个塑料袋里装一堆，极其廉价，还要走很远的路程，携程真的不考虑消费者的感受吗。,IP属地:湖北,,,大熊猫基地差评
冷月无声2048,铂金贵宾,2分,一般,景色4,趣味1,性价比2,2024-08-21 发布点评,基本就是一个研究基地。非常大，但是看不到啥东西，没有观赏性和趣味性。不如去动物园。,IP属地:安徽,,,大熊猫基地差评
M34****4613,,1分,不佳,景色1,趣味1,性价比1,2024-08-21 发布点评,第一次听说观光车无票，你接待不了这个多游客你就设置提前订票，限流。不要到了说没票。,IP属地:四川,,,大熊猫基地差评
匿名用户,黄金贵宾,1分,不佳,景色1,趣味1,性价比1,2024-08-21 发布点评,这个门票十吊坠的套餐很坑人，没有提前告知吊坠要自己去南门外拿，现在都是从西门进西门出，如果出南门取就进不了，所以没拿到吊坠还浪费了时间。差评！,IP属地:四川,,,大熊猫基地差评
138****0101,铂金贵宾,1分,不佳,景色1,趣味1,性价比1,2024-08-21 发布点评,暑假不建议去，如果不是陪小公主，否则不会夏天和这个暑假去下，实在是热而且人太多了，排队一两个小时进门，每一个馆都很多人，六万人看不到几只猫~又热又累，如果天气热，熊猫他们怕热不肯出来营业,IP属地:广东,,,大熊猫基地差评
匿名用户,黑钻贵宾,1分,不佳,景色1,趣味1,性价比1,2024-08-21 发布点评,一言难尽，真热，十点钟到的，人比猫多，热成狗。,IP属地:四川,,,大熊猫基地差评
匿名用户,黄金贵宾,2分,一般,景色2,趣味1,性价比1,2024-08-21 发布点评,根本看不到熊猫，白排几个小时的队,IP属地:四川,,,大熊猫基地差评
300****183,铂金贵宾,1分,不佳,景色3,趣味1,性价比1,2024-08-21 发布点评,因天气较热，排队等候观光车体验太差，建议学习下九寨沟，景区观光车效率太低，从西门始发乘的，一次上车周转到启动出发近5分钟，且一次只上两辆车，12-13人每次每辆，1000+人排队上车约1小时，上车验票原始，手工验票，整体效率低下。,IP属地:四川,,,大熊猫基地差评
_WeCh****506154,黄金贵宾,2分,一般,景色4,趣味2,性价比1,2024-08-20 发布点评,"别来，别来，别来，重要的事情说三遍
除非是真的对花花感兴趣，或者一定要来打卡一番，否则千万不要来这边凑热闹
人是真的多，真的非常非常多，不管是平时还是节假日，都是爆满人多，景区大，熊猫馆和熊猫馆之间路程远，看一个馆至少排队1小时
更推荐靠都江堰的两个熊猫馆，人很少，馆区之间离的很近，还可以近距离观赏熊猫。",IP属地:重庆,,,大熊猫基地差评
M36****200,黄金贵宾,1分,不佳,景色2,趣味1,性价比1,2024-08-20 发布点评,熊猫花花不出来上班，玻璃房也不给进，只让看什么视频；其他的，只看见了两只睡觉的熊猫，一只太阳房被迫营业的，还有两只不开屏的孔雀，和一只松鼠；一半的路程，就看了这六只动物，实在没勇气继续下去，赶紧逃出来看变脸。总体差评！,IP属地:四川,,,大熊猫基地差评
匿名用户,黄金贵宾,2分,一般,景色4,趣味3,性价比3,2024-08-20 发布点评,进去就看了个熊猫睡觉！,IP属地:山西,,,大熊猫基地差评
M28****997,,1分,不佳,景色3,趣味1,性价比2,2024-08-20 发布点评,今天天气热，室外没见到熊猫，室内见了几个。排队花了一个小时，参观却只有短短几秒。工作人员不停地说提前打开相机，拍照走人，不能停留。这属于最坑的景区。,IP属地:四川,,,大熊猫基地差评
_M13****6388,黄金贵宾,1分,不佳,景色1,趣味1,性价比1,2024-08-20 发布点评,人多室外的熊猫一个没有看到，室内的排队半天。。。,IP属地:江苏,,,大熊猫基地差评
karolkbaby,铂金贵宾,2分,一般,景色3,趣味2,性价比2,2024-08-19 发布点评,我觉得在我们家这边动物园看的熊猫都比在那看的可爱，不建议去??，要去真的得一大早8点钟就到，不然就只看到一动不动熊猫真的没意思，花50都块钱看几只睡觉熊猫，大热天的，排队排可长队伍就看到睡觉熊猫2分钟，反正恼火??……,IP属地:广东,,,大熊猫基地差评
_WeCh****863903,铂金贵宾,1分,不佳,景色1,趣味1,性价比1,2024-08-19 发布点评,上车点离出口很远，要走20分钟，不中暑不不可能，还不退款，差评。,IP属地:四川,,,大熊猫基地差评
139****4515,,1分,不佳,景色1,趣味1,性价比1,2024-08-19 发布点评,**景区，摆渡车排队等不到，打车出门还要走四五百米，看个熊猫只让几秒钟,IP属地:四川,,,大熊猫基地差评
匿名用户,铂金贵宾,1分,不佳,景色2,趣味1,性价比1,2024-08-19 发布点评,这是我来过管理最混乱的景区，保安站在树荫下，让游客自顾自的扎堆，拥挤。根本看不到维持秩序和分流措施，乘车体验更差，光管验票，上车随缘，有人下了你才能上，没人下了你就在太阳坡等着，也不管客流量是否高峰，每个乘车点我起步都是二十分钟等待，这样的景区管理团队，我觉得真的可有可无…,IP属地:四川,,,大熊猫基地差评
辉点,铂金贵宾,1分,不佳,景色3,趣味1,性价比1,2024-08-19 发布点评,可能是时间不对，看了个寂寞,IP属地:江西,,,大熊猫基地差评
川林妹儿,钻石贵宾,1分,不佳,景色1,趣味1,性价比1,2024-08-19 发布点评,园区很大，找不到好的路线和游玩方式，也没有得到任何说明和解释，白白来一趟，带着小朋友走了很多冤枉路，只是透过反光玻璃看了两眼熊猫，很遗憾。,IP属地:浙江,,,大熊猫基地差评
M43****2488,黄金贵宾,2分,一般,景色4,趣味2,性价比2,2024-08-19 发布点评,天热的时候慎入，熊猫不接客，屋里吹空调。,IP属地:河南,,,大熊猫基地差评
匡匡0123,铂金贵宾,1分,不佳,景色1,趣味1,性价比1,2024-08-18 发布点评,暑假真的不要去，排队一个多小时，就看到两个睡觉的熊猫屁股，一分钟结束，根本没有熊猫出来营业,IP属地:重庆,,,大熊猫基地差评
_WeCh****626732,黄金贵宾,1分,不佳,景色5,趣味1,性价比1,2024-08-18 发布点评,看见三个猫，排队一个多小时，还不如去动物园,IP属地:安徽,,,大熊猫基地差评
M22****7051,黄金贵宾,1分,不佳,景色4,趣味1,性价比2,2024-08-18 发布点评,景区整体环境还是不错的，但是很难看到熊猫，转了一上午，上上下下，各种排队，一共看到了3只熊猫。,IP属地:陕西,,,大熊猫基地差评
Woohyuk_jin,钻石贵宾,1分,不佳,景色1,趣味1,性价比1,2024-08-18 发布点评,不建议买这个带东西的票，东西很次，,IP属地:四川,,,大熊猫基地差评
130****1888,铂金贵宾,1分,不佳,景色1,趣味1,性价比1,2024-08-18 发布点评,哪有熊猫啊,IP属地:江苏,,,大熊猫基地差评
匿名用户,黄金贵宾,1分,不佳,景色5,趣味1,性价比1,2024-08-18 发布点评,带着三个孩子从河南跑来看熊猫。。结果今去。。只看到2个熊猫在睡觉。根本没熊猫看。郁闷。此行不值,IP属地:四川,,,大熊猫基地差评
320****298,黄金贵宾,1分,不佳,景色5,趣味1,性价比1,2024-08-18 发布点评,除了人就是人,IP属地:山西,,,大熊猫基地差评
匿名用户,铂金贵宾,2分,一般,景色3,趣味1,性价比3,2024-08-18 发布点评,"带孩子看熊猫去，总共只看到三只熊猫，且一只一屋，没有互动感。
熊猫繁殖馆，空空荡荡。
小熊猫活动馆，什么也没有。
孩子说，来这看了个寂寞。
想看动物，又好玩又有趣，推荐广州长隆（熊猫馆比成都这更好），珠海长隆。
园区非常大，竹子很多，但缺乏美感 没什么园林景观。
卖的东西无敌贵，千万别在里面买。",IP属地:福建,,,大熊猫基地差评
y2u2n24,铂金贵宾,1分,不佳,景色1,趣味1,性价比1,2024-08-18 发布点评,一星都不想给，动物园都能看到的熊猫，跑到这一只都看不到，观光车要等一个小时，坑的很，本来不想来这，熊猫谷的上午票卖完了,IP属地:四川,,,大熊猫基地差评
M21****082,铂金贵宾,1分,不佳,景色1,趣味1,性价比1,2024-08-18 发布点评,体验极差。不看花花。早上6点半赶车去走第一波，想省点时间。这个星星产房这边不放熊猫能不能提醒一下？ 这么多人站这里一个多小时就看一块冰。,IP属地:四川,,,大熊猫基地差评
M49****8506,黄金贵宾,1分,不佳,景色2,趣味1,性价比1,2024-08-18 发布点评,骗子一样，我买的三张票，最后只能进两个人，我还要再买一张票进去,IP属地:四川,,,大熊猫基地差评
Woohyuk_jin,钻石贵宾,1分,不佳,景色1,趣味1,性价比1,2024-08-17 发布点评,骗人的玩意儿，几块钱都不值，还得来回来去跑着换，,IP属地:四川,,,大熊猫基地差评
匿名用户,黄金贵宾,1分,不佳,景色1,趣味1,性价比1,2024-08-17 发布点评,体验感非常不满意，不会有下一次，不要来不要来不要来不要来不要来，熊猫没看到几只，走得半死,IP属地:四川,,,大熊猫基地差评
M44****948,黄金贵宾,1分,不佳,景色1,趣味1,性价比1,2024-08-17 发布点评,真的要给熊猫基地一个大大的差评，这么热的天景区游览车排队1个小时以上，如果不能保证游客的乘坐，可以不用出售这么多游览车的票。西区的植物未形成规模，完全在烈日的暴晒之下，完全打消了看熊猫的热情，成都之旅熊猫基地的观感是最差的。,IP属地:重庆,,,大熊猫基地差评
M23****678,铂金贵宾,1分,不佳,景色1,趣味1,性价比1,2024-08-17 发布点评,**一样的景区，屈指可数的观光车，绝不开放的电梯的熊猫塔，全程绕路的园区，隔着一层玻璃的熊猫，这是我去过的最差的景区，毫无意思,IP属地:四川,,,大熊猫基地差评
匿名用户,黄金贵宾,1分,不佳,景色1,趣味1,性价比1,2024-08-17 发布点评,**，花几十块钱给我一块钱买三个的冰箱贴和挂件,IP属地:四川,,,大熊猫基地差评
M31****0880,黄金贵宾,2分,一般,景色5,趣味2,性价比2,2024-08-17 发布点评,大熊猫一只也没看见,IP属地:四川,,,大熊猫基地差评
匿名用户,黄金贵宾,2分,一般,景色4,趣味2,性价比1,2024-08-16 发布点评,人多猫少，金拼运气，园内没有工作人员或语音导引。,IP属地:陕西,,,大熊猫基地差评
sunflower-xiang,铂金贵宾,2分,一般,景色2,趣味1,性价比1,2024-08-16 发布点评,熊猫基地太坑了，说天热，没有两只熊猫，就是过去逛个公园。景区观光车排队一小时以上，根本坐不了，后来退票了。南门到西门大概5公里，自己走路有点累。西门出来很难打车的。整体来说，非常差的景点。,IP属地:四川,,,大熊猫基地差评
匿名用户,铂金贵宾,1分,不佳,景色1,趣味1,性价比1,2024-08-16 发布点评,就看到了一只熊猫，还不如当地动物园里看的好,IP属地:四川,,,大熊猫基地差评
M81****3734,黄金贵宾,1分,不佳,景色4,趣味1,性价比1,2024-08-16 发布点评,人太多了，熊猫没看见，全看到人头,IP属地:四川,,,大熊猫基地差评
美其尔,,2分,一般,景色3,趣味2,性价比2,2024-08-16 发布点评,不怎么样  标识牌也不清楚  走半天找不到地方  熊猫大部分也都在睡觉  体验感着实不佳,IP属地:青海,,,大熊猫基地差评
匿名用户,黄金贵宾,1分,不佳,景色1,趣味1,性价比4,2024-08-16 发布点评,排队两小时，观看30秒,IP属地:广西,,,大熊猫基地差评
300****114,铂金贵宾,2分,一般,景色5,趣味1,性价比3,2024-08-15 发布点评,暑假强烈不建议来看熊猫，26度以上熊猫是不会出来的，都在空调房里待着，排几个小时的队看几秒钟的熊猫屁股，不值不值很不值。早上六点起床，七点出发，八点到基地门口。十点从熊猫基地出来，。,IP属地:四川,,,大熊猫基地差评
匿名用户,黄金贵宾,1分,不佳,景色1,趣味1,性价比1,2024-08-15 发布点评,**携程，送的东西在多多上一块钱三个，要我花10几块钱买，还要去指定地点拿。劝不要买这个送礼品的票，很坑。,IP属地:四川,,,大熊猫基地差评
敢爱敢拼,黄金贵宾,2分,一般,景色2,趣味2,性价比2,2024-08-15 发布点评,人太多了，而且要走很远的路,IP属地:陕西,,,大熊猫基地差评
匿名用户,黄金贵宾,2分,一般,景色4,趣味4,性价比3,2024-08-15 发布点评,人多，没看到几只熊猫,IP属地:四川,,,大熊猫基地差评
匿名用户,铂金贵宾,1分,不佳,景色1,趣味1,性价比1,2024-08-15 发布点评,今天难得的凉快，但仍然一只大熊猫都没有看到，不得不怀疑这里真的有大熊猫吗！早上如果不能在开园前两小时去排队，就根本不可能看到大熊猫！,IP属地:四川,,,大熊猫基地差评
匿名用户,黄金贵宾,1分,不佳,景色1,趣味1,性价比1,2024-08-15 发布点评,每年都出游，熊猫基地真的是最坑的一次，人多到爆，根本看不到看不到，性价比太低了，不值得，根本不值得，没有小熊猫，没有幼年喝奶的熊猫，根本看不到看不到，景区也不限流，别的城市景区都会限流的好吗？排队一小时看5秒钟，又热又闷人又多，卫生间排队排到怀疑人生，太坑了,IP属地:四川,,,大熊猫基地差评
匿名用户,铂金贵宾,1分,不佳,景色1,趣味1,性价比1,2024-08-15 发布点评,熊猫都不动，人又多，服务又不好。完全不值得看,IP属地:福建,,,大熊猫基地差评
匿名用户,,1分,不佳,景色4,趣味1,性价比1,2024-08-15 发布点评,不是看熊猫，是找熊猫基地,IP属地:四川,,,大熊猫基地差评
M80****4341,铂金贵宾,1分,不佳,景色3,趣味1,性价比1,2024-08-15 发布点评,园区体验太差劲了，连小朋友看完都说今后不来了,IP属地:河南,,,大熊猫基地差评
_WeCh****963530,黄金贵宾,1分,不佳,景色1,趣味1,性价比1,2024-08-14 发布点评,不推荐！完全就是欺骗,IP属地:四川,,,大熊猫基地差评
M42****519,黄金贵宾,1分,不佳,景色5,趣味3,性价比1,2024-08-14 发布点评,看不到熊猫，人比熊猫还多。大家不要再去了，不知道怎么组织的。,IP属地:贵州,,,大熊猫基地差评
海盗也光荣,铂金贵宾,1分,不佳,景色4,趣味1,性价比1,2024-08-14 发布点评,观光车排队时间太长，至少排队一个半小时。参观体验极差。,IP属地:辽宁,,,大熊猫基地差评
匿名用户,铂金贵宾,2分,一般,景色4,趣味3,性价比3,2024-08-14 发布点评,人太多太多了，真不建议暑期来，什么都看不到。全部是人，挤着往前走。花花别说屁股都看不到，跟前都不想过去了，就待了不到半小时娃就说回酒店了。,IP属地:四川,,,大熊猫基地差评
瞌睡虫明,钻石贵宾,2分,一般,景色4,趣味2,性价比2,2024-08-13 发布点评,这次体验不好，人多，到处排队，工作人员指路也不明确，走了很多冤枉路，但没看到多少大熊猫。,IP属地:四川,,,大熊猫基地差评
匿名用户,,1分,不佳,景色1,趣味1,性价比1,2024-08-13 发布点评,差差差！没来的千万别来，景区管理太差！大热天的停车落客让你走2公里，明明门口大把地方可以停车，偏让人走路。景区里面也是，看一只熊猫也要走上几公里，带老人小孩的千万别来！,IP属地:四川,,,大熊猫基地差评
_WeCh****20753,铂金贵宾,1分,不佳,景色1,趣味1,性价比1,2024-08-13 发布点评,给钱都不来的地方！早上7点就在门口等了，就为看个熊猫屁股，体验感太差了，真心说，大家看到评论无论我如何都不要来了！一定听劝！,IP属地:四川,,,大熊猫基地差评
_CFT01****5294604,铂金贵宾,1分,不佳,景色1,趣味1,性价比1,2024-08-13 发布点评,一直熊猫都看不了，号称夏天热，可以直接停售了,IP属地:四川,,,大熊猫基地差评
匿名用户,铂金贵宾,1分,不佳,景色2,趣味1,性价比1,2024-08-13 发布点评,都指着花花去的，花钱就是看花花，一个熊猫基地，就两只熊猫，不放出来，是不是也应该提前通告呀，什么通知都没有，让人傻傻排队几小时，差评。,IP属地:四川,,,大熊猫基地差评
138****2991,黄金贵宾,2分,一般,景色4,趣味2,性价比2,2024-08-12 发布点评,信息描述不准确,IP属地:四川,,,大熊猫基地差评
zindabad,黄金贵宾,2分,一般,景色4,趣味1,性价比1,2024-08-12 发布点评,买下午场的票，基本上看到活动的熊猫！花花根本就没出来。虽门票不算贵，但是感觉钱花的很不值??????,IP属地:四川,,,大熊猫基地差评
匿名用户,黄金贵宾,2分,一般,景色4,趣味2,性价比1,2024-08-12 发布点评,观光车票一早上就卖完了，酷暑下走路游览十分艰难，不建议出行。一定要备好水和遮阳装备，景区内价格很贵。熊猫馆内的多媒体介绍服务欠佳。,IP属地:湖北,,,大熊猫基地差评
米旺的妈咪,黄金贵宾,1分,不佳,景色4,趣味3,性价比1,2024-08-12 发布点评,这张票根本就是用女儿身份证多拍一张了，我一个孩子需要使用两张票吗？根本没有使用，居然也不退票，找了客服也不退……做事这么死板硬套……简直差，差，差……每天那么多客流量，也不至于差这点钱咯……送你钱买药吃吧。,IP属地:湖南,,,大熊猫基地差评
匿名用户,,1分,不佳,景色1,趣味1,性价比1,2024-08-12 发布点评,e?x到极点,IP属地:四川,,,大熊猫基地差评
M12****558,黄金贵宾,1分,不佳,景色1,趣味1,性价比1,2024-08-12 发布点评,差，差，差，不值得去，服务极差，观光效果极差，排队1小时都看不到熊猫，路线规划极差，一直在绕圈圈，,IP属地:四川,,,大熊猫基地差评
_WeCh****970976,钻石贵宾,1分,不佳,景色4,趣味1,性价比1,2024-08-12 发布点评,大熊猫一只没看到  全是人   天热全在室内也看不到啊,IP属地:四川,,,大熊猫基地差评
_WeCh****795158,黄金贵宾,2分,一般,景色3,趣味2,性价比3,2024-08-12 发布点评,见不到几只熊猫！掏了门票钱，感觉没多大意思，性价比比较差，不建议去。,IP属地:甘肃,,,大熊猫基地差评
匿名用户,黄金贵宾,2分,一般,景色1,趣味1,性价比2,2024-08-12 发布点评,早上10点进园的，排队就看到一个7号别墅三两个熊猫在睡觉，里面粪便满地脏兮兮的。其它区域都没看到一只熊猫。这地方非常坑，不会再来了,IP属地:四川,,,大熊猫基地差评
135****5995,钻石贵宾,2分,一般,景色2,趣味2,性价比1,2024-08-12 发布点评,南门口会有很多骗子 说是可以带你走快速通道省2个小时排队时间，两个人100元，实际是用三蹦子带你去西门，因为西门不用排队，根本不是什么快速通道，保安就在旁边站着 看着这些人行骗 啥也不管 熟视无睹 肯定是被收买了。整个公园治理混乱，毫无秩序，差评。很少写评论，这次主要是希望后面的人不要再上当。,IP属地:四川,,,大熊猫基地差评
匿名用户,,1分,不佳,景色3,趣味1,性价比2,2024-08-11 发布点评,人多，人多，人多，人很多，特别是什么熊猫时空什么的，很没意思,IP属地:四川,,,大熊猫基地差评
唐晓东,铂金贵宾,1分,不佳,景色1,趣味1,性价比1,2024-08-11 发布点评,"我全家连老人带小孩六个人，走了四个半小时，加一起也没看到六只大熊猫！
既然大熊猫不出门（说是气温超过26度，大熊猫就要回屋里吹空调休息了！），卖那么多票干嘛呢？网上订票是不是应该有个说明啊！成都这天一大早起来就不止26度了！还有成群结队的保安组织游客往里走！电瓶车票还售罄（返程的电瓶车乘降点等车的人山人海）！这景区就是圈钱的，没有一点点值得推荐的地方！不推荐大家来，反正暑期来是一点意思没有",IP属地:四川,,,大熊猫基地差评
M31****026,黄金贵宾,1分,不佳,景色1,趣味1,性价比1,2024-08-11 发布点评,非常不推荐。一只熊猫也没看到，就当逛公园了,IP属地:重庆,,,大熊猫基地差评
匿名用户,铂金贵宾,2分,一般,景色5,趣味2,性价比3,2024-08-11 发布点评,天热，熊猫都不在户外活动，里面的看不到,IP属地:四川,,,大熊猫基地差评
匿名用户,,1分,不佳,景色1,趣味1,性价比1,2024-08-11 发布点评,顶着烈日排了一个人小时的队看了一眼在睡觉的熊猫屁股，保安态度非常不好一直吼不要停留快走快走（排队一小时看熊猫三秒钟）里面都是空的太坑了????,IP属地:四川,,,大熊猫基地差评
M37****396,黄金贵宾,2分,一般,景色1,趣味1,性价比1,2024-08-11 发布点评,人太多，看熊猫全凭运气，不如雅安碧峰峡,IP属地:四川,,,大熊猫基地差评
185****7661,,1分,不佳,景色1,趣味1,性价比1,2024-08-11 发布点评,什么也看不见，没提前告知，还不如去熊猫谷,IP属地:贵州,,,大熊猫基地差评
137****8552,,1分,不佳,景色1,趣味1,性价比1,2024-08-11 发布点评,"夏天千万别去，超过26度熊猫都是关在里面不出来的，只在产妇排队半天看到两只已经长大的熊猫。暴走几公里，去了个寂寞!
而且门口都是一堆卖一样东西的店铺，非常商业化，而且混乱，雨后门口的路泥泞不堪。",IP属地:重庆,,,大熊猫基地差评
M26****9578,黄金贵宾,2分,一般,景色2,趣味2,性价比2,2024-08-11 发布点评,旅游高峰时段人多猫少，性价比不高，还是去都江堰的熊猫谷更划算一点,IP属地:四川,,,大熊猫基地差评
匿名用户,黄金贵宾,1分,不佳,景色1,趣味1,性价比1,2024-08-10 发布点评,非常差，最早一批入园，结果一只熊猫都看不到，必须要等到9点，熊猫才会陆续开始营业，真不知道这么早开门干嘛，被网上的攻略骗了，夏天根本不用太早去，熊猫都在室内待着凉空调，室外根本不会有。,IP属地:广东,,,大熊猫基地差评
M27****9089,黄金贵宾,1分,不佳,景色3,趣味1,性价比1,2024-08-10 发布点评,我们走了2小时，只看到一些竹子，再就是看了5秒的室内大熊猫.都不如动物园看的动物多，如果只能看到这些，名字起错了，应该改为竹子园，体验感极差，极差，不建议来这个地方。花着钱遭着罪，啥也没看着。,IP属地:四川,,,大熊猫基地差评
匿名用户,黄金贵宾,2分,一般,景色2,趣味2,性价比2,2024-08-10 发布点评,就是一个坑，热天下午不要去（啥都看不到），观光车不要坐（基本没意义）！,IP属地:四川,,,大熊猫基地差评
M42****212,铂金贵宾,1分,不佳,景色4,趣味1,性价比1,2024-08-10 发布点评,超大的熊猫主题公园更符合这个地方，没有服务没有服务！！管理不合理导致人等车，车等人。场馆之间离的非常远，观光车站点离场馆也远，熊猫数量多，但是没几个上班！！总之不要去。,IP属地:四川,,,大熊猫基地差评
媛媛,铂金贵宾,1分,不佳,景色1,趣味1,性价比1,2024-08-10 发布点评,人太多了，不适合这个时候去，带孩子去太遭罪，看不见几只大熊猫,IP属地:辽宁,,,大熊猫基地差评
138****1920,铂金贵宾,1分,不佳,景色1,趣味1,性价比1,2024-08-10 发布点评,熊猫都休息看不到，不如去动物园还便宜，不行。。。。。。。。。。。。。。。。。。。。。。。。。。。。。。。。。。。。。。。。,IP属地:浙江,,,大熊猫基地差评
d39****83,铂金贵宾,1分,不佳,景色1,趣味1,性价比1,2024-08-09 发布点评,夏天不要去，外面看不到一只熊猫，产房里面排队2小时起，看5分钟，衣服热得湿透完,IP属地:四川,,,大熊猫基地差评
M32****265,钻石贵宾,1分,不佳,景色4,趣味2,性价比2,2024-08-09 发布点评,大熊猫没几个，全是卖大熊猫东西的，再不就是人头，没什么性价比,IP属地:四川,,,大熊猫基地差评
M50****4793,黄金贵宾,2分,一般,景色2,趣味2,性价比2,2024-08-09 发布点评,观光车太少，人太多，体验感不好。,IP属地:宁夏,,,大熊猫基地差评
