user_detail_name,text,text 2,text 3,text 4,text 5,resource_date_text,content_wrap,from,iplocation,user_detail_tags_text,,attraction_name
匿名用户,5分,超棒,景色5,趣味5,性价比5,2025-02-05 发布点评,都江堰如果在丰水期和天气好的时候应该更壮美，整个景区挺大但各个景点间用步行也可以到达，能走的慢慢走难度也不大，不想走也有摆渡车，山上那一片景区需要小小登一下高，但都不是难度级别很高的那种，适合慢慢走慢慢看,来自订单,IP属地:广东,,,都江堰好评
匿名用户,5分,超棒,景色5,趣味5,性价比5,2025-02-05 发布点评,非常的不错，解说的很到位。,来自订单,IP属地:广西,钻石贵宾,,都江堰好评
_WeCh****782064,5分,超棒,景色5,趣味5,性价比5,2025-02-05 发布点评,景区里游览完毕看了演出，当地特色的表演，还不错,来自订单,IP属地:河南,铂金贵宾,,都江堰好评
M22****9654,5分,超棒,景色5,趣味5,性价比5,2025-02-05 发布点评,没玩够还想去,来自订单,IP属地:北京,铂金贵宾,,都江堰好评
M31****5247,5分,超棒,景色5,趣味5,性价比5,2025-02-05 发布点评,进入景区，首先看到的就是为都江堰做出贡献的历史人物，接着又慢慢逛到了宝瓶口这些地方，最后去山上拜了拜二王庙，最后在山上俯瞰整个都江堰，真是人定胜天。出口处可以逛逛灌县老街，也很有特色,来自订单,IP属地:浙江,铂金贵宾,,都江堰好评
匿名用户,5分,超棒,景色5,趣味5,性价比5,2025-02-05 发布点评,值得游玩的地方，一定请个导游。这次是带父母旅游，评价也不错，周围的南桥，蓝眼泪都是最好的安排。,来自订单,IP属地:四川,钻石贵宾,,都江堰好评
M22****6195,5分,超棒,景色5,趣味5,性价比5,2025-02-05 发布点评,很好，值得去,来自订单,IP属地:北京,铂金贵宾,,都江堰好评
匿名用户,5分,超棒,景色5,趣味5,性价比5,2025-02-05 发布点评,讲解的很好，十分细致，很悠闲，不是很赶。,来自订单,IP属地:四川,,,都江堰好评
M23****019,5分,超棒,景色5,趣味5,性价比5,2025-02-05 发布点评,讲的很清楚，很棒！,来自订单,IP属地:四川,钻石贵宾,,都江堰好评
60****992,5分,超棒,景色5,趣味5,性价比5,2025-02-05 发布点评,一直是在携程上买门票，下单简单，退票也很流畅，到现场不用取票，简单快捷。,来自订单,IP属地:天津,铂金贵宾,,都江堰好评
M61****8737,5分,超棒,景色4,趣味4,性价比4,2025-02-05 发布点评,都江堰，景色优美，国家5A景区，风景宜人，前往游玩的体验还是很不错的，其中最有特色的莫过于都江堰的几个大桥，可以看到壮美的景观，非常不错,来自订单,IP属地:北京,钻石贵宾,,都江堰好评
科尼斯布伦韩非,5分,超棒,景色5,趣味5,性价比5,2025-02-05 发布点评,纯自然的风光，真是太美了，一步一景，步步是景。让人流连忘返。真是太棒了，一家人来的，住的景区外面，晚上竟然出现了高原反应，新来的人联系住有氧房间。川西真是太美丽的地方了以后有机会，一定去川西走个大环线。,来自订单,IP属地:河北,铂金贵宾,,都江堰好评
科尼斯布伦韩非,5分,超棒,景色5,趣味5,性价比5,2025-02-05 发布点评,纯自然的风光，真是太美了，一步一景，步步是景。让人流连忘返。真是太棒了，一家人来的，住的景区外面，晚上竟然出现了高原反应，新来的人联系住有氧房间。川西真是太美丽的地方了以后有机会，一定去川西走个大环线。,来自订单,IP属地:河北,铂金贵宾,,都江堰好评
内蒙松联通讯～吕宪华,5分,超棒,景色5,趣味5,性价比5,2025-02-05 发布点评,商业化严重，景区感觉管理混乱，景区管理人员不多，基本没有讲解介绍，门口黑导游太多了,来自订单,IP属地:四川,黄金贵宾,,都江堰好评
内蒙松联通讯～吕宪华,5分,超棒,景色5,趣味5,性价比5,2025-02-05 发布点评,有点商业化太严重了,来自订单,IP属地:四川,黄金贵宾,,都江堰好评
黑马白浪的秋天,5分,超棒,景色5,趣味5,性价比5,2025-02-05 发布点评,景色很不错，带家人转的，值得一去。,来自订单,IP属地:青海,钻石贵宾,,都江堰好评
追风的少年2017,4分,满意,景色5,趣味4,性价比3,2025-02-05 发布点评,过年来的人太多啦，景区分流不太行，门口堵塞严重，风景是不错的，好评给风景,来自订单,IP属地:江西,铂金贵宾,,都江堰好评
追风的少年2017,4分,满意,景色5,趣味4,性价比3,2025-02-05 发布点评,过年来的人太多啦，景区分流不太行，门口堵塞严重，风景是不错的，好评给风景,来自订单,IP属地:江西,铂金贵宾,,都江堰好评
匿名用户,4分,满意,景色5,趣味5,性价比4,2025-02-05 发布点评,特别震撼的景区，值得一去！就是人实在是太多了，交通拥堵。特别是茶马古道出来的商业街，水泄不通，建议景区给着急赶路的游客留一条空的道。,来自订单,IP属地:江苏,铂金贵宾,,都江堰好评
186****8432,5分,超棒,景色5,趣味3,性价比5,2025-02-05 发布点评,必须请人讲解才能更深入。,来自订单,IP属地:陕西,铂金贵宾,,都江堰好评
匿名用户,5分,超棒,景色5,趣味5,性价比5,2025-02-05 发布点评,不愧为伟大的水利工程！鱼嘴坝(图2)利于取水灌溉；飞沙堰（图4）泄洪、排沙，使进入内江泥沙的70%排出，不至于淤塞淤堵内江；宝瓶口（图3）取水、限流，是成都平原免于供水威胁的屏障。,来自订单,IP属地:北京,,,都江堰好评
岚绣儿,5分,超棒,景色5,趣味5,性价比5,2025-02-05 发布点评,很好   值得带孩子去看看  了解中国古人的智慧,来自订单,IP属地:辽宁,黄金贵宾,,都江堰好评
爱笑,5分,超棒,景色5,趣味5,性价比5,2025-02-04 发布点评,环境挺好的。,来自订单,IP属地:上海,钻石贵宾,,都江堰好评
驰骋万里666,4分,满意,景色4,趣味3,性价比3,2025-02-04 发布点评,大门口太小 检票口太少,来自订单,IP属地:广西,铂金贵宾,,都江堰好评
驰骋万里666,5分,超棒,景色4,趣味4,性价比3,2025-02-04 发布点评,大门口太小,来自订单,IP属地:广西,铂金贵宾,,都江堰好评
看到过就,5分,超棒,景色5,趣味5,性价比5,2025-02-04 发布点评,非常不错，就是节假日人比较多,来自订单,IP属地:四川,黄金贵宾,,都江堰好评
tinawu,5分,超棒,景色5,趣味5,性价比5,2025-02-04 发布点评,姚导讲解到位，服务周到，为我们的旅途锦上添花，非常感谢！,来自订单,IP属地:福建,铂金贵宾,,都江堰好评
Sallydog,5分,超棒,景色5,趣味5,性价比5,2025-02-04 发布点评,站在安澜索桥上，摇摇晃晃间既能欣赏到惊险刺激的江景，又能将岷江两岸的风光尽收眼底，奔腾的江水与周围的青山构成了一幅美丽的画卷。,来自订单,IP属地:四川,,,都江堰好评
Sallydog,5分,超棒,景色5,趣味5,性价比5,2025-02-04 发布点评,站在安澜索桥上，摇摇晃晃间既能欣赏到惊险刺激的江景，又能将岷江两岸的风光尽收眼底，奔腾的江水与周围的青山构成了一幅美丽的画卷。,来自订单,IP属地:四川,,,都江堰好评
Sallydog,5分,超棒,景色5,趣味5,性价比5,2025-02-04 发布点评,我们至上而下的看的！越往下越美！就是费腿！都江堰是中国古代水利工程的杰出代表，是世界文化遗产，承载着两千多年的历史，凝聚着古人的智慧和勤劳，让人真切感受到中华民族自强不息的精神。,来自订单,IP属地:四川,,,都江堰好评
吾行吾速2010,5分,超棒,景色5,趣味5,性价比5,2025-02-04 发布点评,导游很专业，感谢！,来自订单,IP属地:四川,铂金贵宾,,都江堰好评
jiaojiao771027,5分,超棒,景色5,趣味5,性价比5,2025-02-04 发布点评,都江堰景区已经去过很多次了，每次都有不一样的感觉，特别是水利工程部分，感受千年以前古人的智慧，孩子也从中学到了很多的知识点，特别是让他感受到人定胜天的,来自订单,IP属地:天津,铂金贵宾,,都江堰好评
M44****9636,5分,超棒,景色5,趣味5,性价比5,2025-02-04 发布点评,问道青城山，拜水都江堰！再次被古人的智慧震撼到！！！这里即有高超的水利工程，也有美如画的风景。感谢都江堰的水利工程，让成都人民拥有了美好生活！！,来自订单,IP属地:四川,黄金贵宾,,都江堰好评
罗铃千都(德国莱茵康复理疗讲师),5分,超棒,景色5,趣味5,性价比5,2025-02-04 发布点评,"都江堰，这座古老而神奇的水利工程，宛如一颗璀璨的明珠镶嵌在四川盆地的西北边缘，以其独有的韵味和魅力，吸引着无数游客前来探寻与赞美。

步入都江堰景区，首先映入眼帘的是那碧波荡漾的岷江水，它宛如一条绿色的绸带，轻轻拂过大地，滋养着这片肥沃的土地。江水在都江堰的巧妙引导下，分流为内江和外江，内江灌溉农田，外江泄洪排沙，展现了古代中国人民卓越的智慧和非凡的创造力。

沿着古堰漫步，可以看到那一座座历经千年风雨的古桥、古亭，它们静静地诉说着都江堰的历史与传奇。古桥上的石阶被岁月磨得光滑如镜，每一块石头都承载着过往行人的足迹和故事。很值得游览的圣地！",来自订单,IP属地:中国台湾,,,都江堰好评
206****265,5分,超棒,景色5,趣味5,性价比5,2025-02-04 发布点评,整体挺好，廊桥电梯太贵，其他的还好,来自订单,IP属地:四川,,,都江堰好评
M43****7732,4分,满意,景色4,趣味3,性价比4,2025-02-04 发布点评,挺美的！！！,来自订单,IP属地:甘肃,黄金贵宾,,都江堰好评
M41****177,4分,满意,景色4,趣味3,性价比3,2025-02-04 发布点评,中国伟大水利工程，值得去看看。网上说在6号门或其它门上不费脚。其实在正门上，顺着线路上鱼嘴也就1小时不用，再下来1.5小时。3点到达，5点多就下来南桥了,来自订单,IP属地:四川,铂金贵宾,,都江堰好评
_WeCh****798222,4分,满意,景色4,趣味3,性价比3,2025-02-04 发布点评,景区人很多,来自订单,IP属地:四川,铂金贵宾,,都江堰好评
匿名用户,5分,超棒,景色5,趣味5,性价比5,2025-02-04 发布点评,读万卷书 行万里路，假期带娃打卡四川，都江堰、熊猫谷、青城山都不错，这里很有历史教育意义，拜水都江堰，问道青城山。假期带娃不错的选择。,来自订单,IP属地:山东,钻石贵宾,,都江堰好评
M18****485,5分,超棒,景色5,趣味5,性价比5,2025-02-04 发布点评,不错不错不错不错,来自订单,IP属地:山西,铂金贵宾,,都江堰好评
M31****6154,5分,超棒,景色5,趣味5,性价比5,2025-02-04 发布点评,都江堰风景秀丽，冬季来河水碧蓝，讲解员小王温柔耐心，讲解风趣幽默，五星好评！,来自订单,IP属地:四川,,,都江堰好评
匿名用户,4分,满意,景色4,趣味3,性价比5,2025-02-04 发布点评,值得去，都江堰景区票价性价比低。,来自订单,IP属地:四川,,,都江堰好评
M51****5625,5分,超棒,景色5,趣味5,性价比5,2025-02-04 发布点评,我嘞个豆豆,来自订单,IP属地:四川,,,都江堰好评
110****383,5分,超棒,景色5,趣味5,性价比4,2025-02-04 发布点评,要请讲解。,来自订单,IP属地:湖南,,,都江堰好评
匿名用户,5分,超棒,景色5,趣味3,性价比5,2025-02-04 发布点评,挺好的，需要半天时间，建议一大早就去，花半天时间即可，必须租个讲解器，否则会非常没意思。,来自订单,IP属地:陕西,铂金贵宾,,都江堰好评
m42****2000,5分,超棒,景色5,趣味5,性价比4,2025-02-04 发布点评,不愧是几千年的历史  很震撼,来自订单,IP属地:四川,铂金贵宾,,都江堰好评
瞥见时光缝隙,5分,超棒,景色4,趣味4,性价比5,2025-02-04 发布点评,都江堰来过四次了，随着景区的完善，确实更具有历史意义，导游讲解还需要向龙门石窟和云冈石窟学习,来自订单,IP属地:四川,铂金贵宾,,都江堰好评
（兰花??）,5分,超棒,景色5,趣味5,性价比5,2025-02-03 发布点评,巴适得很了,来自订单,IP属地:云南,黄金贵宾,,都江堰好评
134****1386,5分,超棒,景色5,趣味5,性价比5,2025-02-03 发布点评,需要找个导游讲解，自己看看不出什么来,来自订单,IP属地:广东,钻石贵宾,,都江堰好评
M05****14,5分,超棒,景色5,趣味5,性价比5,2025-02-03 发布点评,穿过古城就看到了蓝眼泪，南桥，然后就是景区，中午到，排队一小会儿就进去了，所以建议上午去青城山下午去都江堰。中途打车就可以,来自订单,IP属地:天津,钻石贵宾,,都江堰好评
XZ_91,4分,满意,景色4,趣味4,性价比5,2025-02-03 发布点评,过年的时候人太多了,来自订单,IP属地:中国香港,黑钻贵宾,,都江堰好评
匿名用户,4分,满意,景色4,趣味3,性价比4,2025-02-03 发布点评,人少的时候应该是不错的去处,来自订单,IP属地:中国香港,黑钻贵宾,,都江堰好评
M05****14,5分,超棒,景色5,趣味5,性价比5,2025-02-03 发布点评,可以先到仰天窝广场，打卡大熊猫，然后逛灌县古城，穿过古城就到了都江堰景区,来自订单,IP属地:天津,钻石贵宾,,都江堰好评
M32****645,4分,满意,景色5,趣味4,性价比5,2025-02-03 发布点评,交通便利，价格便宜,来自订单,IP属地:陕西,黄金贵宾,,都江堰好评
M70****9849,5分,超棒,景色5,趣味5,性价比5,2025-02-03 发布点评,好好好好好,来自订单,IP属地:河南,黄金贵宾,,都江堰好评
匿名用户,5分,超棒,景色5,趣味4,性价比4,2025-02-03 发布点评,人流量太大了,来自订单,IP属地:湖北,钻石贵宾,,都江堰好评
殛烨,5分,超棒,景色5,趣味5,性价比4,2025-02-03 发布点评,适合学地理的去。景色很壮观，枯水期会有河滩裸露，有不少需要爬山的地方，腿脚不便的可能有点劝退。景点很大，有城际列车直通景区附近。比较耗体力，里面的凉糕好吃,来自订单,IP属地:甘肃,黄金贵宾,,都江堰好评
M27****5483,5分,超棒,景色5,趣味5,性价比5,2025-02-03 发布点评,从南桥过去就可以到达都江堰大门口，可以打卡拍照??，惊叹古人的智慧，都江堰水利工程非常震撼！夜晚南桥亮灯后可以去看蓝眼泪??，非常美丽,来自订单,IP属地:江苏,黄金贵宾,,都江堰好评
M27****5483,5分,超棒,景色5,趣味5,性价比5,2025-02-03 发布点评,太壮观了，惊叹??都江堰古人的智慧结晶，站在历史悠久的南桥上可以看到江水波涛汹涌，夜晚亮灯后的蓝眼泪很漂亮，提前去排队哦！不要错过哦,来自订单,IP属地:江苏,黄金贵宾,,都江堰好评
dekura,5分,超棒,景色5,趣味5,性价比5,2025-02-03 发布点评,非常房方便快捷,来自订单,IP属地:湖北,铂金贵宾,,都江堰好评
爱拼才会赢的建郎555,5分,超棒,景色5,趣味5,性价比5,2025-02-03 发布点评,这个是中国水利工程的丰碑，非常棒的景区，可以带小孩和家人过来感受体验一下,来自订单,IP属地:四川,黄金贵宾,,都江堰好评
151****3008,5分,超棒,景色5,趣味5,性价比5,2025-02-03 发布点评,经典的一个景区,来自订单,IP属地:福建,钻石贵宾,,都江堰好评
M14****888,5分,超棒,景色5,趣味5,性价比5,2025-02-03 发布点评,过年期间一大早就来秦堰楼排队了，还好人不是很多，顺着人流一起走就可以了。特别伟大的水利工程，景色还是不错的，适合带孩子来看看，学习一下的。,来自订单,IP属地:四川,铂金贵宾,,都江堰好评
M23****938,5分,超棒,景色5,趣味5,性价比5,2025-02-03 发布点评,可以，非常不错,来自订单,IP属地:四川,黄金贵宾,,都江堰好评
_WeCh****957917,5分,超棒,景色5,趣味5,性价比5,2025-02-03 发布点评,景区挺好的,来自订单,IP属地:重庆,铂金贵宾,,都江堰好评
葫芦架上的冬瓜,5分,超棒,景色5,趣味5,性价比5,2025-02-03 发布点评,拜水都江堰,来自订单,IP属地:四川,钻石贵宾,,都江堰好评
fein****0000,5分,超棒,景色5,趣味5,性价比5,2025-02-03 发布点评,超出期待。,来自订单,IP属地:山东,铂金贵宾,,都江堰好评
158****7635,5分,超棒,景色5,趣味5,性价比5,2025-02-03 发布点评,景色非常美，但是人太多了，排队时间太长了，希望人少的时候再来吧,来自订单,IP属地:陕西,铂金贵宾,,都江堰好评
toto8037,5分,超棒,景色5,趣味5,性价比5,2025-02-03 发布点评,谢谢小邱导游耐心细致的讲解，我们路上堵着到晚了也一直等着我们，孩子们一路边听边走边看，学到了很多都江堰的地理历史知识，收获很大呢！,来自订单,IP属地:云南,,,都江堰好评
_WeCh****812592,5分,超棒,景色5,趣味5,性价比5,2025-02-03 发布点评,一个值得去看看走走的地方,来自订单,IP属地:四川,铂金贵宾,,都江堰好评
150****1884,5分,超棒,景色5,趣味5,性价比5,2025-02-03 发布点评,伟大的工程,来自订单,IP属地:浙江,铂金贵宾,,都江堰好评
M30****540,5分,超棒,景色5,趣味5,性价比5,2025-02-03 发布点评,处理问题比较及时，携程客服很耐心,来自订单,IP属地:山西,,,都江堰好评
M29****075,5分,超棒,景色5,趣味5,性价比5,2025-02-03 发布点评,旺季不推荐，淡季慢慢逛不错。我们下午到的，先去的仰天窝广场，灌县古城，回来天黑了去看了蓝眼泪，第二天一早去的都江堰，请的导游300元，打车从二王庙旁边进门，从上至下逛不太累,来自订单,IP属地:四川,铂金贵宾,,都江堰好评
M24****020,5分,超棒,景色5,趣味5,性价比5,2025-02-03 发布点评,服务态度好，景色很优美,来自订单,IP属地:湖北,,,都江堰好评
m30****9965,5分,超棒,景色5,趣味5,性价比5,2025-02-03 发布点评,我是在携程网定的房间，一进房间第一感觉真的很干净清晰，各种设施齐全，电子窗帘，卫生间也特别卫生，总体真的很不错，最重要的是早餐很好吃,来自订单,IP属地:四川,铂金贵宾,,都江堰好评
M29****3053,5分,超棒,景色5,趣味5,性价比5,2025-02-03 发布点评,演出不错，水好看,来自订单,IP属地:海南,黄金贵宾,,都江堰好评
meng****978,5分,超棒,景色4,趣味4,性价比4,2025-02-03 发布点评,还是值得来的，比较震撼,来自订单,IP属地:海南,钻石贵宾,,都江堰好评
118****115,5分,超棒,景色5,趣味5,性价比5,2025-02-03 发布点评,值得一去的地方，不虚此行,来自订单,IP属地:辽宁,铂金贵宾,,都江堰好评
悠然三寸暖,5分,超棒,景色4,趣味4,性价比4,2025-02-03 发布点评,风景很美，人很多，看到的景色都让人觉得不可以思议！还会再去，相信每一次的感受都会不一样,来自订单,IP属地:云南,铂金贵宾,,都江堰好评
无敌小铁人,5分,超棒,景色5,趣味5,性价比5,2025-02-03 发布点评,很棒的体验。上次来还是十年前，感觉这次更惊喜了。携程的讲解团服务超级好，小曾最棒～，古城的好吃的也吃不过来，太喜欢了。,来自订单,IP属地:四川,铂金贵宾,,都江堰好评
无敌小铁人,5分,超棒,景色5,趣味5,性价比5,2025-02-03 发布点评,很棒的体验。上次来还是十年前，感觉这次更惊喜了。携程的讲解团服务超级好，古城的好吃的也吃不过来，太喜欢了。,来自订单,IP属地:四川,铂金贵宾,,都江堰好评
M43****5214,5分,超棒,景色5,趣味5,性价比5,2025-02-02 发布点评,历史悠久功能多样的水利工程，不由感叹古人的的智慧,来自订单,IP属地:广东,黄金贵宾,,都江堰好评
匿名用户,5分,超棒,景色5,趣味5,性价比5,2025-02-02 发布点评,2000多年前的水利工程，利在千秋，非常有历史价值，值得带孩子参观了解！春节带孩子在成都呆了几天，吃了美食，去了很多景点，当然都江堰也是非常推荐的,来自订单,IP属地:四川,黄金贵宾,,都江堰好评
_yt1****765,5分,超棒,景色5,趣味5,性价比5,2025-02-02 发布点评,带孩子来都江堰水利工程参观，久仰大名但是第一次来，坐地铁转高铁，方便得很。风景是没的说，美丽十分，美食也是一级棒。加上古代文化和水利治理的智慧，是个难得的多合一景区,来自订单,IP属地:陕西,钻石贵宾,,都江堰好评
M22****7629,5分,超棒,景色5,趣味5,性价比5,2025-02-02 发布点评,中规中矩吧，没有说特别惊艳,来自订单,IP属地:重庆,铂金贵宾,,都江堰好评
耳双雨段,5分,超棒,景色5,趣味5,性价比5,2025-02-02 发布点评,还是便宜不错，下次在来,来自订单,IP属地:四川,黄金贵宾,,都江堰好评
匿名用户,5分,超棒,景色5,趣味5,性价比5,2025-02-02 发布点评,值得一去的地方，老祖宗的智慧真的很牛*！,来自订单,IP属地:四川,铂金贵宾,,都江堰好评
匿名用户,5分,超棒,景色5,趣味5,性价比5,2025-02-02 发布点评,不错不错，老祖宗真的很智慧！,来自订单,IP属地:四川,铂金贵宾,,都江堰好评
M43****505,5分,超棒,景色5,趣味5,性价比5,2025-02-02 发布点评,很有意义的一次旅行,来自订单,IP属地:四川,铂金贵宾,,都江堰好评
dsw602319851,5分,超棒,景色5,趣味5,性价比5,2025-02-02 发布点评,环境优美，出行方便。其实路程倒也不远。惊叹古人的智慧。,来自订单,IP属地:四川,黄金贵宾,,都江堰好评
dsw602319851,5分,超棒,景色5,趣味5,性价比5,2025-02-02 发布点评,从6号门入，全程不走回头路，从一号门离堆公园处。就进入了游客中心。,来自订单,IP属地:四川,黄金贵宾,,都江堰好评
阿立Malik,4分,满意,,,,2025-02-02 发布点评,"那是一次很好的体验,主要摄影的地方在公园正门的公园外面,所以我觉得进去玩那里不是物有所值。你可以呆在那个地方的门口,河经过,你可以在那里拍照。",来自Trip.com,IP属地:未知,,,都江堰好评
M46****6244,5分,超棒,景色5,趣味3,性价比5,2025-02-02 发布点评,景色秀丽，服务到位，虽然人很多，但工作人员安全意识很强，服务态度好，问任何问题工作人员都很有耐心．过索桥时看到老人安保人员主动上前搀扶,来自订单,IP属地:四川,黄金贵宾,,都江堰好评
匿名用户,5分,超棒,景色5,趣味5,性价比5,2025-02-02 发布点评,成都必打卡景点之一 距离成都80公里左右 交通非常便利 游都江堰也就是直观感受古人的智慧，算是古代最有名的水利工程。最好请导游讲解。,来自订单,IP属地:辽宁,黄金贵宾,,都江堰好评
M57****115,5分,超棒,景色5,趣味5,性价比5,2025-02-02 发布点评,全程无忧很OK,来自订单,IP属地:江苏,铂金贵宾,,都江堰好评
M37****9273,5分,超棒,景色5,趣味5,性价比5,2025-02-02 发布点评,张导一路讲解，专业，热情！,来自订单,IP属地:四川,铂金贵宾,,都江堰好评
匿名用户,4分,满意,景色5,趣味4,性价比4,2025-02-02 发布点评,最惊讶的是山上供奉的各路神仙，人太多了也不限流，出来的时候根本举步维艰很恐怖,来自订单,IP属地:重庆,铂金贵宾,,都江堰好评
M56****464,5分,超棒,景色5,趣味5,性价比5,2025-02-02 发布点评,导游非常专业讲解，声音甜美，旅途体贴入微地关心，是非常舒服的感受，谢谢导游,来自订单,IP属地:四川,钻石贵宾,,都江堰好评
左蓝右红,5分,超棒,景色5,趣味5,性价比5,2025-02-02 发布点评,长见识了。。。,来自订单,IP属地:四川,铂金贵宾,,都江堰好评
匿名用户,5分,超棒,景色5,趣味5,性价比5,2025-02-02 发布点评,长见识了。。。,来自订单,IP属地:四川,铂金贵宾,,都江堰好评
Laura华华,5分,超棒,景色4,趣味4,性价比3,2025-02-02 发布点评,值得去，环境好,来自订单,IP属地:广东,钻石贵宾,,都江堰好评
_gf520****405801,5分,超棒,景色5,趣味5,性价比5,2025-02-02 发布点评,还好，有礼貌,来自订单,IP属地:中国香港,,,都江堰好评
拉绍德封苏秦,5分,超棒,景色5,趣味5,性价比5,2025-02-02 发布点评,漂亮漂亮漂亮,来自订单,IP属地:四川,黄金贵宾,,都江堰好评
320****273,4分,满意,景色4,趣味3,性价比4,2025-02-02 发布点评,为了过桥要排超级长的队,来自订单,IP属地:四川,黄金贵宾,,都江堰好评
M57****348,5分,超棒,景色5,趣味5,性价比5,2025-02-02 发布点评,孩子看到了很多书上没有的东西，读万卷书，行万里路！,来自订单,IP属地:四川,铂金贵宾,,都江堰好评
M57****348,5分,超棒,景色5,趣味5,性价比5,2025-02-02 发布点评,涨了见识，了解了历史！适合孩子学习旅游,来自订单,IP属地:四川,铂金贵宾,,都江堰好评
冷静的人,5分,超棒,景色5,趣味5,性价比5,2025-02-02 发布点评,适合慢游！,来自订单,IP属地:四川,铂金贵宾,,都江堰好评
冷静的人,5分,超棒,景色5,趣味5,性价比5,2025-02-02 发布点评,家庭亲子慢游！,来自订单,IP属地:四川,铂金贵宾,,都江堰好评
老林老兵,5分,超棒,景色5,趣味5,性价比5,2025-02-02 发布点评,景色优美水利工程很伟大,来自订单,IP属地:四川,钻石贵宾,,都江堰好评
老林老兵,5分,超棒,景色5,趣味5,性价比5,2025-02-02 发布点评,伟大的水利工程优美的景色,来自订单,IP属地:四川,钻石贵宾,,都江堰好评
呆呆的猪猪1028,5分,超棒,景色5,趣味5,性价比5,2025-02-02 发布点评,川ADJ1577，师傅非常棒，又快又稳！,来自订单,IP属地:四川,铂金贵宾,,都江堰好评
LeaderJ,5分,超棒,景色5,趣味5,性价比5,2025-02-02 发布点评,不错，值得一去,来自订单,IP属地:重庆,黑钻贵宾,,都江堰好评
08yuanyuan,5分,超棒,景色4,趣味4,性价比5,2025-02-02 发布点评,非常好！ 当天出发买票都行 不需要提前约，一个人的话我都搭火车到离堆公园，有接驳车（10元）直接送秦堰楼6号出入口，从上面玩下来非常棒！只是80元说实话其实有点小贵..,来自订单,IP属地:中国香港,黄金贵宾,,都江堰好评
_ucwe****028554,5分,超棒,景色5,趣味5,性价比5,2025-02-02 发布点评,伟大的工程,来自订单,IP属地:浙江,铂金贵宾,,都江堰好评
匿名用户,5分,超棒,景色5,趣味5,性价比5,2025-02-02 发布点评,酒店服务超级贴心，小哥哥和小姐姐态度超级温柔！,来自订单,IP属地:福建,黄金贵宾,,都江堰好评
M42****522,5分,超棒,景色4,趣味3,性价比4,2025-02-02 发布点评,导游挺耐心 讲解到位 和孩子聊的不错??,来自订单,IP属地:四川,,,都江堰好评
匿名用户,5分,超棒,景色5,趣味5,性价比5,2025-02-02 发布点评,讲解生动详细 服务热情周到,来自订单,IP属地:四川,黄金贵宾,,都江堰好评
匿名用户,5分,超棒,景色5,趣味5,性价比5,2025-02-02 发布点评,"值得一看，文化和自然景观合二为一，春节人多。
推荐观看上善都江堰演出，演员敬业，还有盖碗茶，这次VIP座位坐到第一排，孩子看得很兴奋。",来自订单,IP属地:北京,铂金贵宾,,都江堰好评
西特拉斯多洛雷斯,5分,超棒,景色5,趣味5,性价比5,2025-02-02 发布点评,杨敏导游娓娓道来，让我们了解了伟大的水利工程都江堰，不虚此行！五星好评！,来自订单,IP属地:四川,,,都江堰好评
_WeCh****39530,5分,超棒,景色5,趣味5,性价比5,2025-02-02 发布点评,值得去一趟,来自订单,IP属地:云南,铂金贵宾,,都江堰好评
李娜哦,5分,超棒,景色5,趣味5,性价比3,2025-02-02 发布点评,带孩子去玩，特别值得一去,来自订单,IP属地:四川,铂金贵宾,,都江堰好评
M25****3500,5分,超棒,景色5,趣味5,性价比5,2025-02-02 发布点评,小王讲解得非常好，让我们对都江堰有一个全面全新认识，赞！,来自订单,IP属地:四川,黄金贵宾,,都江堰好评
M31****3808,5分,超棒,景色5,趣味5,性价比5,2025-02-02 发布点评,非常好的体验，向大家推荐。,来自订单,IP属地:四川,铂金贵宾,,都江堰好评
138****5528,5分,超棒,景色5,趣味5,性价比4,2025-02-02 发布点评,鱼嘴，飞沙堰，宝瓶口印象深刻,来自订单,IP属地:广东,铂金贵宾,,都江堰好评
匿名用户,5分,超棒,景色5,趣味5,性价比5,2025-02-02 发布点评,景色秀丽自然，适合徒步旅行！,来自订单,IP属地:云南,黄金贵宾,,都江堰好评
wj2950,5分,超棒,景色5,趣味3,性价比4,2025-02-02 发布点评,都江堰是非常著名的水利工程，它的建成成就了成都平原沃野千里，非常值得去现场一看，建议非节假日过来仔细的游览，节假日过来的话就晓得仓促而且人超级多,来自订单,IP属地:四川,铂金贵宾,,都江堰好评
匿名用户,5分,超棒,景色5,趣味5,性价比5,2025-02-02 发布点评,不错风景秀丽,来自订单,IP属地:四川,铂金贵宾,,都江堰好评
300****509,5分,超棒,景色5,趣味5,性价比5,2025-02-02 发布点评,导演讲的很好,来自订单,IP属地:四川,钻石贵宾,,都江堰好评
_M13****7137,5分,超棒,景色5,趣味5,性价比5,2025-02-02 发布点评,除了人多，讲解是非常到位的，韩老师深入浅出的讲解，让孩子们了解了都江堰水利工程的伟大,来自订单,IP属地:四川,,,都江堰好评
M32****37,5分,超棒,景色5,趣味5,性价比5,2025-02-02 发布点评,值得去的地方,来自订单,IP属地:河北,铂金贵宾,,都江堰好评
M29****7682,5分,超棒,景色5,趣味5,性价比5,2025-02-01 发布点评,值得一去，尽量避开节假日出行。,来自订单,IP属地:四川,黄金贵宾,,都江堰好评
M22****6338,5分,超棒,景色5,趣味5,性价比5,2025-02-01 发布点评,值得去，特别好,来自订单,IP属地:四川,,,都江堰好评
288****349,5分,超棒,景色5,趣味5,性价比5,2025-02-01 发布点评,还行还行还行还行还行还行,来自订单,IP属地:广东,铂金贵宾,,都江堰好评
匿名用户,5分,超棒,景色5,趣味5,性价比5,2025-02-01 发布点评,值得一看，对古人先贤的智慧和艰苦的劳动，敬佩不已！！,来自订单,IP属地:四川,黄金贵宾,,都江堰好评
淘咪1212,5分,超棒,景色5,趣味5,性价比5,2025-02-01 发布点评,小傅导游讲解相当专业，知识储备很渊博，因为是本地人的缘故所以她对都江堰及周边的历史人文风情也能如数家珍般娓娓道来，尤其是非常有耐心，我家孩子特别喜欢这个小姐姐,来自订单,IP属地:四川,钻石贵宾,,都江堰好评
_WeCh****416899,5分,超棒,景色5,趣味5,性价比5,2025-02-01 发布点评,导游很有耐心，值得支持,来自订单,IP属地:四川,黄金贵宾,,都江堰好评
匿名用户,5分,超棒,景色5,趣味4,性价比5,2025-02-01 发布点评,整体感觉不错，过节人太多了，过安澜桥排队1小时，人挤人。景区小吃重复太多，要的热豆花结果拿到手冰冰凉凉，如果要热的直接微波炉加热。而且不耐烦的样子,来自订单,IP属地:四川,,,都江堰好评
M42****0102,5分,超棒,景色5,趣味5,性价比5,2025-02-01 发布点评,普通话标准，讲解到位，知识渊博，热情周到！很幸运遇上这样的导游！下次还会选择！,来自订单,IP属地:四川,钻石贵宾,,都江堰好评
M14****677,5分,超棒,景色5,趣味5,性价比5,2025-02-01 发布点评,好，内容丰富，非常好,来自订单,IP属地:四川,钻石贵宾,,都江堰好评
匿名用户,5分,超棒,景色5,趣味5,性价比4,2025-02-01 发布点评,值得去看看,来自订单,IP属地:湖北,铂金贵宾,,都江堰好评
匿名用户,5分,超棒,景色5,趣味5,性价比5,2025-02-01 发布点评,夜景很好看,来自订单,IP属地:湖北,铂金贵宾,,都江堰好评
匿名用户,5分,超棒,景色5,趣味5,性价比5,2025-02-01 发布点评,不错不错，导游讲解很细致，小孩也很感兴趣。总的来说不错，卖家可靠。值得推荐！,来自订单,IP属地:四川,钻石贵宾,,都江堰好评
D12****595,5分,超棒,景色5,趣味5,性价比5,2025-02-01 发布点评,中华熊猫苑风景秀丽，绿树成荫，竹林环绕，宛如天然氧吧。熊猫憨态可掬，悠闲自在，与自然和谐共处。漫步其中，既能感受大自然的宁静，又能近距离观赏国宝，是放松身心的绝佳去处。,来自订单,IP属地:云南,铂金贵宾,,都江堰好评
320****327,5分,超棒,景色5,趣味5,性价比5,2025-02-01 发布点评,都江堰很好，值得一去！,来自订单,IP属地:四川,,,都江堰好评
M57****186,4分,满意,景色4,趣味4,性价比4,2025-02-01 发布点评,赞叹古人的智慧,来自订单,IP属地:湖北,钻石贵宾,,都江堰好评
匿名用户,5分,超棒,景色5,趣味5,性价比5,2025-02-01 发布点评,挺好的，推荐去看看,来自订单,IP属地:四川,黄金贵宾,,都江堰好评
傲天海东青,5分,超棒,景色5,趣味5,性价比5,2025-02-01 发布点评,感谢导游的讲解，讲解很到位，导览很细致。,来自订单,IP属地:四川,,,都江堰好评
M23****4614,5分,超棒,景色5,趣味5,性价比5,2025-02-01 发布点评,热情洋溢，讲解清晰，值得推荐！,来自订单,IP属地:四川,铂金贵宾,,都江堰好评
M55****295,5分,超棒,景色5,趣味5,性价比5,2025-02-01 发布点评,不错不错不错,来自订单,IP属地:湖北,铂金贵宾,,都江堰好评
M54****098,5分,超棒,景色5,趣味4,性价比5,2025-02-01 发布点评,春节出行到处都是人，不过都江堰景区挺大的，没有出现人挤人的场景，个别地点也是缓慢通行。总体来说还算是不错的景区吧，对得起5A的名头。,来自订单,IP属地:四川,黄金贵宾,,都江堰好评
M49****963,5分,超棒,景色5,趣味4,性价比4,2025-02-01 发布点评,带娃出去旅游还可以,来自订单,IP属地:四川,黄金贵宾,,都江堰好评
快乐的老五,5分,超棒,景色5,趣味5,性价比5,2025-02-01 发布点评,佛教圣地，金鼎,来自订单,IP属地:四川,钻石贵宾,,都江堰好评
张久财,5分,超棒,景色5,趣味5,性价比5,2025-02-01 发布点评,导游实在是太好了，等了我将近两个小时，全程讲解非常细致，,来自订单,IP属地:四川,,,都江堰好评
E34***20,5分,超棒,,,,2025-02-01 发布点评,在trip买票很方便，扫护照就能进园区，我们选的时间点很好没有很多人，自由行让我们饱览每一个景点，很喜欢慢慢走看风景,来自Trip.com,IP属地:未知,,,都江堰好评
M23****4334,5分,超棒,景色5,趣味5,性价比5,2025-02-01 发布点评,很宏伟，很壮观，尤其是夜景很美，值得去看看,来自订单,IP属地:四川,黄金贵宾,,都江堰好评
匿名用户,5分,超棒,景色5,趣味5,性价比5,2025-02-01 发布点评,非常值得游玩。,来自订单,IP属地:四川,铂金贵宾,,都江堰好评
Cookie麻麻黑,5分,超棒,景色5,趣味5,性价比5,2025-02-01 发布点评,还是很不错的 人挺多 挺热闹的 尤其是蓝眼泪 真心值得一去 很宏大很震撼,来自订单,IP属地:四川,黄金贵宾,,都江堰好评
M42****0669,5分,超棒,景色5,趣味5,性价比5,2025-02-01 发布点评,非常快，很满意了，下次回来,来自订单,IP属地:四川,黄金贵宾,,都江堰好评
M42****0669,5分,超棒,景色5,趣味5,性价比5,2025-02-01 发布点评,很喜欢，非常喜欢,来自订单,IP属地:四川,黄金贵宾,,都江堰好评
M46****033,5分,超棒,景色5,趣味5,性价比5,2025-02-01 发布点评,此生必再来都江堰，太喜欢了，伟大的工程杰作，是我们中华璀宝，/副流动的山水画卷。让人心旷神怡。风景如诗如画，让人陶醉不矢。,来自订单,IP属地:湖北,黄金贵宾,,都江堰好评
匿名用户,5分,超棒,景色5,趣味5,性价比5,2025-02-01 发布点评,真心不错。此生必来的景区，。都江堰的智慧闪耀着治水文化的光芒，它的历史见证着中华民族的伟大创造力。它不仅是文明的杰作，更是人类智慧璀灿朋诛。,来自订单,IP属地:湖北,黄金贵宾,,都江堰好评
135****3739,5分,超棒,景色5,趣味5,性价比5,2025-02-01 发布点评,非常不错的体验,来自订单,IP属地:新疆,铂金贵宾,,都江堰好评
匿名用户,4分,满意,景色5,趣味4,性价比5,2025-02-01 发布点评,因为是春节的原因吃饭的地方关了很多家。找到一家不是很好吃。蜡肉炒青蒜店员推荐的里面的蜡肉为啥全是肥肉一端上来就看到全是白色的大肥肉一点食欲都没了。,来自订单,IP属地:四川,黄金贵宾,,都江堰好评
M23****4334,5分,超棒,景色5,趣味5,性价比5,2025-02-01 发布点评,还是值得去看看，尤其是夜景很美,来自订单,IP属地:四川,黄金贵宾,,都江堰好评
M24****978,5分,超棒,景色5,趣味5,性价比5,2025-01-31 发布点评,于导热情耐心的讲解深入人心，讲解幽默风趣,来自订单,IP属地:山东,,,都江堰好评
wrj20021010,5分,超棒,景色4,趣味4,性价比4,2025-01-31 发布点评,不去遗憾，去了后悔。,来自订单,IP属地:四川,黄金贵宾,,都江堰好评
M32****910,5分,超棒,景色5,趣味5,性价比5,2025-01-31 发布点评,都江堰很漂亮，11 月去，风景优美，温度适宜，都江堰水利工程到现在都造福人类，实在是太棒了！小朋友第一次听说了都江堰都觉得很厉害。虽然那天停电没有看成演出，但是老板非常大气，直接退费，还邀请我们下午免费观看，但因为行程安排，我们下午没看到演出，下次去一定要看,来自订单,IP属地:江苏,钻石贵宾,,都江堰好评
M40****3146,5分,超棒,景色5,趣味5,性价比5,2025-01-31 发布点评,很雄伟壮观,来自订单,IP属地:北京,,,都江堰好评
匿名用户,5分,超棒,景色5,趣味5,性价比5,2025-01-31 发布点评,很好，人太多了！只看了水利工程,来自订单,IP属地:四川,钻石贵宾,,都江堰好评
匿名用户,5分,超棒,景色5,趣味5,性价比5,2025-01-31 发布点评,很好，非常棒，很棒。………………………………………………………………………………………………………………………………………………………,来自订单,IP属地:四川,钻石贵宾,,都江堰好评
匿名用户,5分,超棒,景色5,趣味5,性价比5,2025-01-31 发布点评,值得一去，可以学到很多知识,来自订单,IP属地:四川,黄金贵宾,,都江堰好评
匿名用户,5分,超棒,景色5,趣味5,性价比5,2025-01-31 发布点评,空气好，景色美，值得一去,来自订单,IP属地:四川,黄金贵宾,,都江堰好评
匿名用户,4分,满意,景色4,趣味4,性价比4,2025-01-31 发布点评,都江堰风景优美，流水呈现碧蓝色，旁边紧连灌县古城，晚上比白天更热闹，灯光璀璨，传说中的蓝眼泪蜿蜒绵长，春节期间的游客很多，蓝桥上八挤人,来自订单,IP属地:浙江,铂金贵宾,,都江堰好评
虎虎爱星星,5分,超棒,景色5,趣味5,性价比5,2025-01-31 发布点评,非常好非常好非常好非常好非常好非常好非常好非常好非常好非常好非常好非常好,来自订单,IP属地:山东,黑钻贵宾,,都江堰好评
赵鹤璇,5分,超棒,景色5,趣味5,性价比5,2025-01-31 发布点评,6 号门进，1 号门出。 省时间路线，演出可以看一下，大概了解一下，非常值得来。,来自订单,IP属地:四川,铂金贵宾,,都江堰好评
139****1766,5分,超棒,景色5,趣味5,性价比5,2025-01-31 发布点评,讲解详细，服务态度好。,来自订单,IP属地:四川,铂金贵宾,,都江堰好评
m33****8154,5分,超棒,景色4,趣味4,性价比4,2025-01-31 发布点评,方便使用的,来自订单,IP属地:四川,黄金贵宾,,都江堰好评
高山流煊鲋音,5分,超棒,景色5,趣味5,性价比5,2025-01-31 发布点评,挺好的，风景很美，也感叹古人的智慧。,来自订单,IP属地:湖北,铂金贵宾,,都江堰好评
M30****8568,5分,超棒,景色5,趣味5,性价比5,2025-01-31 发布点评,必须要来享受一下山城的环境,来自订单,IP属地:福建,铂金贵宾,,都江堰好评
努力去玩、努力去生活,5分,超棒,,,,2025-01-30 发布点评,"都江堰这个地方离成都市区其实蛮近的,搭动车很快就会到了!这边有仰天窝大熊猫然后晚上还可以看蓝眼泪!都江堰这边很像商店街也可以来这里逛逛我在这买了两件外套还不错，提醒一下大家冬天来这里还蛮冷的尤其是日夜温差大所以要注意保暖",来自Trip.com,IP属地:未知,,,都江堰好评
海洋,5分,超棒,景色5,趣味5,性价比5,2025-01-30 发布点评,非常好的一次体验,来自订单,IP属地:安徽,铂金贵宾,,都江堰好评
M28****1680,5分,超棒,景色5,趣味5,性价比5,2025-01-30 发布点评,非常不错哦,来自订单,IP属地:四川,铂金贵宾,,都江堰好评
安多弗斯,5分,超棒,景色5,趣味4,性价比4,2025-01-30 发布点评,环境景色特别好,来自订单,IP属地:重庆,黄金贵宾,,都江堰好评
安多弗斯,5分,超棒,景色5,趣味4,性价比4,2025-01-30 发布点评,环境非常好,来自订单,IP属地:重庆,黄金贵宾,,都江堰好评
匿名用户,4分,满意,景色4,趣味4,性价比3,2025-01-30 发布点评,节假日人太多了，景区管理很OK，就不知道平时如何。古人的智慧在这展现出来。,来自订单,IP属地:贵州,铂金贵宾,,都江堰好评
匿名用户,4分,满意,景色5,趣味4,性价比4,2025-01-30 发布点评,此行有收获！,来自订单,IP属地:四川,铂金贵宾,,都江堰好评
Lijq330,5分,超棒,景色5,趣味5,性价比5,2025-01-30 发布点评,方便快捷，很满意。,来自订单,IP属地:四川,,,都江堰好评
晚风911,5分,超棒,景色4,趣味3,性价比5,2025-01-30 发布点评,司机师傅热情周到。开车平稳，路线熟悉！,来自订单,IP属地:四川,铂金贵宾,,都江堰好评
匿名用户,5分,超棒,景色5,趣味5,性价比5,2025-01-30 发布点评,小晔讲解详细，热情的照顾每个客人。,来自订单,IP属地:四川,铂金贵宾,,都江堰好评
galaxystar,5分,超棒,景色5,趣味5,性价比5,2025-01-30 发布点评,历史人文厚重,来自订单,IP属地:四川,黑钻贵宾,,都江堰好评
galaxystar,5分,超棒,景色5,趣味5,性价比5,2025-01-30 发布点评,导游耐心讲解，非常棒,来自订单,IP属地:四川,黑钻贵宾,,都江堰好评
血糯米团子,5分,超棒,景色5,趣味5,性价比5,2025-01-30 发布点评,讲的很好！谢谢杨导，讲的非常详细！留下来美好的记忆！,来自订单,IP属地:四川,,,都江堰好评
M55****8950,5分,超棒,景色5,趣味5,性价比5,2025-01-30 发布点评,值得一游，结合历史人文景观，体现我们祖国历史悠久，创历史科学,来自订单,IP属地:广东,黄金贵宾,,都江堰好评
M35****7568,5分,超棒,景色5,趣味5,性价比5,2025-01-29 发布点评,我们进去请了一个官方的讲解，给我们生动地讲解了李冰父子为都江堰付出的辛劳与凝结的智慧，结合实景不禁感慨古人的智慧，福泽后代2000多年,来自订单,IP属地:重庆,铂金贵宾,,都江堰好评
匿名用户,5分,超棒,景色5,趣味5,性价比5,2025-01-29 发布点评,冬季去的时候水估计变少了，总体体验感还是可以，但是没有想象的那么好，下回希望还是有机会再来吧，不过在灌县古城买的牛肉饼还是不错的。,来自订单,IP属地:云南,铂金贵宾,,都江堰好评
_CFT01****4742553,5分,超棒,景色5,趣味5,性价比5,2025-01-29 发布点评,值得去一趟看看,来自订单,IP属地:山东,铂金贵宾,,都江堰好评
匿名用户,5分,超棒,景色5,趣味5,性价比5,2025-01-29 发布点评,非常值得一去的地方，很震撼，景色也很美，游览路线也很清晰，带着孩子去玩，从玉叠阁眺望雪山，都江堰全景，景色很美。往二王庙一路过去风景都很好，下山的路很轻松，人流量也不大。山下近距离看鱼嘴，飞沙滩，宝瓶口，平坦轻松。,来自订单,IP属地:四川,铂金贵宾,,都江堰好评
匿名用户,5分,超棒,景色5,趣味5,性价比5,2025-01-29 发布点评,杨导专业知识丰富，对景点的历史文化和背景有深入的了解，讲解细致全面，令人印象深刻，受益匪浅。同时服务周到，热情待客，为旅行增添了温馨和愉悦。满分好评。,来自订单,IP属地:四川,铂金贵宾,,都江堰好评
206****132,5分,超棒,景色5,趣味5,性价比5,2025-01-29 发布点评,讲解认真细致，内容丰富，值得推荐！,来自订单,IP属地:四川,钻石贵宾,,都江堰好评
???,5分,超棒,,,,2025-01-29 发布点评,真的很好。强烈推荐??,来自Trip.com,IP属地:未知,,,都江堰好评
Grass in the wind,5分,超棒,景色5,趣味5,性价比5,2025-01-29 发布点评,都江堰景区值得一去,来自订单,IP属地:四川,铂金贵宾,,都江堰好评
匿名用户,5分,超棒,景色5,趣味5,性价比5,2025-01-29 发布点评,很好好满意,来自订单,IP属地:四川,铂金贵宾,,都江堰好评
匿名用户,4分,满意,景色4,趣味4,性价比4,2025-01-29 发布点评,景点值得一去，二千多年前的水利工程，造福万代，后人们应该多多了解，冬季游览属于枯水期，但是还是能看到湍急的水流在此合理的分流而下。,来自订单,IP属地:四川,铂金贵宾,,都江堰好评
匿名用户,5分,超棒,景色5,趣味5,性价比5,2025-01-29 发布点评,非常的地方。,来自订单,IP属地:广东,铂金贵宾,,都江堰好评
辣椒肥肉,5分,超棒,景色5,趣味5,性价比5,2025-01-29 发布点评,服务好，讲解到位,来自订单,IP属地:四川,铂金贵宾,,都江堰好评
137****9814,5分,超棒,景色5,趣味5,性价比5,2025-01-29 发布点评,值得一去，下次夏天来也一定很美！,来自订单,IP属地:四川,钻石贵宾,,都江堰好评
300****193,5分,超棒,景色5,趣味5,性价比5,2025-01-28 发布点评,比较壮观，值得一去,来自订单,IP属地:云南,铂金贵宾,,都江堰好评
匿名用户,5分,超棒,景色5,趣味5,性价比5,2025-01-28 发布点评,去了3次了，这次是为了蓝眼泪去的，上午爬青城山，中午找地儿吃个饭，下午都江堰,来自订单,IP属地:辽宁,钻石贵宾,,都江堰好评
lvjuchao,5分,超棒,景色5,趣味5,性价比5,2025-01-28 发布点评,价格还行吧,来自订单,IP属地:广东,铂金贵宾,,都江堰好评
koeymoon,5分,超棒,景色5,趣味5,性价比5,2025-01-28 发布点评,讲解老师非常认真，很好,来自订单,IP属地:四川,铂金贵宾,,都江堰好评
158****9997,5分,超棒,景色5,趣味5,性价比5,2025-01-28 发布点评,导游讲解清晰，服务很热情，满意。,来自订单,IP属地:四川,铂金贵宾,,都江堰好评
luoxiliang,5分,超棒,景色5,趣味5,性价比5,2025-01-28 发布点评,讲解员人很专业、很耐心,来自订单,IP属地:四川,铂金贵宾,,都江堰好评
彼得大帝一世,5分,超棒,景色5,趣味5,性价比5,2025-01-28 发布点评,导游很认真负责,来自订单,IP属地:浙江,黄金贵宾,,都江堰好评
M61****5589,4分,满意,景色5,趣味4,性价比4,2025-01-28 发布点评,"值得一去，登高望hp景\游收芬多精，二王R十分古阌刑厣。
唯一吐槽c，除了下坡那l古街，灌城古真的不用逛，就是l非常F代化的商I街。",来自订单,IP属地:贵州,铂金贵宾,,都江堰好评
SyP93136308,5分,超棒,景色5,趣味5,性价比5,2025-01-28 发布点评,"??人类改变命运的杰作！
??几千年前智慧的融汇点！
??人定胜天，不屈不挠，砥砺前行的表现！
??前人尚且如此，我们还有困难吗？
??路虽远，行则将至！",,IP属地:甘肃,铂金贵宾,,都江堰好评
_WeCh****943135,5分,超棒,景色5,趣味5,性价比5,2025-01-28 发布点评,讲解很nice,来自订单,IP属地:四川,铂金贵宾,,都江堰好评
M43****0247,5分,超棒,景色5,趣味5,性价比5,2025-01-28 发布点评,伟大的工程,来自订单,IP属地:宁夏,铂金贵宾,,都江堰好评
M27****918,5分,超棒,景色5,趣味5,性价比5,2025-01-28 发布点评,没啥事可以去看看，还行,来自订单,IP属地:贵州,铂金贵宾,,都江堰好评
kawaiizip,5分,超棒,景色5,趣味5,性价比5,2025-01-27 发布点评,"物有所值
值得一游
必打卡
不请导游讲解真的差太多
导游讲解提前一天就有通知，讲解时很详细知道很多，也有互动
孩子听得可认真了！五星好评！",来自订单,IP属地:四川,,,都江堰好评
M45****1845,5分,超棒,景色5,趣味5,性价比5,2025-01-27 发布点评,环境幽静，还可以见识古人智慧，游客比较多，最好淡季来,来自订单,IP属地:四川,黄金贵宾,,都江堰好评
M38****10,5分,超棒,景色5,趣味5,性价比5,2025-01-27 发布点评,讲解非常细致，大赞！不请导游就不要来都江堰，景色宜人！,来自订单,IP属地:四川,铂金贵宾,,都江堰好评
M35****7568,5分,超棒,景色5,趣味5,性价比5,2025-01-27 发布点评,缔造天府之国的源泉，值得一去。如果对原理构造很了解的话，可以自行前往。一知半解建议找个讲解，很值,来自订单,IP属地:四川,铂金贵宾,,都江堰好评
匿名用户,5分,超棒,景色5,趣味5,性价比5,2025-01-27 发布点评,有些无聊，没意思,来自订单,IP属地:福建,铂金贵宾,,都江堰好评
markzhang1206,5分,超棒,景色5,趣味5,性价比5,2025-01-27 发布点评,中国人水利工程枢纽的壮举。,来自订单,IP属地:浙江,钻石贵宾,,都江堰好评
320****611,5分,超棒,景色5,趣味5,性价比5,2025-01-27 发布点评,认真负责讲解精准全程跟随,来自订单,IP属地:四川,铂金贵宾,,都江堰好评
匿名用户,5分,超棒,景色5,趣味5,性价比5,2025-01-27 发布点评,非常值得去看,来自订单,IP属地:河南,铂金贵宾,,都江堰好评
匿名用户,5分,超棒,景色5,趣味5,性价比5,2025-01-27 发布点评,小雨时看水特别美。,来自订单,IP属地:四川,黄金贵宾,,都江堰好评
荃烁国际,5分,超棒,景色5,趣味5,性价比5,2025-01-27 发布点评,景色很美。山下下雨，山上??,来自订单,IP属地:四川,铂金贵宾,,都江堰好评
匿名用户,5分,超棒,景色5,趣味5,性价比5,2025-01-26 发布点评,古人的智慧??????????,来自订单,IP属地:北京,铂金贵宾,,都江堰好评
杨一男,5分,超棒,景色5,趣味5,性价比5,2025-01-26 发布点评,很少评价，今天要给我们的导游杨老师点赞??报了一个私人团，预期目标就是给孩子讲一讲都江堰的原理，本来期望并不大，没想到杨老师讲得如此精彩！9岁的孩子听得意犹未尽，从春秋战国时期的历史着手讲起，把所有的历史都串起来了，并且还结合了中小学课本中的涉及相关内容，讲得清清楚楚明明白白！佩服杨老师的知识渊博，以及对孩子耐心引导和积极鼓励！另外，讲解过程中主动为我们拍照打卡，特别感谢！听讲解一定要找杨老师！,来自订单,IP属地:四川,钻石贵宾,,都江堰好评
匿名用户,5分,超棒,景色5,趣味5,性价比5,2025-01-26 发布点评,很愉快的一次旅行,来自订单,IP属地:广西,铂金贵宾,,都江堰好评
旅行人在路上～,5分,超棒,景色5,趣味5,性价比5,2025-01-26 发布点评,好 很好 非常好,来自订单,IP属地:四川,铂金贵宾,,都江堰好评
M20****745,5分,超棒,景色5,趣味5,性价比5,2025-01-26 发布点评,大国工程，造福万代！,来自订单,IP属地:云南,,,都江堰好评
_M13****3069,5分,超棒,景色5,趣味5,性价比5,2025-01-26 发布点评,小王讲解专业，服务一流,来自订单,IP属地:四川,,,都江堰好评
136****5743,5分,超棒,景色5,趣味5,性价比5,2025-01-26 发布点评,讲解员很热情，体验感很好,来自订单,IP属地:广东,黄金贵宾,,都江堰好评
M21****267,5分,超棒,景色5,趣味5,性价比5,2025-01-26 发布点评,很不错的体验，学到很多知识，一定要请谅解,来自订单,IP属地:天津,铂金贵宾,,都江堰好评
匿名用户,5分,超棒,景色5,趣味5,性价比5,2025-01-25 发布点评,环境很好，空气也很不错，这个水利工程非常的壮观，里面的人也很多，很热闹，不愧是5a级景区，旁边还有一个古城，也可以游玩，风景很不错，欢迎大家来这里,来自订单,IP属地:四川,黄金贵宾,,都江堰好评
匿名用户,5分,超棒,景色5,趣味5,性价比5,2025-01-25 发布点评,"?? 酒店环境：
酒店外观设计现代大气，大堂装修精致典雅，营造出一种高端舒适的氛围。房间内部布局合理，空间宽敞明亮，干净整洁，设施齐全且维护良好。床品柔软舒适，让我在疲惫的旅途中能够迅速进入甜美的梦乡。卫生间干湿分离，淋浴喷头水压稳定，热水供应充足，洗浴用品品质也不错，细节之处尽显品质。
 
???♂? 服务态度：
从办理入住到退房离开，酒店的每一位工作人员都热情友好、专业高效。前台工作人员耐心解答我的问题，并提供了许多有用的旅行建议；客房服务人员响应迅速，及时满足我的各种需求；餐厅服务员态度亲切，服务周到，让我在用餐过程中感受到了家一般的温暖。",来自订单,IP属地:安徽,铂金贵宾,,都江堰好评
M44****272,5分,超棒,景色5,趣味5,性价比5,2025-01-25 发布点评,好看，景色绝美,来自订单,IP属地:四川,铂金贵宾,,都江堰好评
M18****329,5分,超棒,景色5,趣味5,性价比5,2025-01-25 发布点评,非常不错，讲解全面，行程合理。,来自订单,IP属地:山东,铂金贵宾,,都江堰好评
320****817,5分,超棒,景色5,趣味5,性价比5,2025-01-25 发布点评,伟大的水利工程，震撼,来自订单,IP属地:四川,黄金贵宾,,都江堰好评
M55****971,4分,满意,景色4,趣味4,性价比4,2025-01-25 发布点评,值得去，就是我去下雨,来自订单,IP属地:四川,钻石贵宾,,都江堰好评
_m13****9339,5分,超棒,景色5,趣味5,性价比5,2025-01-25 发布点评,留下难忘的回忆,来自订单,IP属地:四川,铂金贵宾,,都江堰好评
匿名用户,5分,超棒,景色5,趣味5,性价比5,2025-01-25 发布点评,非常好的导游 讲解很到位 很满意 值得推荐,来自订单,IP属地:四川,,,都江堰好评
匿名用户,5分,超棒,,,,2025-01-25 发布点评,景色优美，下午进入悠游漫步，走到晚上刚好看夜景,来自Trip.com,IP属地:未知,,,都江堰好评
tonyQ,5分,超棒,景色5,趣味5,性价比5,2025-01-25 发布点评,带着父母、亲子出游，可以说总体评价超乎预期。提前几天平台和导游就进行了联系，导游小杨非常热情、心美人善，讲解的景点也非常之详细、专业，有问必答；同时对小朋友也非常耐心、友善，以后会推荐朋友过来，点赞??,来自订单,IP属地:四川,,,都江堰好评
M31****7201,5分,超棒,景色5,趣味5,性价比5,2025-01-25 发布点评,环境优美，服务至上,来自订单,IP属地:山西,铂金贵宾,,都江堰好评
匿名用户,5分,超棒,景色5,趣味5,性价比5,2025-01-25 发布点评,很满意很漂亮很喜欢！,来自订单,IP属地:广东,铂金贵宾,,都江堰好评
M23****0593,5分,超棒,景色5,趣味5,性价比5,2025-01-24 发布点评,姚导很耐心！讲解很仔细！,来自订单,IP属地:四川,黄金贵宾,,都江堰好评
M28****163,4分,满意,景色5,趣味4,性价比4,2025-01-24 发布点评,交通方便，景色很好，不过山上没有完善的指示牌，会走冤枉路，去云垒阁的扶梯在修，上不去挺可惜的，也没有提前通知，希望能及时改善，很喜欢都江堰,来自订单,IP属地:安徽,铂金贵宾,,都江堰好评
匿名用户,5分,超棒,景色5,趣味4,性价比5,2025-01-24 发布点评,都江堰风景区是中国古代水利工程的杰作，也是世界文化遗产之一，展现了两千多年前的智慧与创造力。景区内青山绿水环绕，融合了自然美景与人文历史，令人流连忘返。鱼嘴分水堤、飞沙堰泄洪道等核心景观不仅展示了古人的巧妙设计，也让游客感受到中国古代工程学的辉煌成就。此外，景区还有祈福安澜的二王庙和充满生机的古街，可以全方位体验传统文化与自然风光的结合。无论是探寻历史还是亲近自然，都江堰都值得一游。,来自订单,IP属地:广东,钻石贵宾,,都江堰好评
匿名用户,5分,超棒,景色5,趣味5,性价比5,2025-01-24 发布点评,开心和失落并存,来自订单,IP属地:四川,钻石贵宾,,都江堰好评
匿名用户,5分,超棒,景色5,趣味5,性价比5,2025-01-24 发布点评,值得去，南桥夜景也很喜欢,来自订单,IP属地:四川,黄金贵宾,,都江堰好评
匿名用户,5分,超棒,景色5,趣味5,性价比5,2025-01-24 发布点评,非常值得去的地方，景色优美，打卡了“蓝眼泪”。建成两千多年的都江堰水利工程，无坝引水，防洪灌溉，造就和滋润着美丽富饶的“天府之国”・・,来自订单,IP属地:陕西,黄金贵宾,,都江堰好评
M22****387,5分,超棒,景色5,趣味5,性价比5,2025-01-23 发布点评,都江堰是全程最喜欢的一个地方了，这里太漂亮了，水利工程也挺牛的，景色特别的好，还能爬爬山，气候也是很舒服，等春天的时候还会再来的。,来自订单,IP属地:云南,黄金贵宾,,都江堰好评
匿名用户,5分,超棒,景色5,趣味5,性价比5,2025-01-23 发布点评,老师讲解十分清楚到位，并且有不懂的地方会重复讲，直到我们听懂为止，行程不累舒适宜人，对都江堰的分析极其透彻,来自订单,IP属地:未知,铂金贵宾,,都江堰好评
118****854,4分,满意,景色5,趣味5,性价比5,2025-01-23 发布点评,学习水利工程 寓教于乐 风景秀丽,来自订单,IP属地:北京,铂金贵宾,,都江堰好评
匿名用户,5分,超棒,景色5,趣味5,性价比5,2025-01-23 发布点评,景色很美,来自订单,IP属地:云南,铂金贵宾,,都江堰好评
_WeCh****372372,5分,超棒,景色5,趣味5,性价比5,2025-01-23 发布点评,讲解细致，服务很好,来自订单,IP属地:四川,铂金贵宾,,都江堰好评
豌豆小射手,5分,超棒,景色5,趣味5,性价比5,2025-01-23 发布点评,都江堰主要看水利工程 实在是太震撼太伟大了 钦佩古人的智慧 福泽了成都 又避免了水患 一定要找个讲解 了解下宝瓶口 飞沙堰 鱼嘴 离堆,来自订单,IP属地:北京,钻石贵宾,,都江堰好评
_WeCh****480723,5分,超棒,景色5,趣味5,性价比5,2025-01-23 发布点评,太棒了??,来自订单,IP属地:北京,黄金贵宾,,都江堰好评
M45****2716,5分,超棒,景色5,趣味5,性价比5,2025-01-22 发布点评,向往已久的都江堰果然没令人失望。非常棒的景区，宝瓶口，飞沙堰，鱼嘴，2200多年的战国水利工程，时至今日仍然发挥着重要作用，由衷佩服古人的智慧。李冰父子造福蜀地百姓，才能有天府之国的繁华呀！整个景区古朴，优美，岷江水清澈碧绿，行走园中，心情舒畅，流连忘返。二王庙更是值得一看，携程买票便捷，秒入园，省去排队烦恼，点赞！,来自订单,IP属地:四川,钻石贵宾,,都江堰好评
孤独的旅行者,5分,超棒,景色5,趣味5,性价比5,2025-01-22 发布点评,都江堰要先找资料看一下，了解清楚地理知识和原理，再实地看看，这样比较有收获,来自订单,IP属地:浙江,钻石贵宾,,都江堰好评
M30****7904,5分,超棒,景色5,趣味5,性价比5,2025-01-22 发布点评,不错，值得一去，价格合理,来自订单,IP属地:河北,铂金贵宾,,都江堰好评
M16****002,5分,超棒,景色5,趣味4,性价比4,2025-01-22 发布点评,很值得一去的景点，让孩子开阔眼界学习到更多的知识,来自订单,IP属地:四川,铂金贵宾,,都江堰好评
WYH001,5分,超棒,景色5,趣味5,性价比5,2025-01-22 发布点评,服务态度很好,来自订单,IP属地:山西,黄金贵宾,,都江堰好评
匿名用户,5分,超棒,景色5,趣味5,性价比5,2025-01-22 发布点评,从山顶秦堰楼进，往山下走比较省力。春节前人就是多，选好时间做好心理准备就行,来自订单,IP属地:四川,黄金贵宾,,都江堰好评
匿名用户,5分,超棒,景色5,趣味5,性价比5,2025-01-22 发布点评,携程预订讲解，超出预期的参观体验，非常愉快的旅程，龙导说得非常非常的好，专业，生动，热情，人文历史地理文化都结合讲解，小朋友也听得入神，,来自订单,IP属地:四川,钻石贵宾,,都江堰好评
M44****152,5分,超棒,景色5,趣味5,性价比5,2025-01-22 发布点评,非常值得打卡，一定要请讲解,来自订单,IP属地:四川,铂金贵宾,,都江堰好评
chenap,5分,超棒,景色5,趣味5,性价比5,2025-01-22 发布点评,都江堰的水养育和滋润着成都平原，川流近2000多年，名副其实的世界文化遗产，值得去游览―拜水都江堰。,,IP属地:四川,铂金贵宾,,都江堰好评
m23****0061,5分,超棒,景色5,趣味5,性价比5,2025-01-22 发布点评,很伟大的水利工程，讲解老师龙导讲解的特别好，还拓展了很多知识，很有收货的一天,来自订单,IP属地:四川,黄金贵宾,,都江堰好评
博尔霍夫李悝,5分,超棒,景色5,趣味5,性价比5,2025-01-21 发布点评,"精彩的都江堰之行，尤其感谢张老师的精彩讲解！
大家听我的！一定要请专业的老师！才能了解到都江堰鬼斧神工的古代水利工程如此智慧！
张老师是我见过这么多讲解，普通话最好，吐字清晰，语速恰当的讲解！！太专业了！
不仅对景点专业了如指掌，还会懂人文地理物理。。还会用本地的方言，生活态度，跟我们逗一逗！智商情商双在线！情绪价值提供的满满的！
照顾我家老人体贴入微，对孩子关心备至！还把我们订的演出票都领好送到手中！
有幸在美好的地方体验，有幸遇见张老师，感谢！
不多讲景点了，还靠大家去现场体验，超棒的！
哦对了，大家一定要看上善都江堰这个演出！要订VIP位置！！逛累了，喝碗茶，看演出，太巴适了，哈哈，景点里的表演竟然比春熙路附近的剧场还精彩。。想不到啊！",来自订单,IP属地:四川,铂金贵宾,,都江堰好评
_CFT0****0406,5分,超棒,景色5,趣味5,性价比5,2025-01-21 发布点评,很棒，感叹古人智慧,来自订单,IP属地:四川,铂金贵宾,,都江堰好评
匿名用户,4分,满意,景色4,趣味4,性价比4,2025-01-21 发布点评,很好的，佩服古人智慧,来自订单,IP属地:四川,铂金贵宾,,都江堰好评
黑艳童,5分,超棒,景色5,趣味5,性价比5,2025-01-21 发布点评,讲解专业，时间也配合我们，非常好的体验,来自订单,IP属地:北京,黑钻贵宾,,都江堰好评
匿名用户,5分,超棒,景色5,趣味5,性价比5,2025-01-21 发布点评,"在景区门口请了一个姓程的讲解员姐姐，讲的特别认真细致，知识储备也很丰富，有问必答，也很照顾小朋友们。
一定要听讲解，才会更加深入的了解古人的智慧与伟大",来自订单,IP属地:四川,铂金贵宾,,都江堰好评
M68****67,5分,超棒,景色5,趣味5,性价比5,2025-01-21 发布点评,都江堰真的鬼斧神工，古人的智慧太神奇了，来都江堰一定要找讲解，否则自己走马观花不知道都江堰到底是怎么回事，我们约的1小时讲解，时间太长的话估计小孩子听的就没有耐心了,来自订单,IP属地:黑龙江,铂金贵宾,,都江堰好评
mu****017,5分,超棒,景色5,趣味5,性价比5,2025-01-21 发布点评,导游阿婷带队很认真，对团内的小朋友很耐心，行程安排很合理，希望以后再来成都游玩的时候还能再见。,来自订单,IP属地:四川,钻石贵宾,,都江堰好评
M41****0699,5分,超棒,景色5,趣味5,性价比5,2025-01-21 发布点评,还可以，希望能越来越好,来自订单,IP属地:四川,黄金贵宾,,都江堰好评
M22****610,5分,超棒,景色5,趣味5,性价比5,2025-01-21 发布点评,讲解很好，很有耐心。,来自订单,IP属地:四川,铂金贵宾,,都江堰好评
⑿薮,5分,超棒,景色4,趣味3,性价比4,2025-01-21 发布点评,还是挺不错的，感觉冬天比夏天好看，能看清楚宝瓶口,来自订单,IP属地:山东,黄金贵宾,,都江堰好评
M32****3988,5分,超棒,景色5,趣味5,性价比5,2025-01-21 发布点评,导游易老师知识储备非常丰富，历史，地理知识了如指掌，典故信手拈来，讲解景点时引经据典，旁征博引，严肃的同时又不缺风趣幽默，非常推荐,来自订单,IP属地:四川,黄金贵宾,,都江堰好评
M23****2672,5分,超棒,景色5,趣味5,性价比5,2025-01-20 发布点评,美好值得拥有,来自订单,IP属地:四川,钻石贵宾,,都江堰好评
匿名用户,4分,满意,景色4,趣味4,性价比4,2025-01-20 发布点评,都江堰的景色非常美丽，也让人感慨古人的智慧。只是那天去的比较晚，五点钟就已经没有接驳车了，只能走路。因为车停在山上，那边的门已经关了，还绕了很远的路,来自订单,IP属地:广东,黄金贵宾,,都江堰好评
Bowenr,5分,超棒,,,,2025-01-20 发布点评,"我可以给你一个建议,打车进入顶部的大门。下楼然后过河步行thd桥更容易",来自Trip.com,IP属地:未知,,,都江堰好评
M27****7981,5分,超棒,景色5,趣味5,性价比5,2025-01-20 发布点评,风景好还会再去,来自订单,IP属地:江苏,黄金贵宾,,都江堰好评
M26****6624,5分,超棒,景色5,趣味5,性价比5,2025-01-20 发布点评,讲解非常??,来自订单,IP属地:四川,黄金贵宾,,都江堰好评
匿名用户,5分,超棒,景色5,趣味5,性价比5,2025-01-20 发布点评,讲解细致，互动充分,来自订单,IP属地:四川,黄金贵宾,,都江堰好评
M50****4826,5分,超棒,景色5,趣味5,性价比5,2025-01-20 发布点评,都江堰景色美丽，空气清新，导游的讲解很有趣味，不枯燥，里面的服务也特别好，不愧是5A景区。这真是一个值得去的地方。希望大家都来逛逛。,来自订单,IP属地:贵州,铂金贵宾,,都江堰好评
M23****1071,5分,超棒,景色5,趣味5,性价比5,2025-01-20 发布点评,很不错 值得去游玩下,来自订单,IP属地:四川,,,都江堰好评
M87****1230,4分,满意,景色5,趣味4,性价比4,2025-01-20 发布点评,景色宜人，空气清新，方便快捷,来自订单,IP属地:四川,,,都江堰好评
_WeCh****00878,5分,超棒,景色5,趣味5,性价比5,2025-01-20 发布点评,"都江堰巧夺天工，瞻显古人智慧，景区安排很合理，游玩不累，导游很有耐心，非常值得一去。
景依旧，情不同，不管是幸运还是不幸，都坚持走下去。",来自订单,IP属地:贵州,铂金贵宾,,都江堰好评
yccui,5分,超棒,景色5,趣味5,性价比5,2025-01-20 发布点评,趁着寒假没开始，抓紧时间来这里打卡哦，看一看古人数年年前就造好的水利工程，这里有日系风格满满的小火车，也有可爱的国宝大熊猫，哈哈尤其是晚上震撼的蓝眼泪，目眩神迷哦。,,IP属地:上海,铂金贵宾,,都江堰好评
?ησου?,4分,满意,景色4,趣味3,性价比4,2025-01-19 发布点评,还是值得一去的 看看古代伟大宏伟的水利工程建筑。,来自订单,IP属地:山东,黄金贵宾,,都江堰好评
DQQD@,5分,超棒,景色5,趣味5,性价比5,2025-01-19 发布点评,值得去深入体验风景秀丽人文底蕴浓厚,来自订单,IP属地:云南,铂金贵宾,,都江堰好评
沙漠之狐rml,5分,超棒,景色5,趣味5,性价比5,2025-01-19 发布点评,景色优美，人工奇迹，值得一去,来自订单,IP属地:四川,,,都江堰好评
M17****981,5分,超棒,景色5,趣味5,性价比5,2025-01-19 发布点评,"1.这个景点真是太美了，美不胜收！
2. 无论天气如何，这个景点都值得一去。
3. 景区内的景色让人陶醉，仿佛置身仙境。
4. 有着悠久历史文化底蕴的景点，值得一探究竟。
5. 这个景区的管理非常好，环境整洁干净。
6. 景点内的建筑风格独特，具有极高的艺术价值。",来自订单,IP属地:四川,黄金贵宾,,都江堰好评
_M15****9412,5分,超棒,景色5,趣味5,性价比5,2025-01-19 发布点评,很不错，值得一来，小时候从书上知道的祖国大好河山，有机会肯定要来看一看！,来自订单,IP属地:广东,,,都江堰好评
M27****8348,5分,超棒,景色5,趣味5,性价比5,2025-01-19 发布点评,很好很好很好,来自订单,IP属地:北京,铂金贵宾,,都江堰好评
匿名用户,5分,超棒,景色5,趣味5,性价比5,2025-01-19 发布点评,景色不错，导游讲解非常专业全面，好评。,来自订单,IP属地:四川,,,都江堰好评
320****740,5分,超棒,景色5,趣味5,性价比5,2025-01-19 发布点评,还是值得一看的，我一共去了二次，一次是夏天，一次是11月份，如果去建议天热一点的时候去，整个水面更为壮观，拍照打卡风景真的是美爆了,来自订单,IP属地:浙江,钻石贵宾,,都江堰好评
haibinwu,5分,超棒,景色5,趣味5,性价比5,2025-01-19 发布点评,水利工程都江堰，还是值得一去的。,来自订单,IP属地:浙江,钻石贵宾,,都江堰好评
_TS***ay,5分,超棒,,,,2025-01-19 发布点评,就在天府地铁站D出口。柜台小铃铛很友善。有问必答。 酒店能存放行李和淘宝～,来自Trip.com,IP属地:未知,,,都江堰好评
匿名用户,5分,超棒,景色5,趣味5,性价比5,2025-01-19 发布点评,值得让孩子们看看古人伟大的水利工程,来自订单,IP属地:四川,铂金贵宾,,都江堰好评
M30****5996,5分,超棒,景色5,趣味5,性价比5,2025-01-18 发布点评,历史厚重，非常震撼。,来自订单,IP属地:天津,铂金贵宾,,都江堰好评
匿名用户,5分,超棒,景色5,趣味5,性价比5,2025-01-18 发布点评,必去景点，淡季人也不少，但是水流也少，需要靠想象才能明白精妙之处,来自订单,IP属地:四川,钻石贵宾,,都江堰好评
M29****0532,4分,满意,景色4,趣味4,性价比4,2025-01-18 发布点评,寓教于乐的一个景区，很大，联系来之前做一下都江堰的功课，实际看到的话感觉非常震撼，完全感慨于古人的智慧，而且水也很清很好看，非常值得,来自订单,IP属地:贵州,黄金贵宾,,都江堰好评
岚亭爱,5分,超棒,景色5,趣味5,性价比5,2025-01-18 发布点评,"今天的导览服务非常棒，杨磊老师接待热情，知识丰富，给家里两个小学生细致讲解都江堰的历史与水利知识，还帮忙照顾了幼儿园的小朋友。

全程VIP用车，看演出安排不用自己拿票排队，一切都安排妥帖，推荐选择！",来自订单,IP属地:四川,,,都江堰好评
匿名用户,5分,超棒,景色5,趣味5,性价比5,2025-01-18 发布点评,好。。。？？？？？？,来自订单,IP属地:四川,钻石贵宾,,都江堰好评
M22****4680,5分,超棒,景色5,趣味5,性价比5,2025-01-18 发布点评,很不错感觉很放松,来自订单,IP属地:四川,钻石贵宾,,都江堰好评
F吉祥如意,5分,超棒,景色5,趣味5,性价比5,2025-01-18 发布点评,值得一去，古人的智慧结晶。,来自订单,IP属地:广西,黑钻贵宾,,都江堰好评
M52****1583,5分,超棒,景色5,趣味5,性价比5,2025-01-18 发布点评,著名景点非常壮观太值得一游了,来自订单,IP属地:黑龙江,钻石贵宾,,都江堰好评
小太??,5分,超棒,景色5,趣味5,性价比5,2025-01-18 发布点评,来都江堰非常值得，感叹古人的伟大,来自订单,IP属地:重庆,铂金贵宾,,都江堰好评
M43****5013,5分,超棒,景色5,趣味5,性价比5,2025-01-18 发布点评,非常棒的感受,来自订单,IP属地:四川,,,都江堰好评
M94****73,5分,超棒,景色5,趣味5,性价比5,2025-01-18 发布点评,郭静导游讲的特别好，因为带着小朋友，把文字生动化，连大人都听的精精有味，特别感谢郭导的耐心讲解，同时也看到了地震后人的坚强。讲解结束，郭导还给总结了一下，并向小朋友们提问，意外的是小朋友们全部记住了，这次都江堰之旅完美诠释了玩中学，谢谢！,来自订单,IP属地:四川,,,都江堰好评
118****625,5分,超棒,景色5,趣味5,性价比5,2025-01-18 发布点评,都江堰是一个伟大的水利工程，展现了古人的智慧，值得一游,来自订单,IP属地:上海,,,都江堰好评
_WeCh****537566,5分,超棒,景色5,趣味5,性价比5,2025-01-18 发布点评,易导是本地人，在景区信息分享的基础上，能更多地分享都江堰的城市历史，收货颇丰。景区时间规划合理。小朋友也学到很多。,来自订单,IP属地:四川,黄金贵宾,,都江堰好评
surefire.,4分,满意,景色4,趣味4,性价比3,2025-01-18 发布点评,历史文化价值意义大于景色价值景色相对来说比较单调，只是历史文化意义非常厚重在飞沙堰那边的流水变化从即变化是突然可以让你感觉视觉上焕然一新的景色，其他地方没有很多特别激烈的地方，主要是历史文化意义大于景点景色,来自订单,IP属地:四川,铂金贵宾,,都江堰好评
138****8589,5分,超棒,景色5,趣味5,性价比5,2025-01-18 发布点评,都江堰很美，当地人也很友好,来自订单,IP属地:四川,铂金贵宾,,都江堰好评
Eternity yang,5分,超棒,景色5,趣味5,性价比5,2025-01-17 发布点评,不错 好不错,来自订单,IP属地:四川,钻石贵宾,,都江堰好评
洛阳八仙,4分,满意,景色4,趣味4,性价比4,2025-01-17 发布点评,有名的水利工程，还是值得一看，感叹古人的智慧。,来自订单,IP属地:四川,黄金贵宾,,都江堰好评
M20****016,5分,超棒,景色5,趣味5,性价比5,2025-01-17 发布点评,都江堰景区值得细细玩赏。只有深入其中才能真切感受到古人的智慧以及造福后人的伟大之举。,来自订单,IP属地:湖北,铂金贵宾,,都江堰好评
匿名用户,5分,超棒,景色5,趣味5,性价比5,2025-01-17 发布点评,体验好，讲解到位，导游经验丰富，超级棒，非常开心。这次行程让我们深刻了解到其厚重的历史和文化,来自订单,IP属地:四川,黄金贵宾,,都江堰好评
M43****3346,5分,超棒,景色5,趣味5,性价比5,2025-01-17 发布点评,导游服务非常好,来自订单,IP属地:四川,铂金贵宾,,都江堰好评
donnor,5分,超棒,景色5,趣味5,性价比5,2025-01-17 发布点评,夏天有点热，风景不错,来自订单,IP属地:上海,铂金贵宾,,都江堰好评
ca****gar,5分,超棒,景色5,趣味5,性价比5,2025-01-17 发布点评,伟大的水利工程，值得一看，最好有讲解,来自订单,IP属地:四川,钻石贵宾,,都江堰好评
天天Hailey妈咪,5分,超棒,景色5,趣味5,性价比5,2025-01-17 发布点评,成都名片都江堰！这个景点可以和青城山合并到一起游览，山清水秀形容再贴切不过了。都江堰的水和青城山的山遥相呼应相隔不远，堪称成都人的后花园。外地游客来成都游玩的首选之景点,,IP属地:四川,钻石贵宾,,都江堰好评
M61****479,5分,超棒,景色5,趣味5,性价比5,2025-01-17 发布点评,孩子玩儿的很高兴，对以后写作文很有帮助！,来自订单,IP属地:北京,铂金贵宾,,都江堰好评
_M13****5958,5分,超棒,景色5,趣味5,性价比5,2025-01-16 发布点评,很值得一去,来自订单,IP属地:河北,铂金贵宾,,都江堰好评
丁丁宝妈妈,4分,满意,景色5,趣味5,性价比4,2025-01-16 发布点评,都江堰很有意思，这次带孩子来的，他刚学过都江堰，正好带他来看看，这个工程服务了我们上千年，真的太厉害了！风景也不错，值得来看看….,来自订单,IP属地:湖南,铂金贵宾,,都江堰好评
匿名用户,5分,超棒,景色5,趣味5,性价比5,2025-01-16 发布点评,体验感很好,来自订单,IP属地:辽宁,,,都江堰好评
M52****101,5分,超棒,景色5,趣味4,性价比5,2025-01-16 发布点评,景区很大，千年的水利工程，点赞????,来自订单,IP属地:四川,黄金贵宾,,都江堰好评
D58***33,5分,超棒,,,,2025-01-16 发布点评,"即时预订,无需更改门票,扫描护照进入公园。方便方便。",来自Trip.com,IP属地:未知,,,都江堰好评
Eternity yang,5分,超棒,景色5,趣味5,性价比5,2025-01-16 发布点评,不错 好 还可以很好,来自订单,IP属地:四川,钻石贵宾,,都江堰好评
M47****7068,5分,超棒,景色5,趣味5,性价比5,2025-01-16 发布点评,"看起来是绿眼泪
拍出来是蓝眼泪",来自订单,IP属地:云南,钻石贵宾,,都江堰好评
M52****332,5分,超棒,景色5,趣味5,性价比5,2025-01-16 发布点评,非常好非常好非常好！,来自订单,IP属地:四川,铂金贵宾,,都江堰好评
Conti-刘ZP,5分,超棒,景色5,趣味5,性价比5,2025-01-16 发布点评,历史瑰宝，来一次值,来自订单,IP属地:四川,铂金贵宾,,都江堰好评
Cokotta,5分,超棒,景色5,趣味5,性价比5,2025-01-16 发布点评,景色很美，体验感很好,来自订单,IP属地:四川,黄金贵宾,,都江堰好评
_WeCh****853334,5分,超棒,景色5,趣味5,性价比5,2025-01-15 发布点评,很好很好很好,来自订单,IP属地:山东,铂金贵宾,,都江堰好评
M36****4702,5分,超棒,景色5,趣味4,性价比5,2025-01-15 发布点评,值得一去，没找到官方讲解有点遗憾,来自订单,IP属地:辽宁,,,都江堰好评
M32****9449,5分,超棒,景色5,趣味5,性价比5,2025-01-15 发布点评,雄伟壮观，值得一去,来自订单,IP属地:四川,黄金贵宾,,都江堰好评
M42****7907,5分,超棒,景色5,趣味5,性价比5,2025-01-15 发布点评,景区很棒，下次不来了,来自订单,IP属地:四川,黄金贵宾,,都江堰好评
E09****80,5分,超棒,景色5,趣味4,性价比5,2025-01-15 发布点评,整个景区联票，飞沙堰，宝瓶口，二王庙，天气不太好，景区不错，就是有点强买强卖，非让人一次性耍完。,来自订单,IP属地:重庆,铂金贵宾,,都江堰好评
古德里安,5分,超棒,景色5,趣味5,性价比5,2025-01-15 发布点评,很好很细致,来自订单,IP属地:上海,铂金贵宾,,都江堰好评
建极绥猷J,5分,超棒,景色5,趣味5,性价比5,2025-01-15 发布点评,都江堰的人文景观同样丰富，二王庙供奉着李冰父子的神像，寄托了人们对治水英雄的敬仰之情。伏龙观、安澜桥等古迹见证了都江堰的悠久历史和深厚文化底蕴?。此外，都江堰的古城墙和古街道也充满了历史的气息，让人仿佛穿越回古代?。,来自订单,IP属地:四川,钻石贵宾,,都江堰好评
M51****9756,5分,超棒,景色5,趣味5,性价比5,2025-01-15 发布点评,很好，玩得很开心，风景也非常美，而且我们去的那天还下雨了，更为壮观，下次有机会还去，而且人还特别多，讲解也非常到位，主要是景观很壮观,来自订单,IP属地:陕西,,,都江堰好评
M44****8737,5分,超棒,景色5,趣味5,性价比5,2025-01-15 发布点评,非常不错的,来自订单,IP属地:四川,黄金贵宾,,都江堰好评
行走在民间的艺术家,4分,满意,景色4,趣味4,性价比4,2025-01-15 发布点评,"都江堰，位于四川省成都市都江堰市城西，坐落在成都平原西部的岷江上，是秦昭王后期蜀郡守李冰总结前人治水经验，组织人民修建的大型水利工程。
都江堰是世界文化遗产、世界灌溉工程遗产、全国重点文物保护单位、国家AAAAA级旅游景区。景区以都江堰水利工程为核心，涵盖了渠首枢纽（鱼嘴、飞沙堰、宝瓶口）、灌区各级引水渠道等工程系统。其中，鱼嘴分水堤将岷江分为内外二江，外江用于排洪，内江则引水灌溉；飞沙堰具有泄洪、排沙和调节水量的功能；宝瓶口则是内江的进水口，能自动控制进水量。
此外，都江堰还包含众多景点，如伏龙观、二王庙、安澜索桥等，它们不仅展现了古代水利文化的深厚底蕴，也为游客提供了丰富的旅游体验。站在都江堰水利工程之上，可以感受到古人智慧的伟大与现代科技的巧妙结合，领略到自然风光与人文景观的和谐共生。",,IP属地:四川,,,都江堰好评
印象西南,5分,超棒,景色5,趣味5,性价比5,2025-01-15 发布点评,"坐落在成都平原西部的岷江上，是当今世界年代久远、唯一留存、以无坝引水为特征的宏大水利工程
它最伟大之处是建堰2250多年来经久不衰，而且发挥着愈来愈大的效益  ?
成都周边游好去处 都江堰与青城后山之间 川西水乡 成都版小大理 以山水风光 古韵浪漫和原生烟火 成为成都人青睐的后花园 
算是成都周边最商业化的古镇 古镇基本上都是商业化 吃喝玩乐一应俱全 旁边有悠悠游岛 夏天还可以耍水 交通方便 成都周边游的好地方 #",,IP属地:四川,铂金贵宾,,都江堰好评
匿名用户,4分,满意,景色4,趣味4,性价比4,2025-01-14 发布点评,感觉还不错，感觉还不错，感觉还不错，感觉还不错，感觉还不错，感觉还不错，感觉还不错，感觉还不错，感觉还不错，感觉还不错，感觉还不错，感觉还不错，感觉还不错，感觉还不错，感觉还不错，感觉还不错，感觉还不错，感觉还不错，感觉还不错，感觉还不错，感觉还不错，感觉还不错，感觉还不错，感觉还不错，,来自订单,IP属地:四川,钻石贵宾,,都江堰好评
7月的超人,5分,超棒,景色5,趣味5,性价比5,2025-01-14 发布点评,值得来旅游的景点,来自订单,IP属地:陕西,钻石贵宾,,都江堰好评
M28****3756,5分,超棒,景色5,趣味5,性价比5,2025-01-14 发布点评,感谢年轻漂亮博识的唐导游！超乎想象的精彩，孩子和我们两个通过唐导细心的讲解，让我们对都江堰有个全新的了解和认识。这次活动给小朋友留下了深刻的记忆，再次感谢唐导！,来自订单,IP属地:四川,铂金贵宾,,都江堰好评
M52****6299,5分,超棒,景色5,趣味5,性价比5,2025-01-14 发布点评,讲解很棒，介绍了好吃的,来自订单,IP属地:四川,黄金贵宾,,都江堰好评
M14****616,5分,超棒,景色5,趣味4,性价比4,2025-01-14 发布点评,历史古迹，值得游览,来自订单,IP属地:云南,铂金贵宾,,都江堰好评
M11****939,5分,超棒,景色5,趣味5,性价比5,2025-01-14 发布点评,小何讲解的很好 很满意,来自订单,IP属地:四川,黄金贵宾,,都江堰好评
m38****9136,5分,超棒,景色5,趣味5,性价比5,2025-01-14 发布点评,专业，细心，很负责的美女,来自订单,IP属地:四川,黄金贵宾,,都江堰好评
王冠蓁,5分,超棒,景色5,趣味5,性价比5,2025-01-14 发布点评,出游正好是晴天，山清水秀。登高俯瞰，美景尽收眼底。伟大的水利工程，很值得去,来自订单,IP属地:四川,铂金贵宾,,都江堰好评
_TI***3x,5分,超棒,,,,2025-01-13 发布点评,临时订定的行程，感谢郭静导游的细心讲解及介绍都江堰的由来，以及都江堰如何运作，非常感谢碰到这样的导游,来自Trip.com,IP属地:未知,,,都江堰好评
M46****0624,5分,超棒,景色5,趣味5,性价比5,2025-01-13 发布点评,还行吧，但不是我想像中的感觉，感觉就是进了寺庙道场拜仙,来自订单,IP属地:湖南,,,都江堰好评
匿名用户,5分,超棒,景色5,趣味5,性价比5,2025-01-13 发布点评,值得去旅游,来自订单,IP属地:湖北,钻石贵宾,,都江堰好评
丹生郡孟子,5分,超棒,景色5,趣味5,性价比5,2025-01-13 发布点评,导游服务特别好,来自订单,IP属地:四川,钻石贵宾,,都江堰好评
?? 韵,5分,超棒,景色5,趣味5,性价比5,2025-01-13 发布点评,房间干净，体验感还不错，服务员态度也很好，五星好评,来自订单,IP属地:四川,黄金贵宾,,都江堰好评
M14****575,5分,超棒,景色5,趣味4,性价比5,2025-01-13 发布点评,景色怡人，值得去看看,来自订单,IP属地:四川,铂金贵宾,,都江堰好评
和你在一起 哪都是家l,5分,超棒,景色5,趣味5,性价比5,2025-01-12 发布点评,去的时候下了点小雨 步行在都江堰我觉得还挺有氛围呢 没等到蓝眼泪就走了 但是也挺好的 看攻略6号门一直往下溜达 一边拍照一边溜达 2小时左右就完事了 我是用打车软件直接到6号门,来自订单,IP属地:四川,黄金贵宾,,都江堰好评
匿名用户,5分,超棒,景色5,趣味5,性价比5,2025-01-12 发布点评,讲解热情，耐心，景色很好，不错的一次旅行,来自订单,IP属地:四川,铂金贵宾,,都江堰好评
230****291,5分,超棒,景色5,趣味4,性价比4,2025-01-12 发布点评,环境还可以,来自订单,IP属地:江苏,铂金贵宾,,都江堰好评
战山为王是真的 博君一笑不可能,5分,超棒,景色5,趣味5,性价比5,2025-01-12 发布点评,内容很好 有点晕,来自订单,IP属地:四川,铂金贵宾,,都江堰好评
M27****2771,5分,超棒,景色5,趣味5,性价比5,2025-01-12 发布点评,打卡初中课本上的地方,来自订单,IP属地:四川,黄金贵宾,,都江堰好评
讨厌不讲信用的人,5分,超棒,景色5,趣味5,性价比5,2025-01-12 发布点评,很有历史，古人智慧非今人能比。,来自订单,IP属地:四川,铂金贵宾,,都江堰好评
官鹅沟,5分,超棒,景色5,趣味5,性价比5,2025-01-11 发布点评,景点服务好，优惠力度大。,来自订单,IP属地:甘肃,黄金贵宾,,都江堰好评
匿名用户,5分,超棒,景色5,趣味5,性价比5,2025-01-11 发布点评,非常值得一去。,来自订单,IP属地:甘肃,铂金贵宾,,都江堰好评
139****3160,5分,超棒,景色5,趣味5,性价比5,2025-01-11 发布点评,始修于秦，迄今而留存其一；有二王之庙宇而赞其功也；有西游之景，别驾之树而叹其奇也；有世遗之名而受其重也；…………,来自订单,IP属地:四川,黄金贵宾,,都江堰好评
M61****052,5分,超棒,景色5,趣味5,性价比5,2025-01-11 发布点评,景区风景优美,来自订单,IP属地:江苏,,,都江堰好评
突途兔,5分,超棒,景色5,趣味5,性价比5,2025-01-10 发布点评,导游讲解生动有趣，性格热情开朗，让全家都收获很大，强烈推荐,来自订单,IP属地:吉林,,,都江堰好评
晓雨遗踪,5分,超棒,景色5,趣味5,性价比5,2025-01-10 发布点评,景色很漂亮，就是国庆假期人太多了,来自订单,IP属地:陕西,钻石贵宾,,都江堰好评
M37****3531,5分,超棒,景色5,趣味5,性价比5,2025-01-10 发布点评,还可以，值得,来自订单,IP属地:广东,黄金贵宾,,都江堰好评
匿名用户,5分,超棒,景色5,趣味5,性价比5,2025-01-10 发布点评,超赞美景，下次还会再去的，希望票价能有折扣吼。交通还算OK，寻找攻略也还好，景区内很多饭馆，吃东西很方便，留一整天时间不错，可以静静坐在内江边的椅子上放空吼吼,来自订单,IP属地:山东,黄金贵宾,,都江堰好评
118****800,5分,超棒,景色5,趣味5,性价比5,2025-01-10 发布点评,第三次来都江堰了，让孩子近距离感受来自2000多年前的大型水利工程奇迹，是造福人民的水利工程，是世界水利工程的鼻祖！感叹先人的智慧和毅力！,来自订单,IP属地:四川,钻石贵宾,,都江堰好评
AAAKKK000,5分,超棒,景色5,趣味5,性价比5,2025-01-10 发布点评,整个工程很是壮观，感受古人的智慧，古老的中国人改造大自然，勤劳智慧的中国人利用大自然的决心，景区风景也不错，水特别的绿，很值得一去，,来自订单,IP属地:内蒙古,钻石贵宾,,都江堰好评
匿名用户,5分,超棒,景色5,趣味3,性价比4,2025-01-10 发布点评,景色还行吧，主打一个了解历史，只是看风景的话没必要选这,来自订单,IP属地:广东,黄金贵宾,,都江堰好评
M49****9023,5分,超棒,景色5,趣味5,性价比5,2025-01-10 发布点评,都江堰算是成都的一张名片了，离主城区也很近，所以来成都玩的人都会去都江堰看水，门票八十元，在五A景区中不算贵，游玩天数建议一整天，整个景区还是很大的，很多旅行团来这里，平时人都很多，有许多人把都江堰和青城山一块玩花一天时间，那样时间就很紧张了，都江堰是人文历史悠久的景点，都要追随到战国时期李冰父子了，这个水利工程浩大又壮观，那个水澎湃汹涌，简直感觉不虚此行，登上玉垒阁更是能俯视整个都江堰，还有二王庙这样的庙子，想烧香的也可以来，节假日人太多，在桥上都动不了，工作日来最好。,,IP属地:四川,铂金贵宾,,都江堰好评
babytiger,5分,超棒,景色5,趣味5,性价比5,2025-01-09 发布点评,古人伟大的智慧，造就造福了成都平原，景区很大很漂亮，除了宏大的水利工程，还有松茂古道、二王庙、玉垒关、宣威门、夫妻桥，景色宜人。,,IP属地:上海,铂金贵宾,,都江堰好评
匿名用户,5分,超棒,景色5,趣味5,性价比5,2025-01-09 发布点评,值得一去哦,来自订单,IP属地:四川,黄金贵宾,,都江堰好评
M22****6520,5分,超棒,景色5,趣味5,性价比5,2025-01-09 发布点评,吴导讲解耐心细致，人nice ，值得推荐！,来自订单,IP属地:四川,铂金贵宾,,都江堰好评
豆B力,5分,超棒,景色5,趣味5,性价比5,2025-01-09 发布点评,"Rв沃v解很棒，每一个细节清晰透彻，深入浅出，专业易懂。让我对都江堰来源、设计有了更深度的了解。
受益匪浅！非常感谢…
已经加入微信好友，下次再安排时间过来其他的景点……??????",来自订单,IP属地:四川,铂金贵宾,,都江堰好评
匿名用户,5分,超棒,景色5,趣味5,性价比5,2025-01-09 发布点评,都江堰水利工程被赞为中国水利工程史上的伟大奇迹，两千多年来一直发挥着防洪灌溉的作用，是全世界迄今为止唯一留存、仍在使用的一项伟大工程。,来自订单,IP属地:广东,黄金贵宾,,都江堰好评
满满，,5分,超棒,景色5,趣味5,性价比5,2025-01-09 发布点评,景色不错，,来自订单,IP属地:河北,铂金贵宾,,都江堰好评
M29****0159,4分,满意,景色4,趣味4,性价比4,2025-01-09 发布点评,总体风景还算不错,来自订单,IP属地:四川,钻石贵宾,,都江堰好评
帆船(文利),5分,超棒,景色5,趣味5,性价比5,2025-01-08 发布点评,文化底温深厚，历史悠久，值得观赏，园中景色优美，设计精美，园外南桥古镇与之呼应，推荐参观。,来自订单,IP属地:四川,钻石贵宾,,都江堰好评
匿名用户,5分,超棒,景色5,趣味5,性价比5,2025-01-08 发布点评,坐车方便，环境美极了，来成都一定要来一趟都江堰,来自订单,IP属地:河北,黄金贵宾,,都江堰好评
洲洲妈咪,5分,超棒,景色5,趣味5,性价比5,2025-01-08 发布点评,很好！物美价廉！,来自订单,IP属地:广东,黄金贵宾,,都江堰好评
206****978,5分,超棒,景色5,趣味5,性价比5,2025-01-08 发布点评,是个很好的景点，值得游玩，如果有机会再去想深度游玩，这次去玩由于时间仓促，走马观花走了一遍，有些遗憾。,来自订单,IP属地:江苏,黄金贵宾,,都江堰好评
M25****2442,5分,超棒,景色5,趣味5,性价比5,2025-01-07 发布点评,相当不错。景观也非常好。,来自订单,IP属地:四川,铂金贵宾,,都江堰好评
che****776,4分,满意,景色4,趣味4,性价比4,2025-01-07 发布点评,"景色不错，整个景区很大的，包含的内容也挺丰富，尤其关于都江堰的历史和功能介绍得非常清楚，知识感很强。
第二次来这里了，感觉比以前做得更好了。",来自订单,IP属地:山东,铂金贵宾,,都江堰好评
M24****9976,5分,超棒,景色5,趣味5,性价比5,2025-01-07 发布点评,讲解很仔细，完全能懂都江堰的原理了！,来自订单,IP属地:四川,黄金贵宾,,都江堰好评
M25****4494,5分,超棒,景色5,趣味5,性价比5,2025-01-07 发布点评,玩的太开心了！,来自订单,IP属地:山东,黄金贵宾,,都江堰好评
M41****5081,5分,超棒,景色5,趣味5,性价比5,2025-01-07 发布点评,只是为了打卡南桥就不需要买票,来自订单,IP属地:重庆,铂金贵宾,,都江堰好评
匿名用户,5分,超棒,景色5,趣味3,性价比3,2025-01-06 发布点评,人太多，步道两边可多设座椅,来自订单,IP属地:安徽,黄金贵宾,,都江堰好评
_TI***a5,4分,满意,,,,2025-01-06 发布点评,"通过trip.com买的门票入场方便,只需要验证护照入场。",来自Trip.com,IP属地:未知,,,都江堰好评
CIKT0105,5分,超棒,景色5,趣味5,性价比5,2025-01-06 发布点评,"- 水利工程震撼人心：都江堰水利工程是世界上最古老、最完整的水利工程之一，已有2000多年的历史。鱼嘴分水堤、飞沙堰溢洪道、宝瓶口进水口等巧妙设计，科学地解决了江水自动分流、自动排沙、控制进水流量等问题，让人感叹古人的智慧和创造力。
- 自然风光宜人：景区周围群山环绕，河水清澈见底，景色宜人。山上植被茂密，空气清新，从山顶俯瞰整个景区，可以看到绿色的农田和蜿蜒的水渠，美不胜收。此外，景区内还有一些瀑布和湖泊，给人一种宁静和放松的感觉。
- 历史文化底蕴深厚：伏龙观、二王庙等古建筑古朴庄重，内部供奉着李冰父子的塑像，并刻有详细记载都江堰修建历史的石碑。在这里可以深入了解都江堰的历史渊源和文化内涵，感受古人治水的不易和伟大精神。",来自订单,IP属地:四川,铂金贵宾,,都江堰好评
M26****749,5分,超棒,景色5,趣味5,性价比5,2025-01-05 发布点评,景区面积大，够壮观，晚上灯饰漂亮，晚上灯光辉煌。水流很急，建议大家都不要错过。,来自订单,IP属地:上海,黑钻贵宾,,都江堰好评
138****3203,5分,超棒,景色5,趣味5,性价比5,2025-01-05 发布点评,来成都，必游都江堰，自然景观与人文历史相得益彰，跟着杨老师的讲解更是收获颇丰，不但学习了水利建造的数学物理知识，更是了解了古代几千年人类对自然生态维持的重要意义，讲解专业有耐心，推荐,来自订单,IP属地:四川,铂金贵宾,,都江堰好评
M29****6228,5分,超棒,景色5,趣味5,性价比5,2025-01-05 发布点评,不错。。。。。。。。。,来自订单,IP属地:四川,黄金贵宾,,都江堰好评
M34****2065,5分,超棒,景色5,趣味5,性价比5,2025-01-05 发布点评,非常值得一去,来自订单,IP属地:四川,铂金贵宾,,都江堰好评
丨奇灬点丨,5分,超棒,景色5,趣味5,性价比5,2025-01-05 发布点评,古人智慧！,来自订单,IP属地:江苏,铂金贵宾,,都江堰好评
_WeCh****185030,5分,超棒,景色5,趣味5,性价比5,2025-01-05 发布点评,表演非常棒,来自订单,IP属地:河北,,,都江堰好评
匿名用户,5分,超棒,,,,2025-01-05 发布点评,"对于外国人来说,兑换门票很容易,只要在入口出示护照,工作人员就会把护照号码钥匙给你入境。建议从山顶(秦岩楼)到脚下参观,这样就不会那么累,更容易。",来自Trip.com,IP属地:未知,,,都江堰好评
约瑟芬兔子,5分,超棒,景色5,趣味5,性价比5,2025-01-04 发布点评,“深淘沙低作堰”，易导围绕着都江堰水利工程的运作原理，将都江堰的前世今生缓缓道来。在他的讲述中，不只有李冰父子的丰功伟绩，更有其他伟人以及华夏先祖的智慧结晶，让人仿佛跟随着先人足迹在探寻。我深深地感受到，读万卷书不如行万里路，在此刻具象化了，我多年来的知识储备，随着易导的讲述，在此刻完成了闭环。实在是非常愉快且难忘一段路程～,来自订单,IP属地:四川,铂金贵宾,,都江堰好评
M25****8442,5分,超棒,景色5,趣味5,性价比5,2025-01-04 发布点评,焦导讲的非常好赞赞赞,来自订单,IP属地:四川,黄金贵宾,,都江堰好评
_WeCh****052396,5分,超棒,景色5,趣味5,性价比5,2025-01-03 发布点评,很值得孩子去的景点，整体不大，但很有意义！,来自订单,IP属地:吉林,黄金贵宾,,都江堰好评
这小子有点帅,5分,超棒,景色5,趣味5,性价比5,2025-01-03 发布点评,讲的挺好，导游很照顾，也会给拍照时间，讲的挺好，但大家不用拍3小时或者2.5小时，和2小时那个根本就是一个,来自订单,IP属地:河北,铂金贵宾,,都江堰好评
长安?,5分,超棒,景色5,趣味5,性价比5,2025-01-03 发布点评,山美水美大中国??实力超群大中国??物产富饶大中国??历史悠久大中国??美食天堂大中国??盛世美颜大中国??,来自订单,IP属地:山西,铂金贵宾,,都江堰好评
M27****4859,5分,超棒,景色5,趣味5,性价比5,2025-01-03 发布点评,看需要购买，体力不行，行程赶，还是不建议套票，之前咨询了好像是两天都使用时间。青城山还是比较棒的，走的是前山，花了一天时间，后面赶行程，都江堰就没去了。,来自订单,IP属地:广西,黄金贵宾,,都江堰好评
匿名用户,5分,超棒,景色5,趣味5,性价比5,2025-01-03 发布点评,非常值得去都江堰景区！这次去距最后一次去都江堰应该超过十年了，秋天雾色也是一种风景。是一个可以不同季节去领略不同风景的地方。,来自订单,IP属地:四川,铂金贵宾,,都江堰好评
匿名用户,5分,超棒,,,,2025-01-02 发布点评,从四号出口处进去、由上往下玩一路走到正门，比较不会那么累,来自Trip.com,IP属地:未知,,,都江堰好评
M58****904,5分,超棒,景色5,趣味5,性价比5,2025-01-02 发布点评,四六分水，二八分沙，是如何做到的呢？参观都江堰这一2200余年前的水利工程，让人不禁感叹古人的智慧，问题或许存在，但人民的智慧是无穷的。,来自订单,IP属地:四川,铂金贵宾,,都江堰好评
deng****aya,5分,超棒,景色5,趣味5,性价比5,2025-01-02 发布点评,非常值得的景点，很好,来自订单,IP属地:广东,钻石贵宾,,都江堰好评
匿名用户,5分,超棒,,,,2025-01-01 发布点评,都江堰景区蛮大的，如果现场有导游解释能更好理解水利工程的设计和伟大。 体力好的人也可以爬上山坡上的庙宇参观。,来自Trip.com,IP属地:未知,,,都江堰好评
63****228,5分,超棒,景色5,趣味5,性价比5,2025-01-01 发布点评,都江堰是战国时兴修的水利工程，历史上也多次加以整修，建国后外江修建了水坝，整体工程还是战国时期的底子，非常伟大的水利工程，还有一些人文景观，比如灌江口、玉垒关、二王庙、伏龙观、南桥，心念念很久，今年终于成行，不虚此行，建议请一下讲解，人文景观光看会很累的，听着讲解看着风景才是人文景观的旅游方式,来自订单,IP属地:山东,黄金贵宾,,都江堰好评
M35****4375,5分,超棒,景色5,趣味5,性价比5,2025-01-01 发布点评,挺好玩的 神奇的东西,来自订单,IP属地:四川,铂金贵宾,,都江堰好评
贩卖快乐的贝儿,5分,超棒,,,,2025-01-01 发布点评,从秦堰楼进入，可俯瞰都江堰全景及岷江风光，然后参观二王庙，了解李冰父子的治水功绩和都江堰的历史文化；接着走过安澜桥，到鱼嘴，欣赏岷江在此分为内江和外江的壮观景象；之后前往飞沙堰，看其如何自动排沙；再到宝瓶口，见证古人的智慧；最后参观伏龙观，这里存放着许多与都江堰相关的文物。,,IP属地:江苏,,,都江堰好评
M31****4104,5分,超棒,景色5,趣味5,性价比5,2025-01-01 发布点评,很好 很壮观的,来自订单,IP属地:重庆,钻石贵宾,,都江堰好评
M86****8735,4分,满意,景色5,趣味3,性价比3,2025-01-01 发布点评,景色没得说。人有点多，交通不是太便利。有点费脚。总体说来还是值得来的。,来自订单,IP属地:四川,铂金贵宾,,都江堰好评
M26****749,5分,超棒,景色5,趣味5,性价比5,2025-01-01 发布点评,都江堰风景区可以去参观，看看古代人的水利建设情况如何神奇，晚上灯光也很好看，沿路风景优美，一路走进公园内看到水流清澈，风光秀丽，值得推荐。,来自订单,IP属地:陕西,黑钻贵宾,,都江堰好评
206****966,5分,超棒,景色5,趣味5,性价比5,2025-01-01 发布点评,还是有必要去一趟的,来自订单,IP属地:吉林,铂金贵宾,,都江堰好评
陆家嘴小霸王,5分,超棒,景色5,趣味5,性价比5,2025-01-01 发布点评,给父母订的，导游很棒，讲得很好。,来自订单,IP属地:上海,铂金贵宾,,都江堰好评
M55****376,5分,超棒,景色5,趣味5,性价比5,2025-01-01 发布点评,都江堰景区值得一去地方,来自订单,IP属地:四川,铂金贵宾,,都江堰好评
南山处士,5分,超棒,景色5,趣味5,性价比5,2025-01-01 发布点评,都江堰与青城山之旅令人难忘。都江堰的古老水利工程展示了人类智慧与自然和谐共处的典范，而青城山的幽静与灵秀，则让人仿佛置身仙境。漫步于古栈道，呼吸着清新的空气，心灵得以净化，感受到历史与自然的交融。不愧是五A级景区。,来自订单,IP属地:广东,铂金贵宾,,都江堰好评
Intoxicat9,5分,超棒,景色5,趣味5,性价比5,2024-12-31 发布点评,这个季节的都江堰更适合观赏，首先不是处于丰水期，水流不急而且清澈，如果是雨季来只能看到黄色的河水。此时的都江堰气温正好，视野开阔，适合游玩,来自订单,IP属地:四川,铂金贵宾,,都江堰好评
匿名用户,5分,超棒,景色5,趣味5,性价比5,2024-12-31 发布点评,一个下午的时间看了都江堰的各个景点超壮观的景象、特意等到晚上看了蓝眼泪，还坐电梯省了爬山的力气，很人性，特别好，这次的都江堰之行很完美,来自订单,IP属地:辽宁,铂金贵宾,,都江堰好评
匿名用户,5分,超棒,景色5,趣味5,性价比5,2024-12-31 发布点评,历史、山色、水景，背后是两三千年的智慧与经验，给我们留下这么一个值得游览的去处。时间半天就足够，对于带孩子的家庭一整天的安排比较宽松，就会有闲情逸致去逛街，寻找美食。,来自订单,IP属地:四川,铂金贵宾,,都江堰好评
M33****2915,5分,超棒,景色5,趣味5,性价比5,2024-12-31 发布点评,去了很多次了,来自订单,IP属地:四川,黄金贵宾,,都江堰好评
匿名用户,5分,超棒,景色5,趣味4,性价比4,2024-12-31 发布点评,如图所示，古老的东西还是挺多的,来自订单,IP属地:四川,铂金贵宾,,都江堰好评
匿名用户,5分,超棒,景色5,趣味5,性价比5,2024-12-31 发布点评,工程界奇迹，值得一去,来自订单,IP属地:江苏,铂金贵宾,,都江堰好评
匿名用户,5分,超棒,景色5,趣味5,性价比5,2024-12-31 发布点评,环境优美 庭院风景不错 下午茶也十分nice～,来自订单,IP属地:四川,黄金贵宾,,都江堰好评
???????????????????? the boy journey diary,5分,超棒,,,,2024-12-31 发布点评,"在传统和美好的时刻如此美丽。如果你来,你必须在位置吃传统食物。这个地方可以坐火车30分钟",来自Trip.com,IP属地:未知,,,都江堰好评
D55****93,5分,超棒,景色5,趣味5,性价比5,2024-12-30 发布点评,又能玩儿，又能爬山，又能学知识，亲子之行的好地方。,来自订单,IP属地:四川,钻石贵宾,,都江堰好评
匿名用户,5分,超棒,景色5,趣味5,性价比5,2024-12-30 发布点评,都江堰还是很值得一看的，为千年前的伟大水利工程叹服。景色也很不错。在山上可以看到都江堰全貌,来自订单,IP属地:山东,黄金贵宾,,都江堰好评
koinei123,5分,超棒,景色5,趣味5,性价比5,2024-12-30 发布点评,焦导详细介绍了都江堰水利工程并科普了很多四川特色风土人情，讲得特别好,来自订单,IP属地:四川,铂金贵宾,,都江堰好评
_WeCh****378920,5分,超棒,景色5,趣味5,性价比5,2024-12-30 发布点评,还是挺不错的,来自订单,IP属地:四川,,,都江堰好评
M57****2021,5分,超棒,景色5,趣味5,性价比5,2024-12-30 发布点评,李老师讲解非常专业，推荐!,来自订单,IP属地:四川,铂金贵宾,,都江堰好评
138****4558,5分,超棒,景色5,趣味5,性价比5,2024-12-30 发布点评,景点标识明白，路线清楚。景区干净。从成都市中心乘坐快铁到仰天公园，之后可以步行到景区。进入景区之后，可以选择做景区内的游览小车或者步行游览。都江堰工程亲眼看到还是非常震撼的，推荐。,来自订单,IP属地:北京,钻石贵宾,,都江堰好评
_NV***36,5分,超棒,,,,2024-12-30 发布点评,"慢慢走着治愈很好在利杜公园站下车,在高德地图上拍“南桥”的话,有售票处。提前预约的人只要出示护照就可以入场。从南桥左侧进入,走到尽头,过右边的桥往下走,就可以到南桥了。",来自Trip.com,IP属地:未知,,,都江堰好评
M64****2839,5分,超棒,景色5,趣味5,性价比4,2024-12-29 发布点评,风景很美，环境很干净,来自订单,IP属地:新西兰,钻石贵宾,,都江堰好评
M17****580,5分,超棒,景色5,趣味5,性价比5,2024-12-29 发布点评,来都江堰真是不虚此行，书本中的内容照进现实，古人的智慧令人赞叹，对自然的改造惠及后人,来自订单,IP属地:河北,铂金贵宾,,都江堰好评
M24****357,5分,超棒,景色5,趣味5,性价比5,2024-12-29 发布点评,每次出去旅行，预定门票，首选携程，订票方便，验票也很方便，推荐大家使用携程哦,来自订单,IP属地:辽宁,铂金贵宾,,都江堰好评
匿名用户,5分,超棒,景色5,趣味5,性价比5,2024-12-29 发布点评,值得，但是要先了解历史背景，看起来才会觉得震撼，景区讲解太贵了，也就那么一会会就讲完了。,来自订单,IP属地:四川,黄金贵宾,,都江堰好评
爱吃番茄的zyq,5分,超棒,景色5,趣味5,性价比5,2024-12-29 发布点评,伟大的水利工程,来自订单,IP属地:吉林,铂金贵宾,,都江堰好评
_WeCh****800719,5分,超棒,景色5,趣味5,性价比5,2024-12-29 发布点评,很好，导游阿昕很幽默风趣，服务到位，负责细心，讲解专业，绝对值得推荐，团餐也不敷衍，非常好，全程安排都很好，不累，自费项目也是合理的,来自订单,IP属地:北京,黄金贵宾,,都江堰好评
sy****q,5分,超棒,景色5,趣味5,性价比5,2024-12-29 发布点评,讲解很细致，服务到位,来自订单,IP属地:四川,铂金贵宾,,都江堰好评
M45****219,5分,超棒,景色5,趣味5,性价比5,2024-12-29 发布点评,很不错的一趟旅程,来自订单,IP属地:四川,铂金贵宾,,都江堰好评
_CFT****28582,5分,超棒,景色5,趣味5,性价比5,2024-12-28 发布点评,还行吧水很好看,来自订单,IP属地:四川,,,都江堰好评
小添添添添,5分,超棒,景色5,趣味5,性价比5,2024-12-28 发布点评,非常好，值得一来，孩子很喜欢，好好学习历史，让人记忆深刻，非常推荐大家来，现在是淡季，人也不多，景色也很好看，大家溜达溜达，慢节奏,来自订单,IP属地:四川,铂金贵宾,,都江堰好评
匿名用户,5分,超棒,,,,2024-12-28 发布点评,"风景很棒,出入方便-无论是打车、公交、高铁(从HSR出口步行到都江还是15-minute)。更多描述地方历史的招牌可以更好。",来自Trip.com,IP属地:未知,,,都江堰好评
trinitylll,5分,超棒,景色5,趣味5,性价比5,2024-12-28 发布点评,古人智慧值得学习，历经岁月,来自订单,IP属地:四川,,,都江堰好评
Koffee Kintoyo,4分,满意,,,,2024-12-28 发布点评,"我们非常喜欢这个地方。易于导航。到达入口后,有许多当地导游提供导游,但用普通话。很高兴购买电车票,可以去终点和回来。购买往返更好。",来自Trip.com,IP属地:未知,,,都江堰好评
奥克兰吴萌,5分,超棒,景色5,趣味5,性价比5,2024-12-28 发布点评,很好玩的地方,来自订单,IP属地:四川,钻石贵宾,,都江堰好评
亚拉巴马州王先森,5分,超棒,景色5,趣味5,性价比5,2024-12-27 发布点评,不错不错不错,来自订单,IP属地:湖北,黄金贵宾,,都江堰好评
略略略哈哈哈1,5分,超棒,景色5,趣味5,性价比5,2024-12-27 发布点评,非常好玩我们还请了一个帅哥讲解员！,来自订单,IP属地:四川,铂金贵宾,,都江堰好评
Chrishhh,5分,超棒,景色5,趣味5,性价比5,2024-12-27 发布点评,景色不错，可惜这次时间有限，没能都玩,来自订单,IP属地:重庆,钻石贵宾,,都江堰好评
_WeCh****98172,5分,超棒,景色5,趣味5,性价比5,2024-12-27 发布点评,"除了餐是差的，其他没话说。建议游客下次导游问要不要退餐的时候把它退了。
导游吴鲁欣给10086个赞??知识储备很棒，整个流程下来一直在讲解 ！非常的生动",来自订单,IP属地:四川,铂金贵宾,,都江堰好评
Jasmine的可爱,5分,超棒,景色5,趣味5,性价比5,2024-12-27 发布点评,工作人员认真负责讲解,来自订单,IP属地:四川,黑钻贵宾,,都江堰好评
蜻蜓w舞,5分,超棒,,,,2024-12-27 发布点评,"成都一周自由行
第二天12/17周二
都江堰
从青城山下山后就立马前往都江堰，发现都江堰整个都是古镇??超级好拍啦！
然后买了一个冰淇淋杯子是熊猫的竹筒还有可爱的熊猫??，虽然这个冰淇淋要价台币200多有点贵，但我想把这个竹筒带回家留纪念，就买了吃??，在天气5度的气温也要吃冰??，就为了那个熊猫竹筒杯??！
都江堰景区整个占地超广，真个园区都是古镇，到了晚上还有著名的蓝眼泪可以看喔！
其实就是都江堰的水库由蓝光打灯就像蓝眼泪一样??
都江堰是古代战国时期建筑一个大型的水利工程，简单来说就像台湾的石门水库一样，但是这边比石门水库还要大还要美??，历史也更悠久！也是一个名胜古迹，来成都必玩的景点，也是旅游业者必会安排的行程之一喔！

#旅行 #旅行好きな人とがりたい #旅行好き #旅游 #旅游 #旅游景点 #旅游摄影 #旅游达人 #网美 #网美景点 #网美集散地 #风景 #网美店 #景观餐厅 #网美餐厅 #台湾 #台湾旅游 #好想去喔 #旅游云 #打卡景点 #波波打卡 @ettodaytravel @wantogo @trip_packer @travelyam @keke_trave",来自Trip.com,IP属地:未知,,,都江堰好评
冰激林1981,5分,超棒,景色5,趣味5,性价比5,2024-12-27 发布点评,都江堰确实是来成都第一站打卡之地，非常不错的体验,来自订单,IP属地:四川,铂金贵宾,,都江堰好评
Forever Grateful,5分,超棒,,,,2024-12-26 发布点评,"很有意思的了解古代灌溉系统,地方维护得很好,风景很好,我们坐地铁和城际火车在那里,每人只需要15元。参观后,我们尝试了直接旅游巴士回来,每人35,但不是真的直接,在收费公路前沿途接人。",来自Trip.com,IP属地:未知,,,都江堰好评
Light36,5分,超棒,景色5,趣味5,性价比5,2024-12-26 发布点评,体验很不错，类似于自然景观的水利工程,来自订单,IP属地:四川,钻石贵宾,,都江堰好评
梧桐听风,4分,满意,景色4,趣味4,性价比4,2024-12-26 发布点评,国庆假期一头扎进都江堰的人堆里，都江堰大名鼎鼎，如此神奇的工程值得人手一台30块的电子讲解，离堆公园正门进跟着指引从西关小路出，上一秒离堆鱼嘴飞沙堰还在审问你的脑子，下一秒到玉垒山上就随他去。,来自订单,IP属地:浙江,铂金贵宾,,都江堰好评
匿名用户,5分,超棒,景色5,趣味5,性价比5,2024-12-26 发布点评,非常不错，河水碧绿。,来自订单,IP属地:四川,黄金贵宾,,都江堰好评
小小白白1,5分,超棒,景色5,趣味5,性价比5,2024-12-26 发布点评,风景很好呀，出来走走很不错??！,来自订单,IP属地:四川,黄金贵宾,,都江堰好评
M23****9575,5分,超棒,景色5,趣味5,性价比5,2024-12-26 发布点评,全程感觉不错,来自订单,IP属地:湖北,黄金贵宾,,都江堰好评
匿名用户,5分,超棒,景色5,趣味5,性价比5,2024-12-26 发布点评,很值得去看看,来自订单,IP属地:四川,铂金贵宾,,都江堰好评
HK travel bunny,5分,超棒,,,,2024-12-25 发布点评,"都江堰是四川省成都市的一处著名历史遗址，建于公元前256年，是世界上最古老的无坝引水工程。它由李冰及其儿子设计，为解决岷江的洪水问题，并有效灌溉周边农田。
都江堰不仅是一个工程奇迹，还是中国古代水利智能的象征。这里风光优美，山水相映。2010年，都江堰还被列为世界文化遗产，成为研究古代水利工程的重要基地！
景区游客每天极多，建议大家一早便去，避免午后人群！",来自Trip.com,IP属地:未知,,,都江堰好评
_TI***64,5分,超棒,,,,2024-12-25 发布点评,很好的旅游景点,来自Trip.com,IP属地:未知,,,都江堰好评
匿名用户,5分,超棒,景色5,趣味5,性价比5,2024-12-25 发布点评,环境非常好,来自订单,IP属地:四川,钻石贵宾,,都江堰好评
匿名用户,5分,超棒,景色5,趣味5,性价比5,2024-12-25 发布点评,非常好值得去,来自订单,IP属地:陕西,黄金贵宾,,都江堰好评
_TX***0p,5分,超棒,,,,2024-12-25 发布点评,拜水，问道，必来。,来自Trip.com,IP属地:未知,,,都江堰好评
M53****4511,5分,超棒,景色5,趣味5,性价比5,2024-12-25 发布点评,陈陈讲解的很到位，好评,来自订单,IP属地:墨西哥,黄金贵宾,,都江堰好评
老正子,4分,满意,景色3,趣味4,性价比4,2024-12-25 发布点评,景色很好，喜欢二王庙。蓝眼泪说实话没有照片里好看。,来自订单,IP属地:四川,铂金贵宾,,都江堰好评
轻盈的心跳,5分,超棒,景色5,趣味5,性价比5,2024-12-24 发布点评,上午游览青城前山，下午游玩都江堰，环境没得说，强烈推荐！,来自订单,IP属地:四川,黄金贵宾,,都江堰好评
超级ctt,4分,满意,,,,2024-12-24 发布点评,这是水利工程的智慧结晶，拥有很悠久的历史，是我国水利工程的代表。,,IP属地:广东,黄金贵宾,,都江堰好评
匿名用户,5分,超棒,景色5,趣味5,性价比5,2024-12-24 发布点评,第2次去都江堰，坦白说，每次去都让我震撼古人的智慧。这个水利工程历经千年。还能够继续发挥治水的作用，确实是非常让人惊叹。以前老是出国去旅行，但现在发现，能把中国的大好河山看完，其实已然很了不起。,来自订单,IP属地:广东,,,都江堰好评
M26****8858,5分,超棒,景色5,趣味5,性价比5,2024-12-24 发布点评,挺值得去的 了解历史,来自订单,IP属地:广东,黄金贵宾,,都江堰好评
M36****9219,5分,超棒,景色5,趣味5,性价比5,2024-12-24 发布点评,值得一去！,来自订单,IP属地:四川,黑钻贵宾,,都江堰好评
 ZJ,5分,超棒,景色5,趣味5,性价比5,2024-12-24 发布点评,这是第二次来都江堰，依然是在冬季季节，依然这么美。,来自订单,IP属地:广西,铂金贵宾,,都江堰好评
匿名用户,5分,超棒,景色5,趣味5,性价比5,2024-12-23 发布点评,景色宜人，雨中漫步，宛如仙境,来自订单,IP属地:四川,铂金贵宾,,都江堰好评
匿名用户,5分,超棒,景色5,趣味5,性价比5,2024-12-23 发布点评,一天两个景点太累了，有条件的一天一个吧,来自订单,IP属地:四川,铂金贵宾,,都江堰好评
M35****585,5分,超棒,景色5,趣味5,性价比5,2024-12-23 发布点评,讲解小晔特别好！整个景区规划的路线很好，走下来也不算累??就是今天雾太大了,来自订单,IP属地:四川,黄金贵宾,,都江堰好评
_M13****8519,5分,超棒,景色5,趣味5,性价比5,2024-12-23 发布点评,道法自然的典范，千秋功业,来自订单,IP属地:四川,铂金贵宾,,都江堰好评
柿子炒鸡蛋！,5分,超棒,,,,2024-12-22 发布点评,"都江堰景区真是一个让人流连忘返的地方，这里不仅有着悠久的历史，还有令人惊叹的古代水利工程。整个景区由都江堰渠首工程和青城山两部分组成，两者相辅相成，形成了自然与人文的完美结合。

都江堰渠首工程是全球迄今为止年代最久远、唯一留存且仍在使用的无坝引水水利工程。它巧妙地利用了自然地势，通过鱼嘴分水堤、飞沙堰溢洪道和宝瓶口进水口三大部分，成功地将汹涌的岷江水分流引入成都平原，造福了千年的百姓。站在鱼嘴上，看着江水奔流不息，你不禁会感叹古人的智慧和创造力。

而青城山则是道教的发源地之一，素有“青城天下幽”之美誉。这里的群峰环绕起伏，林木葱茏幽翠，处处透着一份清新与静谧。无论是蜿蜒的石板小路，还是古朴的道观庭院，都能让你感受到道教文化的深厚底蕴。特别是那高耸的古楠木和浓密的竹林，更为青城山增添了几分仙气。

总的来说，都江堰景区不仅是历史的见证，更是自然与人文完美融合的典范。无论你是对历史感兴趣，还是喜欢自然风光，这里都将是你不容错过的旅游胜地。",,IP属地:湖南,黄金贵宾,,都江堰好评
M49****9627,5分,超棒,景色5,趣味5,性价比5,2024-12-22 发布点评,有历史有故事，景色宜人，值得一去,来自订单,IP属地:湖南,铂金贵宾,,都江堰好评
匿名用户,5分,超棒,景色5,趣味5,性价比5,2024-12-22 发布点评,"景区面积较大，很漂亮，带老人孩子游玩无压力，一路走走停停,大半天时间也够了。有电瓶车可以乘坐，整体游览舒适度可以，视觉效果也很震撼！",来自订单,IP属地:北京,铂金贵宾,,都江堰好评
困困其实不太困,5分,超棒,景色5,趣味5,性价比5,2024-12-22 发布点评,使用携程很多年了，忠实粉丝，一如既往的支持，预定很方便，出行使用也很方便，推荐大家都用携程平台预定，价格也比较透明和公道，推荐大家使用。,来自订单,IP属地:四川,钻石贵宾,,都江堰好评
匿名用户,5分,超棒,景色5,趣味5,性价比5,2024-12-22 发布点评,必须请导游，,来自订单,IP属地:天津,铂金贵宾,,都江堰好评
fladz,5分,超棒,景色5,趣味5,性价比5,2024-12-22 发布点评,讲解特别好,来自订单,IP属地:四川,铂金贵宾,,都江堰好评
_ucwe****401767,5分,超棒,景色5,趣味5,性价比5,2024-12-21 发布点评,环境优美，水利工程宏大，防洪泄洪，造福人民！,来自订单,IP属地:甘肃,,,都江堰好评
孟夏羽,5分,超棒,景色5,趣味5,性价比5,2024-12-21 发布点评,非常的赞美和健康,来自订单,IP属地:江苏,铂金贵宾,,都江堰好评
20191067,5分,超棒,景色5,趣味5,性价比5,2024-12-20 发布点评,有景色的时候去更美。提前预约讲解。,来自订单,IP属地:河北,黄金贵宾,,都江堰好评
梦想......,5分,超棒,景色5,趣味5,性价比5,2024-12-20 发布点评,非常好，虽然是12月冬天，但是是淡季，人也不多不拥挤。景色也不错，我是从市区包车自己开车去的。比较方便不用倒车,来自订单,IP属地:四川,黄金贵宾,,都江堰好评
M37****0194,5分,超棒,景色5,趣味5,性价比5,2024-12-19 发布点评,"探索古堰的魅力，感受都江堰的千年传奇！
都江堰，这座举世闻名的水利工程，不仅是中国古代智慧的结晶，更是自然与人文的完美结合。这里既有古老的水利传奇，又有秀美的自然风光。如果你对历史文化感兴趣，或者想要寻找一处宁静之地，都江堰绝对是你不容错过的目的地。
住宿推荐
都江堰的美食以川菜为主，麻、辣、鲜、香，让人回味无穷。推荐尝试一下当地的麻辣火锅、口水鸡、夫妻肺片等特色菜肴。此外，都江堰的灌溉工程也带来了丰富的水产资源，鱼类美食也是不容错过的。
景点推荐",来自订单,IP属地:湖北,黄金贵宾,,都江堰好评
?洛?哥!,5分,超棒,景色5,趣味5,性价比5,2024-12-19 发布点评,好玩！就是天气不太好！，从后山进去大概爬了2个小时差不多走到南桥出口结束了路线，高空拍照都是灰蒙蒙的，有点难受??????????????,来自订单,IP属地:四川,铂金贵宾,,都江堰好评
300****697,5分,超棒,景色5,趣味5,性价比5,2024-12-19 发布点评,吃吃喝喝逛逛，很开心，尤其是吃的，老街坊的店，好吃不贵太实惠，购物OK，游览车OK，就是脑子比较贵，实实在在的贵，多了不说了，生活不易，保持善意。,来自订单,IP属地:浙江,黄金贵宾,,都江堰好评
Cielcielo,5分,超棒,景色5,趣味4,性价比4,2024-12-19 发布点评,"现场又花了10/人坐公交车上到6号门。其实还不是最高的，需要绕回来再上去玉垒阁。

都江堰是历史水利工程，可能需要自己阅读了解去了才有意思，要不然就好像是逛花园。我们没有请导游。

去了一家在都江堰出门2km的一家店吃腊斗腊的汤锅非常好吃。",来自订单,IP属地:新加坡,,,都江堰好评
118****963,5分,超棒,景色5,趣味5,性价比5,2024-12-19 发布点评,住宿体验很好。入住直接升级了大山景房，大窗、视野好，酒店设施新，床品舒适。景区附近能入住这样的酒店很开心。,来自订单,IP属地:四川,黄金贵宾,,都江堰好评
匿名用户,4分,满意,景色4,趣味4,性价比4,2024-12-19 发布点评,值得一去 涨水期去可能更好,来自订单,IP属地:江苏,钻石贵宾,,都江堰好评
_WeCh****483043,5分,超棒,景色5,趣味5,性价比5,2024-12-19 发布点评,很棒，历史的厚重感,来自订单,IP属地:内蒙古,钻石贵宾,,都江堰好评
蔷薇,4分,满意,景色4,趣味4,性价比4,2024-12-19 发布点评,讲解的焦导很好，讲的很清楚，也很认真，我是去过几次的人了，也听得入迷了！,来自订单,IP属地:浙江,黄金贵宾,,都江堰好评
匿名用户,4分,满意,景色4,趣味4,性价比4,2024-12-18 发布点评,"有一句谚语，“先有都江堰，后有天府之国”。
都江堰是高中课本里面的常客，清澈奔涌的都江堰水，除了会给你负氧离子，洗去旅途劳顿，让你开心舒爽外，涛声还会给你耳朵刺激，让你思考和顿悟人生。",来自订单,IP属地:四川,铂金贵宾,,都江堰好评
匿名用户,5分,超棒,景色5,趣味5,性价比5,2024-12-18 发布点评,值得一去的，风景好好的,来自订单,IP属地:云南,铂金贵宾,,都江堰好评
小小鹏爷,5分,超棒,景色5,趣味5,性价比5,2024-12-18 发布点评,跟不错，伟大的工程，惊叹不已,来自订单,IP属地:山西,,,都江堰好评
Stella Wei ???????♀?,4分,满意,景色3,趣味3,性价比3,2024-12-18 发布点评,从成都区前往地铁转高铁，景区风景挺美，保留了S多原貌。商业街分押芏啵店r格也合理，l生和食品质量希望提高。,来自订单,IP属地:四川,钻石贵宾,,都江堰好评
奋斗sdds,5分,超棒,景色5,趣味5,性价比5,2024-12-18 发布点评,………………………………………………………………非常不错非常不错…………………………………………………………………………………………,来自订单,IP属地:四川,钻石贵宾,,都江堰好评
匿名用户,5分,超棒,景色5,趣味5,性价比5,2024-12-18 发布点评,至少五个字,来自订单,IP属地:四川,铂金贵宾,,都江堰好评
匿名用户,5分,超棒,景色5,趣味5,性价比5,2024-12-17 发布点评,店面面积很大，环境真挺好，价格也真不贵！冲鸭！,来自订单,IP属地:广东,黄金贵宾,,都江堰好评
敖逸尘,5分,超棒,景色5,趣味5,性价比5,2024-12-17 发布点评,风景秀丽舒服,来自订单,IP属地:江苏,钻石贵宾,,都江堰好评
M23****4133,5分,超棒,景色5,趣味5,性价比5,2024-12-16 发布点评,讲解很不错，生动形象，导游很负责，都江堰不愧是伟大工程,来自订单,IP属地:四川,铂金贵宾,,都江堰好评
匿名用户,4分,满意,景色4,趣味3,性价比2,2024-12-16 发布点评,都江堰虽然是神来之笔的伟大水利工程。对此类没兴趣的可以不去。蓝眼泪更是夸张的浮夸。后悔中午做高铁赶去，为了看一眼所谓的蓝眼泪，7点20左右，简单拍了几张照片，匆匆赶往高铁站回成都。,来自订单,IP属地:四川,黄金贵宾,,都江堰好评
M42****923,5分,超棒,景色5,趣味5,性价比5,2024-12-16 发布点评,非常棒的景点,来自订单,IP属地:上海,铂金贵宾,,都江堰好评
匿名用户,5分,超棒,景色5,趣味5,性价比5,2024-12-16 发布点评,满意满意很满意,来自订单,IP属地:四川,铂金贵宾,,都江堰好评
匿名用户,5分,超棒,景色5,趣味5,性价比5,2024-12-16 发布点评,全家出游挺好的，携程给力！,来自订单,IP属地:湖南,钻石贵宾,,都江堰好评
M45****6124,5分,超棒,景色5,趣味5,性价比5,2024-12-16 发布点评,挺好，景色宜人，古人的智慧令人倾佩,,IP属地:陕西,黄金贵宾,,都江堰好评
M23****376,5分,超棒,景色5,趣味5,性价比5,2024-12-16 发布点评,非常好玩，环境保护非常好,来自订单,IP属地:广东,铂金贵宾,,都江堰好评
匿名用户,5分,超棒,景色5,趣味5,性价比5,2024-12-15 发布点评,主要是人文景观，感受中国古人智慧的博大精深，都江堰治水巧夺天工，比较适合带孩子游玩，了解历史文化及古人智慧结晶,来自订单,IP属地:四川,黄金贵宾,,都江堰好评
蜜蜂飞飞,5分,超棒,景色5,趣味5,性价比5,2024-12-15 发布点评,请了官方讲解，非常棒的体验，景色很美，远处还有雪山，佩服古人的智慧，交通也方便，,来自订单,IP属地:江苏,铂金贵宾,,都江堰好评
匿名用户,5分,超棒,景色5,趣味5,性价比5,2024-12-15 发布点评,这里值得去，爬山健身。山路很陡，特别适合大家来做有氧锻炼。这里景色宜人，鸟语花香，绿荫覆盖整个道路，长廊，特别适合大家冬天来旅游。,来自订单,IP属地:四川,,,都江堰好评
一叶扁舟xj,5分,超棒,景色5,趣味5,性价比5,2024-12-15 发布点评,非常人性化。,来自订单,IP属地:河南,铂金贵宾,,都江堰好评
心灵ZTZ,5分,超棒,景色5,趣味5,性价比5,2024-12-15 发布点评,成都的都江堰还是非常值得一来的这里距离成都市区差不多一个小时的车程，整个在这里可以玩个大半天，看一看，中国非常著名的水利建筑，然后感受一下当地的民俗风情。,,IP属地:上海,,,都江堰好评
M48****262,5分,超棒,景色5,趣味5,性价比5,2024-12-15 发布点评,不错值得再次拥有。,来自订单,IP属地:海南,钻石贵宾,,都江堰好评
M76****5130,5分,超棒,景色5,趣味5,性价比5,2024-12-15 发布点评,不错不错，非常便宜。跟兄弟们一起出去玩的跟兄弟们一起出去玩的在现场写在现场买比在这里贵几倍。,来自订单,IP属地:广西,黄金贵宾,,都江堰好评
DoerZhang,5分,超棒,景色5,趣味5,性价比5,2024-12-15 发布点评,值得一去??????????????????????????????????????????????????????????????????????,来自订单,IP属地:海南,铂金贵宾,,都江堰好评
匿名用户,5分,超棒,景色5,趣味5,性价比5,2024-12-15 发布点评,还没出行，提前评价,来自订单,IP属地:四川,铂金贵宾,,都江堰好评
乒乓缘23,5分,超棒,景色5,趣味5,性价比4,2024-12-14 发布点评,很值得游玩，古人很有智慧,来自订单,IP属地:安徽,铂金贵宾,,都江堰好评
_WeCh****385577,5分,超棒,景色5,趣味5,性价比5,2024-12-14 发布点评,赶上淡季，相当于超值VIP讲解，小曾老师讲解很好，内容丰富很专业，讲的也很有意思,来自订单,IP属地:四川,,,都江堰好评
建极绥猷J,5分,超棒,景色5,趣味5,性价比5,2024-12-14 发布点评,都江堰不仅是一座水利工程，更是一座承载着古蜀文化的城市。游客可以站在观景台上看到鱼嘴、飞沙堰、宝瓶口等主体工程，感受古蜀人民的智慧和勤劳?2。此外，都江堰的街头巷尾充满了古蜀文化的氛围，独特的建筑风格和传统的四合院、古朴的木质结构都透露着古蜀文化的韵味?，都江堰的自然风光吸引人，尤其是翡翠一般的溪水和巧妙古朴的水利设施，让人感叹景色优美和古人的智慧?。,来自订单,IP属地:四川,钻石贵宾,,都江堰好评
M40****242,5分,超棒,景色5,趣味5,性价比5,2024-12-14 发布点评,值得去体验,来自订单,IP属地:江苏,铂金贵宾,,都江堰好评
M33****3924,5分,超棒,景色5,趣味5,性价比5,2024-12-14 发布点评,导游讲解很细致，还升级了时长，跟着一路走学到了很多知识。都江堰不愧是伟大的水利工程，导游到主要的点位都会详细讲解，生动有趣，不虚此行,来自订单,IP属地:江苏,黄金贵宾,,都江堰好评
300****060,5分,超棒,景色5,趣味5,性价比5,2024-12-14 发布点评,景色美，知识含量高！,来自订单,IP属地:四川,铂金贵宾,,都江堰好评
m10****494,5分,超棒,景色5,趣味5,性价比5,2024-12-14 发布点评,"杨导很仔细，讲的也很好，学到了不少东西，值得推荐。
175元含门票，太划算了，整整2.5个小时。",来自订单,IP属地:四川,铂金贵宾,,都江堰好评
M25****586,5分,超棒,景色5,趣味5,性价比5,2024-12-14 发布点评,都江堰水利工程，不愧是世界文化遗产！其设计精妙绝伦，历经千年仍造福一方。漫步其间，深感古人智慧之伟大，是一次令人难忘的文化之旅！,来自订单,IP属地:四川,铂金贵宾,,都江堰好评
206****698,5分,超棒,景色5,趣味5,性价比5,2024-12-14 发布点评,地方不大，但很值得一去,来自订单,IP属地:广东,铂金贵宾,,都江堰好评
M25****969,5分,超棒,景色5,趣味5,性价比5,2024-12-13 发布点评,很开心的一次游玩，景色很美，长江山峡真的很棒很壮观，有机会还来这里看看，好评??,来自订单,IP属地:四川,黄金贵宾,,都江堰好评
颢舜,5分,超棒,景色5,趣味4,性价比5,2024-12-13 发布点评,"问水都江堰，拜道青城山。
很荣幸能看到青城山，
看看西游记中拍摄的场景，
还能看到中国古代人们的时候治水全景。
带着85岁老人去旅行，老人也能爬上山",来自订单,IP属地:辽宁,钻石贵宾,,都江堰好评
M46****3273,5分,超棒,景色5,趣味5,性价比5,2024-12-13 发布点评,非常不错的一次体验,来自订单,IP属地:河北,铂金贵宾,,都江堰好评
liuliu,5分,超棒,景色5,趣味5,性价比5,2024-12-13 发布点评,站在南桥上，看都江堰碧蓝的河水奔腾而过，感叹古人如此伟大的工程，几千年犹为不朽！,来自订单,IP属地:四川,,,都江堰好评
匿名用户,5分,超棒,景色5,趣味5,性价比5,2024-12-13 发布点评,青城山历史悠久，相传轩辕黄帝时有宁封子，居青城山修道，曾向黄帝传授御风云的“龙跻之术”，黄帝筑坛拜其为“五岳丈人”，故后世又称青城山为丈人山，并建观（丈人观）纪念。在古时与湖北武当山、江西龙虎山、安徽齐云山、陕西景福山合称五大仙山。各自供奉真武荡魔大帝、五岳丈人宁封真君、昊天玉皇上帝、降魔护道天尊、广援普度天尊。都江堰，位于四川省成都市都江堰市城西，坐落在成都平原西部的岷江上， [14]是由渠首枢纽（鱼嘴、飞沙堰、宝瓶口）、灌区各级引水渠道，各类工程建筑物和大中小型水库和塘堰等所构成的一个庞大的工程系统， [8]渠首占地面积200余亩。 [3]它担负着四川盆地中西部地区7市（地）40县（市、区）1130万余亩农田的灌溉、成都市多家重点企业和城市生活供水，以及防洪、发电、漂水、水产、养殖、林果、旅游、环保等多项目标综合服务，是四川省国民经济发展不可替代的水利基础设施。,来自订单,IP属地:河北,,,都江堰好评
M12****590,5分,超棒,景色5,趣味5,性价比5,2024-12-13 发布点评,超级值得一去 这是第二次来 上一次是夏天 六月来的 冬天有不一样的感觉 真的体验到了什么叫风景如画 拜水都江堰 问道青城山 建议都去,来自订单,IP属地:陕西,铂金贵宾,,都江堰好评
E04****52,5分,超棒,景色5,趣味5,性价比5,2024-12-13 发布点评,值得带孩子一看，中国古代文明的成果，非常好，携程买票很方便，价格优惠，好。,来自订单,IP属地:广西,黄金贵宾,,都江堰好评
luyihr,4分,满意,景色4,趣味4,性价比4,2024-12-12 发布点评,都江堰景区蛮大的，省力点真的推荐从秦堰楼6号口进一路往下走离堆出。冬季岷江水流小没有夏季震撼景色打点折扣。,,IP属地:上海,铂金贵宾,,都江堰好评
wsn蓝田日暖,4分,满意,景色4,趣味4,性价比4,2024-12-12 发布点评,"票价有点贵，怎么说，毕竟是都江堰，明日在这里
建议不要在古街吃东西，一吃一个拉肚子，还贵的很，",来自订单,IP属地:山东,黄金贵宾,,都江堰好评
天天Hailey妈咪,5分,超棒,景色5,趣味5,性价比5,2024-12-12 发布点评,四川成都著名景点都江堰景区是非常值得推荐的绝美游览圣地！有一句问道青城山拜水都江堰是最好的解说词，带小朋友来这里游玩快乐出发吧,,IP属地:四川,钻石贵宾,,都江堰好评
M55****21,4分,满意,景色4,趣味4,性价比3,2024-12-12 发布点评,景色不错，讲解不太值，其他还好,来自订单,IP属地:四川,铂金贵宾,,都江堰好评
M50****6819,5分,超棒,景色5,趣味5,性价比5,2024-12-12 发布点评,美丽，壮观的都江堰，携程网预订门票也给力，省时省力，好评,,IP属地:北京,黑钻贵宾,,都江堰好评
秦振,5分,超棒,景色5,趣味5,性价比5,2024-12-12 发布点评,体现古代人民的智慧和创造力，自然景色优美！,来自订单,IP属地:山东,铂金贵宾,,都江堰好评
186****6941,4分,满意,景色4,趣味5,性价比4,2024-12-12 发布点评,2000多年前就如此宏伟，古人的智慧????????。里面的导游就不用请了，网上查下就知道了,来自订单,IP属地:福建,黄金贵宾,,都江堰好评
匿名用户,4分,满意,景色5,趣味3,性价比3,2024-12-11 发布点评,只看都江堰会觉得票价太贵，但是看了二王庙，在山上走一走就觉得值回票价了。,来自订单,IP属地:四川,铂金贵宾,,都江堰好评
M47****6761,5分,超棒,景色5,趣味4,性价比4,2024-12-11 发布点评,都江堰完全不爬山的话一个半小时就可以逛完了，爬山应该需要三小时左右，观光车没有太大必要买，几乎是平路，走走半小时也就到了，听听水声看看风景。,来自订单,IP属地:四川,铂金贵宾,,都江堰好评
蹲的很失败,5分,超棒,景色5,趣味5,性价比5,2024-12-11 发布点评,建议淡季去，体验会好很多。,来自订单,IP属地:四川,铂金贵宾,,都江堰好评
M50****5576,5分,超棒,景色5,趣味5,性价比5,2024-12-11 发布点评,用震撼来形容吧，这地方真的是太壮观了，有生之年一定还得再来,来自订单,IP属地:江苏,钻石贵宾,,都江堰好评
_zx403****833483,5分,超棒,景色5,趣味5,性价比5,2024-12-11 发布点评,非常值得参考游览，经过导游小付的一路精心设计路线和讲解，对古水里工程都江堰的再次了解。感谢公司的路程安排和员工的培训。,来自订单,IP属地:四川,铂金贵宾,,都江堰好评
黎你更近,5分,超棒,景色5,趣味5,性价比5,2024-12-11 发布点评,"很棒的地方，文化底蕴很强。
建议进去之后还可以看那个川剧的演出，外地朋友挺喜欢的",来自订单,IP属地:四川,黄金贵宾,,都江堰好评
M14****262,5分,超棒,景色5,趣味5,性价比5,2024-12-11 发布点评,下雨去的，人还不算多。从山上到山下更容易一些。鱼嘴口比较宏伟。,来自订单,IP属地:北京,铂金贵宾,,都江堰好评
231****109,5分,超棒,景色5,趣味5,性价比5,2024-12-11 发布点评,"很值得去，风景，历史，科技都融为一体
【性价比】不错，
【趣味】历史遗迹，治水方式
【景色】有山有水，有自然有景色有人文，有内容",,IP属地:内蒙古,钻石贵宾,,都江堰好评
漫步者201501,4分,满意,景色4,趣味3,性价比3,2024-12-11 发布点评,环境不错，散步的好地方。,来自订单,IP属地:山东,铂金贵宾,,都江堰好评
匿名用户,5分,超棒,景色5,趣味5,性价比5,2024-12-10 发布点评,了解历史，理解历史，到实地走走更懂得古人的智慧。这里风景也很美，堰上的彩林层层叠叠，远山在雾里若隐若现,来自订单,IP属地:四川,铂金贵宾,,都江堰好评
匿名用户,5分,超棒,景色5,趣味5,性价比5,2024-12-10 发布点评,很不错，性价比很高，前台办理入住也很快，配套设施很完善，三楼的健身房也很好用哦。,来自订单,IP属地:四川,铂金贵宾,,都江堰好评
匿名用户,5分,超棒,景色5,趣味4,性价比4,2024-12-10 发布点评,门票有点贵. 景点有些年久失修的感觉.,来自订单,IP属地:四川,铂金贵宾,,都江堰好评
M31****4603,5分,超棒,,,,2024-12-09 发布点评,"都江堰景区很棒！它是世界文化遗产，水利工程的伟大令人惊叹。
 
漫步其中，感受古人的智慧和勤劳。
 
景区内的自然风光也很美，是休闲度假的好去处。
 
总的来说，这是一个既有历史文化又有自然景观的地方。",,IP属地:云南,黄金贵宾,,都江堰好评
yangduoduo17,4分,满意,,,,2024-12-09 发布点评,伟大的水利工程，古代智慧的结晶，非常好的景点，十分推荐。,,IP属地:广东,钻石贵宾,,都江堰好评
M24****6585,5分,超棒,景色5,趣味5,性价比5,2024-12-09 发布点评,还可以还可以还可以,来自订单,IP属地:四川,黄金贵宾,,都江堰好评
莱希河畔兰茨贝格吉米,5分,超棒,景色5,趣味5,性价比5,2024-12-09 发布点评,(* ?????????)=??????,来自订单,IP属地:四川,黄金贵宾,,都江堰好评
首富8888,5分,超棒,景色5,趣味5,性价比5,2024-12-09 发布点评,好！！！！！！！！！,来自订单,IP属地:浙江,黄金贵宾,,都江堰好评
_M18****2021,5分,超棒,景色5,趣味5,性价比5,2024-12-09 发布点评,导游姐姐很耐心，讲解细致，非常棒,来自订单,IP属地:四川,铂金贵宾,,都江堰好评
M51****9286,5分,超棒,景色5,趣味5,性价比5,2024-12-09 发布点评,不是很值得,来自订单,IP属地:中国澳门,铂金贵宾,,都江堰好评
zzh129,5分,超棒,景色5,趣味5,性价比5,2024-12-08 发布点评,经典景区 不用多说,来自订单,IP属地:云南,钻石贵宾,,都江堰好评
M30****8648,5分,超棒,景色5,趣味5,性价比5,2024-12-08 发布点评,讲解的非冰棒！推荐！??????,来自订单,IP属地:四川,黄金贵宾,,都江堰好评
蓝盾,5分,超棒,景色5,趣味5,性价比5,2024-12-08 发布点评,大美都江堰，拜水心安。如果没有导游带着吃顿饭就完美了。,来自订单,IP属地:四川,黄金贵宾,,都江堰好评
不懂爱情的我,5分,超棒,景色5,趣味5,性价比5,2024-12-08 发布点评,"景色优美：都江堰景区以其山清水秀的自然景色吸引了众多游客。无论是岷江水的奔腾，还是周围山峦的起伏，都构成了一幅幅美丽的画卷。游客们纷纷称赞这里的景色如诗如画，令人陶醉。
历史文化深厚：作为中国古代水利工程的杰作，都江堰景区承载着深厚的历史文化底蕴。游客们在这里可以了解到李冰父子修建都江堰的艰辛历程，以及这一工程对成都平原农业灌溉和防洪的重要作用。许多游客表示，通过参观都江堰景区，他们对中国的历史文化有了更深刻的认识和了解。导游讲解也很好，讲解很生动，很有特色。",来自订单,IP属地:山东,钻石贵宾,,都江堰好评
139****3166,5分,超棒,景色5,趣味4,性价比5,2024-12-08 发布点评,天气晴朗时，真的值得来。,来自订单,IP属地:重庆,铂金贵宾,,都江堰好评
M23****4400,5分,超棒,景色5,趣味5,性价比5,2024-12-07 发布点评,景点特色。,来自订单,IP属地:四川,铂金贵宾,,都江堰好评
匿名用户,5分,超棒,景色5,趣味5,性价比5,2024-12-07 发布点评,网上购票方便使用。,来自订单,IP属地:江苏,铂金贵宾,,都江堰好评
M29****6009,5分,超棒,景色5,趣味4,性价比5,2024-12-06 发布点评,还是比较震撼的，而且为我们的农业经济做出了巨大的贡献,,IP属地:四川,铂金贵宾,,都江堰好评
M33****6086,5分,超棒,景色5,趣味5,性价比5,2024-12-06 发布点评,都江堰，的确名不虚传，好！,来自订单,IP属地:四川,,,都江堰好评
152****3322,5分,超棒,景色5,趣味5,性价比5,2024-12-06 发布点评,景区比较便捷,来自订单,IP属地:江西,铂金贵宾,,都江堰好评
京海闲翁,5分,超棒,景色5,趣味5,性价比5,2024-12-06 发布点评,都江堰是个很值得去的景区，2000多年一直发挥效益的水利工程、人们对杰出历史人物的尊崇、优美的自然与人文景观都给游人留下深刻的印象。,,IP属地:北京,铂金贵宾,,都江堰好评
M50****4523,5分,超棒,景色5,趣味5,性价比5,2024-12-05 发布点评,景区还不错，值得一去,来自订单,IP属地:江苏,黄金贵宾,,都江堰好评
梓铭TAN,5分,超棒,景色5,趣味5,性价比5,2024-12-05 发布点评,来旅游玩的，非常好,来自订单,IP属地:新疆,黄金贵宾,,都江堰好评
M50****8089,5分,超棒,景色5,趣味5,性价比5,2024-12-05 发布点评,非常壮观！,来自订单,IP属地:黑龙江,钻石贵宾,,都江堰好评
匿名用户,5分,超棒,景色5,趣味5,性价比5,2024-12-05 发布点评,需要自费一位导游进行讲解，不然都看不懂。,来自订单,IP属地:四川,,,都江堰好评
匿名用户,4分,满意,景色4,趣味4,性价比4,2024-12-05 发布点评,四川青城山挺好的。,来自订单,IP属地:广东,铂金贵宾,,都江堰好评
_WeCh****52028,5分,超棒,景色5,趣味5,性价比5,2024-12-05 发布点评,景色非常美,来自订单,IP属地:重庆,铂金贵宾,,都江堰好评
老李走中国,5分,超棒,景色5,趣味5,性价比5,2024-12-05 发布点评,还不错，很不错,来自订单,IP属地:重庆,钻石贵宾,,都江堰好评
周游列国2025,5分,超棒,景色5,趣味5,性价比5,2024-12-05 发布点评,非常好看，方便快捷,来自订单,IP属地:广东,钻石贵宾,,都江堰好评
可彦,5分,超棒,景色5,趣味5,性价比5,2024-12-04 发布点评,旅游就起一件开心??的事,来自订单,IP属地:江苏,钻石贵宾,,都江堰好评
zinnia_615,4分,满意,景色5,趣味4,性价比4,2024-12-04 发布点评,"都江堰，这座古老而伟大的水利工程，静静地矗立在四川成都的大地上，宛如一位智慧的长者，诉说着千年的故事。
当我踏上这片土地，首先映入眼帘的是滔滔不绝的岷江水。江水奔腾，气势磅礴，带着来自雪山的清凉与豪迈。而都江堰就像是一位神奇的魔法师，驯服了这头汹涌的巨兽，让它变得温顺而乖巧，为成都平原带来了无尽的滋养和福祉。
漫步在鱼嘴堤岸，看着江水被巧妙地分流。一边是汹涌澎湃，直奔外江而去；另一边则是缓缓流淌，温顺地进入内江，灌溉着广袤的农田。这一分一合之间，尽显古人的智慧和勇气。
宝瓶口则像是大自然与人类共同雕琢的艺术品，狭窄而深邃，江水在这里变得更加湍急，仿佛在诉说着它的使命和责任。而飞沙堰，巧妙地利用了水流的回旋，将沙石排向外江，保证了内江的通畅和清澈。",,IP属地:北京,钻石贵宾,,都江堰好评
匿名用户,5分,超棒,景色5,趣味5,性价比5,2024-12-04 发布点评,体验感不错,来自订单,IP属地:河南,铂金贵宾,,都江堰好评
匿名用户,5分,超棒,景色5,趣味5,性价比5,2024-12-04 发布点评,都江堰水利工程建于公元前256年，是全世界迄今为止，年代最久远、唯一留存、以无坝引水为特征的宏大水利工程。史书中这样描述：都江堰建成，使成都平原水旱从人，不知饥馑，时无荒年，天下谓之天府也。古人的智慧令人感叹！,来自订单,IP属地:广东,钻石贵宾,,都江堰好评
_WeCh****43666,5分,超棒,景色5,趣味5,性价比5,2024-12-04 发布点评,??????????,来自订单,IP属地:吉林,铂金贵宾,,都江堰好评
jack的天空,5分,超棒,景色5,趣味5,性价比5,2024-12-04 发布点评,都江堰距离成都市区差不多一个小时的车程，都江堰差不多可以玩个半天，可以算好行程不走回头路。作为中国著名的水利工程，几千年来保存的非常完好，只到现在依然发挥着作用。另外这里的风景也是非常的漂亮。,,IP属地:浙江,钻石贵宾,,都江堰好评
匿名用户,4分,满意,景色4,趣味3,性价比4,2024-12-03 发布点评,都江堰还是值得一去的，充分展现了古人的聪明才智。景区很大，选择好入口，从上往下走，比较省力。,来自订单,IP属地:云南,铂金贵宾,,都江堰好评
匿名用户,5分,超棒,景色5,趣味5,性价比5,2024-12-03 发布点评,挺好 很实用,来自订单,IP属地:黑龙江,铂金贵宾,,都江堰好评
鱼仙生,4分,满意,景色5,趣味4,性价比4,2024-12-03 发布点评,人太多了不建议小长假来，人山人海，拍照都不太方便，门票一早在携程买还有优惠券满三百减80，上午到地方买票时优惠券又不见了，提前买票！！,来自订单,IP属地:四川,铂金贵宾,,都江堰好评
匿名用户,5分,超棒,景色5,趣味5,性价比5,2024-12-03 发布点评,非常好??????,来自订单,IP属地:四川,铂金贵宾,,都江堰好评
匿名用户,5分,超棒,景色5,趣味5,性价比5,2024-12-03 发布点评,景区的自然环境非常优美，让人仿佛置身于仙境之中。景区的旅游设施非常完善，服务也非常周到，让人感受到了宾至如归的温暖。非常棒！！！！,来自订单,IP属地:四川,钻石贵宾,,都江堰好评
匿名用户,5分,超棒,景色5,趣味5,性价比5,2024-12-03 发布点评,很壮观，值得去,来自订单,IP属地:四川,黄金贵宾,,都江堰好评
alecw,5分,超棒,景色5,趣味5,性价比5,2024-12-02 发布点评,水利工程的奇迹,来自订单,IP属地:江苏,黄金贵宾,,都江堰好评
穿汉服逛吃广州,5分,超棒,景色5,趣味5,性价比5,2024-12-02 发布点评,"来都来了，都江堰这么神奇的水利工程，当然要看看啦。

从成都到犀浦下车不出站，走便捷高铁站过安检进站。

19分钟后抵达都江堰，坐景点巴士大概5元吧，直达景区。

景区门口有棵好看的银杏树。

进去后，可以从二王庙开始逛，爬山到最高点俯瞰都江堰鱼嘴，然后往鱼嘴走过去，感受岷江湍急和旁边平静水流的鲜明对比。接着去飞沙堰和宝口瓶。

南桥也可以逛逛，但所谓蓝眼泪就一般般。",来自订单,IP属地:四川,黄金贵宾,,都江堰好评
EMO  Version,5分,超棒,景色5,趣味5,性价比5,2024-12-02 发布点评,导游很热心，讲解很细致,来自订单,IP属地:重庆,黄金贵宾,,都江堰好评
匿名用户,5分,超棒,景色4,趣味4,性价比4,2024-12-01 发布点评,非常漂亮空气质量好风景优美,来自订单,IP属地:河北,黄金贵宾,,都江堰好评
_WeCh****08104,5分,超棒,景色5,趣味5,性价比5,2024-12-01 发布点评,??????,来自订单,IP属地:四川,黄金贵宾,,都江堰好评
C潇洒,5分,超棒,景色5,趣味5,性价比5,2024-12-01 发布点评,还可以 景色可以,来自订单,IP属地:马来西亚,,,都江堰好评
旅行打工人,5分,超棒,景色5,趣味5,性价比5,2024-12-01 发布点评,超级震撼，佩服古人的智慧，李冰神一样存在，有都江堰才有天府之国，人与自然的结合,来自订单,IP属地:江苏,铂金贵宾,,都江堰好评
匿名用户,5分,超棒,景色5,趣味5,性价比5,2024-12-01 发布点评,讲解不错，下次还来,来自订单,IP属地:四川,,,都江堰好评
宝贝大胃王,5分,超棒,景色5,趣味5,性价比5,2024-12-01 发布点评,非常方便，不用换票,来自订单,IP属地:吉林,钻石贵宾,,都江堰好评
M23****0785,5分,超棒,景色5,趣味5,性价比5,2024-11-30 发布点评,风景不错不错,来自订单,IP属地:四川,黄金贵宾,,都江堰好评
M32****8075,5分,超棒,景色5,趣味5,性价比5,2024-11-30 发布点评,很好棒棒哒,来自订单,IP属地:辽宁,黄金贵宾,,都江堰好评
匿名用户,5分,超棒,景色5,趣味5,性价比5,2024-11-30 发布点评,挺漂亮，，漂亮，，,来自订单,IP属地:四川,黄金贵宾,,都江堰好评
souracid,5分,超棒,景色5,趣味5,性价比5,2024-11-30 发布点评,作为知名水利景区，都江堰承载了太多的历史与故事。从秦堰楼进，一直向下游览是最省力的。景区不算太大，有付费电瓶车代步，基本上2小时可以游览完成。,来自订单,IP属地:四川,黄金贵宾,,都江堰好评
M43****0103,5分,超棒,景色5,趣味5,性价比5,2024-11-30 发布点评,第二次预约了，杨导人很好，讲解和服务都好，带父母出行，一定要找个专业的导游讲解，要不就是啥也不知道，听听杨导的讲解就很好，谢谢杨导。也谢谢平台店家有这么好的服务，值得信赖，感谢！,来自订单,IP属地:四川,黄金贵宾,,都江堰好评
匿名用户,5分,超棒,景色5,趣味5,性价比5,2024-11-29 发布点评,体验不错 风景好 赶上了好天气 导游讲解不错,来自订单,IP属地:四川,,,都江堰好评
宁波黄瑶,5分,超棒,景色5,趣味5,性价比5,2024-11-29 发布点评,今天行程安排的非常好！张导讲解很专业、服务很好！午饭丰盛，吃完午饭看川剧表演，节目非常好看！都江堰风景很好！很满意！下次有机会再来！,来自订单,IP属地:四川,,,都江堰好评
匿名用户,4分,满意,景色4,趣味4,性价比4,2024-11-29 发布点评,门口离堆公园还不错，夏天去的话避暑不错，小桥流水贯通其间，因季节变化。水利工程真的很神奇，就是可以自己先了解下情况再根据自身情况来游玩，走马观花的话，基本2小时可以逛个大概，慢慢玩的话就差不多一天吧，我觉得就是个含有大型水利工程的公园,来自订单,IP属地:江苏,铂金贵宾,,都江堰好评
wenzongwang,5分,超棒,景色5,趣味5,性价比5,2024-11-29 发布点评,值得去看看这个古代的工程，古人厉害啊,,IP属地:山东,铂金贵宾,,都江堰好评
,5分,超棒,,,,2024-11-29 发布点评,"??【探秘都江堰，解锁自然之谜??】??

?? 都江堰景区，一处融合了千年智慧和自然之美的地方，等你来一场说走就走的旅行！???♀????♂?

?? 这里，每一步都是历史，每一景都是诗篇。??? 都江堰水利工程，不仅仅是古代工程的奇迹，更是人与自然和谐共处的典范。????

?? 漫步在绿意盎然的园区，感受大自然的呼吸，聆听历史的回声。????

?? 拍照打卡，留下你与都江的独家记忆，让你的朋友圈充满羡慕的目光！????",,IP属地:河南,,,都江堰好评
M22****3978,5分,超棒,景色5,趣味4,性价比5,2024-11-29 发布点评,非常喜欢的地，景色宜人！,来自订单,IP属地:福建,铂金贵宾,,都江堰好评
marsxing,5分,超棒,景色5,趣味5,性价比5,2024-11-28 发布点评,向往都江堰很久了，这次终于得以带着家人前往游览。小长假期间游人不少，按行程安排白天游览景区，晚上去南桥吃饭和夜景，总体感觉不虚此行。,来自订单,IP属地:广东,铂金贵宾,,都江堰好评
0831hygc,4分,满意,景色5,趣味4,性价比4,2024-11-28 发布点评,都江堰景色很美，尤其是鱼嘴。南桥蓝眼睛夜景有特色。地方不大就是门票有些贵！,来自订单,IP属地:四川,黄金贵宾,,都江堰好评
匿名用户,5分,超棒,景色5,趣味5,性价比5,2024-11-28 发布点评,建?2千多年伟大水利工程。,来自订单,IP属地:广东,钻石贵宾,,都江堰好评
M60****588,5分,超棒,景色5,趣味5,性价比5,2024-11-28 发布点评,腹有诗书气自华，导游就是这样一位有气质的人，讲解的非常详细又生动，非常满意的一次行程。,来自订单,IP属地:辽宁,铂金贵宾,,都江堰好评
m33****1924,5分,超棒,景色5,趣味5,性价比5,2024-11-28 发布点评,好玩 风景好,来自订单,IP属地:辽宁,铂金贵宾,,都江堰好评
柿子炒鸡蛋！,5分,超棒,,,,2024-11-28 发布点评,教科书里的景点，值得一去的地方,,IP属地:贵州,黄金贵宾,,都江堰好评
爱哈哈鱼冬,5分,超棒,景色5,趣味5,性价比5,2024-11-27 发布点评,讲解老师知识丰富，讲解耐心,来自订单,IP属地:四川,铂金贵宾,,都江堰好评
正装青年,5分,超棒,景色5,趣味5,性价比5,2024-11-27 发布点评,值得一去的景点。,来自订单,IP属地:四川,,,都江堰好评
Nicolezhang07,5分,超棒,景色5,趣味5,性价比5,2024-11-27 发布点评,暑假人比较多，容易下雨,来自订单,IP属地:四川,,,都江堰好评
匿名用户,5分,超棒,景色5,趣味5,性价比5,2024-11-27 发布点评,L景美，延^。,来自订单,IP属地:中国香港,铂金贵宾,,都江堰好评
_M13****6543,5分,超棒,景色5,趣味4,性价比4,2024-11-27 发布点评,问道青城山，拜水都江堰！千年工程，如今仍然焕发青春，厉害。建议请一个导游，介绍，否则在景区游玩只是走马观花。虽然来过很多次，但是请导游还是第一次，物超所值。,来自订单,IP属地:四川,,,都江堰好评
M26****7247,5分,超棒,,,,2024-11-27 发布点评,成都的后花园，康养旅游，问道拜水，美食美景,,IP属地:四川,,,都江堰好评
M31****2417,5分,超棒,景色5,趣味5,性价比5,2024-11-27 发布点评,第二次到了都江堰，第一次完全看景色，第二次找了讲解才知道有多震撼，完美景色也美，到了停车场坐上到6号门的10元通勤车，走下楼梯路线，不累还不着急,来自订单,IP属地:新疆,铂金贵宾,,都江堰好评
匿名用户,5分,超棒,景色5,趣味5,性价比5,2024-11-27 发布点评,可以 环境不错,来自订单,IP属地:四川,钻石贵宾,,都江堰好评
M22****374,5分,超棒,景色5,趣味5,性价比5,2024-11-27 发布点评,江水很美 景区也很有意思,来自订单,IP属地:四川,铂金贵宾,,都江堰好评
匿名用户,5分,超棒,景色5,趣味5,性价比5,2024-11-27 发布点评,特别开心的一段旅程！景色美丽，温度适中，很快乐，很开心！(＾?＾)??,来自订单,IP属地:山东,黄金贵宾,,都江堰好评
M23****0254,5分,超棒,景色5,趣味5,性价比5,2024-11-26 发布点评,性价比很高，全程讲解详细,来自订单,IP属地:四川,铂金贵宾,,都江堰好评
匿名用户,5分,超棒,景色5,趣味5,性价比5,2024-11-26 发布点评,非常不错 推荐,来自订单,IP属地:四川,钻石贵宾,,都江堰好评
匿名用户,5分,超棒,景色5,趣味5,性价比5,2024-11-26 发布点评,整体感觉不错，带孩子出去学习收获满满。通过实地走访学习，深入了解了相关文化底蕴，现场收到了很好的文化熏陶，不虚此行，以后有机会再去走走看看。,来自订单,IP属地:河北,黄金贵宾,,都江堰好评
M48****1807,5分,超棒,景色5,趣味5,性价比5,2024-11-26 发布点评,很值得去，环境优美,来自订单,IP属地:四川,黄金贵宾,,都江堰好评
M28****350,5分,超棒,景色5,趣味5,性价比5,2024-11-26 发布点评,讲解很专业,来自订单,IP属地:重庆,铂金贵宾,,都江堰好评
匿名用户,5分,超棒,景色5,趣味4,性价比4,2024-11-26 发布点评,了解历史，还有美景，银杏树很美丽，一路都有红叶，很值得去，春熙路就有直通车，我打车去就贵了,来自订单,IP属地:四川,铂金贵宾,,都江堰好评
M31****4095,4分,满意,景色4,趣味3,性价比2,2024-11-26 发布点评,人工导游讲解内容少，价格40，贵了。景区没多大，还要求做景观车，10元。,来自订单,IP属地:四川,铂金贵宾,,都江堰好评
320****049,5分,超棒,景色5,趣味5,性价比5,2024-11-26 发布点评,拜水都江堰，，问道青城山，青城山除了前山好，后山的风景也特别不错，都江堰中国古人智慧的结晶，非常值得一去。都江堰到青城山的交通非常方便，有存行李的地方。,来自订单,IP属地:青海,铂金贵宾,,都江堰好评
TT-tian,5分,超棒,景色5,趣味5,性价比5,2024-11-25 发布点评,很方便很好,来自订单,IP属地:四川,黄金贵宾,,都江堰好评
匿名用户,5分,超棒,景色5,趣味5,性价比5,2024-11-25 发布点评,都江堰十分值得一去。古代治水智慧与江河山川美景融合在一起，让人心潮澎湃。在都江堰，环形一大圈，观景也很好，完了事看看南桥，墨绿色的江水令人心旷神怡。,来自订单,IP属地:北京,铂金贵宾,,都江堰好评
RobbStark,5分,超棒,景色5,趣味5,性价比5,2024-11-25 发布点评,好????(? ?? ? - ? ) ?,来自订单,IP属地:江西,铂金贵宾,,都江堰好评
匿名用户,5分,超棒,景色5,趣味5,性价比5,2024-11-25 发布点评,很好玩 推荐,来自订单,IP属地:四川,钻石贵宾,,都江堰好评
M59****956,5分,超棒,景色5,趣味5,性价比5,2024-11-25 发布点评,讲解细致认真，两千年水利工程叹为观止,来自订单,IP属地:四川,铂金贵宾,,都江堰好评
HelenWang,5分,超棒,景色5,趣味5,性价比5,2024-11-25 发布点评,"拜水都江堰
聆听千年故事
感受山河壮阔
感慨治水之道

都江堰水利工程建于公元前256年，2000年被联合国教科文组织评选为“世界文化遗产”。
这次带娃来打卡都江堰，深受震撼！都江堰由鱼嘴，飞沙堰，宝瓶口等几个部分组成。
鱼嘴的作用是把江水一分为二；飞沙堰高度为2.15米，主要作用是调节水量大小和枯水时期拦截内江水，让他流进宝瓶口，保证平原用水；宝瓶口主要作用是引水灌溉和排沙等等",来自订单,IP属地:吉林,钻石贵宾,,都江堰好评
guobaochun,5分,超棒,景色5,趣味5,性价比5,2024-11-25 发布点评,值得去！有必要听讲解！,来自订单,IP属地:上海,,,都江堰好评
M23****835,5分,超棒,景色5,趣味5,性价比5,2024-11-24 发布点评,很震撼，水利工程,来自订单,IP属地:四川,铂金贵宾,,都江堰好评
匿名用户,5分,超棒,景色5,趣味4,性价比4,2024-11-24 发布点评,第一来都江堰，第一次实景了解都江堰，遗憾没有叫导游。不错的体验。期待一次再次旅行此地,来自订单,IP属地:广东,铂金贵宾,,都江堰好评
匿名用户,5分,超棒,景色5,趣味5,性价比5,2024-11-24 发布点评,整体一如既往的好。不愧是5A景区。交通便利，路线规划也合理。景区干净安静。,来自订单,IP属地:四川,铂金贵宾,,都江堰好评
匿名用户,5分,超棒,景色5,趣味5,性价比5,2024-11-24 发布点评,非常好玩！,来自订单,IP属地:四川,钻石贵宾,,都江堰好评
M28****5915,4分,满意,景色4,趣味3,性价比4,2024-11-24 发布点评,总体不错，就是上善都江堰的舞台剧效果有点低于我的预期，为了达到最佳视觉体验，我还特意买了4张贵宾票。景点那是没啥说的，可以带孩子去现场感受。,来自订单,IP属地:四川,黄金贵宾,,都江堰好评
波波,5分,超棒,景色5,趣味5,性价比5,2024-11-24 发布点评,宏伟的工程，必须要去一趟,来自订单,IP属地:浙江,铂金贵宾,,都江堰好评
匿名用户,4分,满意,景色4,趣味3,性价比3,2024-11-24 发布点评,景区里面的导览图太少了，像我这种路痴就容易抓瞎！景区里没有什么趣味性，孩子觉得很无聊，感觉适合夏天来吧，应该很凉爽，我们十一月来风吹的头疼,来自订单,IP属地:四川,铂金贵宾,,都江堰好评
匿名用户,5分,超棒,景色5,趣味5,性价比5,2024-11-24 发布点评,前台7号服务态度很好,来自订单,IP属地:江苏,铂金贵宾,,都江堰好评
pandora_lynn,5分,超棒,景色5,趣味5,性价比5,2024-11-24 发布点评,难得的晴天，感受到古人的智慧，晚上看蓝眼泪的人很多，还有很多旅拍,来自订单,IP属地:北京,铂金贵宾,,都江堰好评
BNDKTKBBQ,5分,超棒,景色5,趣味5,性价比5,2024-11-24 发布点评,哈哈哈哈哈好好好,来自订单,IP属地:四川,黄金贵宾,,都江堰好评
_WeCh****376105,5分,超棒,景色5,趣味5,性价比5,2024-11-24 发布点评,感觉一般吧,来自订单,IP属地:福建,铂金贵宾,,都江堰好评
M27****7460,5分,超棒,景色4,趣味5,性价比4,2024-11-24 发布点评,都江堰让人非常震撼，2000多年前的伟大水利工程，造福人类千秋万代,来自订单,IP属地:四川,铂金贵宾,,都江堰好评
M19****875,5分,超棒,景色5,趣味5,性价比4,2024-11-24 发布点评,非常好的体验，都江堰不愧为世界工程,来自订单,IP属地:四川,钻石贵宾,,都江堰好评
202****316,5分,超棒,景色5,趣味5,性价比5,2024-11-23 发布点评,很值得一去！，祖辈智慧太厉害了！！！,来自订单,IP属地:江苏,铂金贵宾,,都江堰好评
西柠檬罗,5分,超棒,景色5,趣味5,性价比5,2024-11-23 发布点评,"亲眼所见才知如此壮观，很值得一去，虽然路途遥远，离成都市区还是需要开蛮久的，我们从青城山游览完直接过来，有点特种兵。
进来以后才发现上海居民可以优惠很多，网上买早了。",来自订单,IP属地:上海,铂金贵宾,,都江堰好评
sf****8,5分,超棒,景色5,趣味5,性价比5,2024-11-23 发布点评,很棒的景点，符合期望！,来自订单,IP属地:四川,铂金贵宾,,都江堰好评
sky屁哦,5分,超棒,景色5,趣味5,性价比5,2024-11-23 发布点评,"??【探秘都江堰】??
?? 亲们，来都江堰景区吧！这里有不朽的水利奇观??，让人叹为观止！徜徉在古堰长廊，感受千年智慧的传承?。

?? 漫步在青石小道，每一块石头都讲述着古老的故事??，仿佛能听到历史的回音??。别忘了品尝当地特色小吃，让你的味蕾也跟着旅行??。

?? 都江堰，一个让你心驰神往的地方！来一场说走就走的旅行，让心灵得到洗礼???♂?。#都江堰之旅 #种草必去 #古堰风情",,IP属地:河南,,,都江堰好评
206****109,5分,超棒,景色5,趣味5,性价比5,2024-11-23 发布点评,一会儿就逛完了 没有多大 感叹李冰和先人们的智慧与努力 后人们才能安居乐业 安居乐业 这趟把四川有名的景点都逛了 近些年不想爬山了,来自订单,IP属地:四川,黄金贵宾,,都江堰好评
zhuyanze,5分,超棒,景色5,趣味5,性价比5,2024-11-23 发布点评,山美水也美，感叹于古人的智慧；碧蓝的江水灌溉了成都平原，千年的文化遗产丰富了人们的精神世界。,来自订单,IP属地:四川,钻石贵宾,,都江堰好评
柒柒ok,5分,超棒,景色5,趣味5,性价比5,2024-11-23 发布点评,白天的都江堰跟晚上的都江堰都很好看，都江堰出来边上就是南桥，走进去里面像个古镇，都是吃的，跟闺蜜出游，时间比较赶，时间不赶的朋友可以在都江堰住一个晚上,来自订单,IP属地:四川,铂金贵宾,,都江堰好评
匿名用户,5分,超棒,景色5,趣味5,性价比5,2024-11-23 发布点评,很好的一个景区,来自订单,IP属地:四川,钻石贵宾,,都江堰好评
_WeCh****45935,5分,超棒,景色5,趣味5,性价比5,2024-11-23 发布点评,天气不错，景色不错，心情保持愉快，美景尽收眼底,来自订单,IP属地:河南,铂金贵宾,,都江堰好评
帕斯加特李,5分,超棒,景色5,趣味5,性价比5,2024-11-23 发布点评,得请讲解，才能深入了解,来自订单,IP属地:福建,铂金贵宾,,都江堰好评
118****322,5分,超棒,景色5,趣味5,性价比5,2024-11-23 发布点评,在携程买票真的太方便了！,来自订单,IP属地:广东,黑钻贵宾,,都江堰好评
匿名用户,5分,超棒,景色5,趣味5,性价比5,2024-11-22 发布点评,交通很方便,来自订单,IP属地:四川,铂金贵宾,,都江堰好评
_sdb99****0884581,5分,超棒,景色5,趣味5,性价比5,2024-11-22 发布点评,漫游都江堰，让心灵沉浸在古老的历史韵味中，感受那无尽的宁静与美好。,来自订单,IP属地:广东,铂金贵宾,,都江堰好评
七里甸,5分,超棒,景色5,趣味5,性价比5,2024-11-22 发布点评,好！！！！！！！！！！！！！！！！！！！！！！！！！！！！！！！！！！,来自订单,IP属地:新疆,铂金贵宾,,都江堰好评
皮埃蒙特苏舜钦,4分,满意,景色5,趣味2,性价比5,2024-11-22 发布点评,四川水利工程，人很多,来自订单,IP属地:四川,黄金贵宾,,都江堰好评
匿名用户,5分,超棒,景色5,趣味5,性价比5,2024-11-22 发布点评,非常好玩,来自订单,IP属地:四川,钻石贵宾,,都江堰好评
M60****170,5分,超棒,景色5,趣味5,性价比5,2024-11-22 发布点评,2个多小时的讲解非常推荐，有讲解的话可以更加详尽的了解历史，我们这个讲解杨姐姐就非常亲切尽责，总之棒棒哒！,来自订单,IP属地:四川,黄金贵宾,,都江堰好评
M32****1377,5分,超棒,景色5,趣味5,性价比5,2024-11-22 发布点评,景色宜人，水利鼻祖,来自订单,IP属地:四川,铂金贵宾,,都江堰好评
M30****8844,4分,满意,景色4,趣味3,性价比3,2024-11-22 发布点评,了解古人的智慧的话可以一游，其他一般般。最恶心的是南桥巷子商业街公厕，没有水冲洗，便池里堆满便便，臭得无法。,来自订单,IP属地:四川,铂金贵宾,,都江堰好评
M81****9450,5分,超棒,景色5,趣味5,性价比5,2024-11-22 发布点评,拜水都江堰，问道青城山。来看古人留下的伟大工程，领略古人之智慧，感受古人之情怀。附近的小吃街种类挺多的，非常好吃的东西和当地特产。我觉得值得一去。,来自订单,IP属地:四川,,,都江堰好评
M27****1526,5分,超棒,景色5,趣味5,性价比5,2024-11-21 发布点评,非常震撼的古人的智慧结晶，山水美如画,来自订单,IP属地:四川,黄金贵宾,,都江堰好评
风的影子,4分,满意,景色4,趣味3,性价比4,2024-11-21 发布点评,景色宜人，慢悠悠边逛边拍照真不错，强烈建议晚上的南桥夜景一定要看,来自订单,IP属地:四川,黄金贵宾,,都江堰好评
行走天下,5分,超棒,景色5,趣味5,性价比5,2024-11-21 发布点评,雨中游都江堰别有情趣，分水口处挺壮观的，感觉到了古人的智慧，各种古代建筑和名人介绍，让人长了不少知识。二王庙需要爬些台阶，在川大上学时到过，已在三十年前了，应该地震后又修善过,来自订单,IP属地:福建,铂金贵宾,,都江堰好评
M33****2915,5分,超棒,景色5,趣味5,性价比5,2024-11-21 发布点评,问道青城山，拜水都江堰，每次去都有不同的感受，道观的味道让人很舒服。,来自订单,IP属地:四川,黄金贵宾,,都江堰好评
匿名用户,5分,超棒,景色5,趣味5,性价比5,2024-11-21 发布点评,不错不错 下比还来哦,来自订单,IP属地:甘肃,黄金贵宾,,都江堰好评
M27****9438,5分,超棒,景色5,趣味5,性价比5,2024-11-21 发布点评,导游小哥非常优秀～体验感十足～,来自订单,IP属地:四川,铂金贵宾,,都江堰好评
匿名用户,5分,超棒,景色5,趣味5,性价比5,2024-11-21 发布点评,体验感十分不错 讲解很好,来自订单,IP属地:四川,黄金贵宾,,都江堰好评
00****028,5分,超棒,景色5,趣味5,性价比5,2024-11-21 发布点评,必须亲身感受一下建议直接买来会电瓶车，不废腿,来自订单,IP属地:四川,铂金贵宾,,都江堰好评
匿名用户,4分,满意,景色4,趣味4,性价比3,2024-11-21 发布点评,还可以，但是不值得特地来一趟，最好搭配附近熊猫基地,来自订单,IP属地:四川,铂金贵宾,,都江堰好评
匿名用户,5分,超棒,景色5,趣味5,性价比5,2024-11-21 发布点评,很好玩 非常棒,来自订单,IP属地:四川,钻石贵宾,,都江堰好评
肥熊?? 的鸭鸭,5分,超棒,景色5,趣味5,性价比5,2024-11-20 发布点评,好地方带儿子来看看，上次是夏天这次是冬天感觉更好看了,来自订单,IP属地:四川,铂金贵宾,,都江堰好评
加菲长老,5分,超棒,景色5,趣味4,性价比3,2024-11-20 发布点评,"古人伟大的水利工程，造福一方百姓。
壮观奔腾的河水仿佛无数先人在齐声呐喊的欢呼。
从六号门至上而下的游览，不走回头路，也很轻松。门票如果便宜些就完美了。",来自订单,IP属地:四川,钻石贵宾,,都江堰好评
GX先生,5分,超棒,景色5,趣味5,性价比5,2024-11-20 发布点评,旅途中的点点滴滴都让人难以忘怀，从壮观的自然景致到独特的民俗文化，每一处都让人流连忘返。导游的讲解深入浅出，让我收获颇丰。这次旅游评价必须给满分，太赞了！,来自订单,IP属地:四川,黄金贵宾,,都江堰好评
綮灵,5分,超棒,景色5,趣味5,性价比5,2024-11-20 发布点评,还是可以逛逛的,来自订单,IP属地:江苏,铂金贵宾,,都江堰好评
