user_detail_name,user_detail_tags_text,text,text 2,text 3,text 4,text 5,content_wrap,from,iplocation,,,attraction_name
ammbmh1,铂金贵宾,1分,不佳,景色1,趣味1,性价比1,时间定错了没去成，没有自动退款,来自订单,IP属地:四川,,,都江堰差评
匿名用户,铂金贵宾,1分,不佳,景色4,趣味2,性价比1,服务差的了得，走马观花都说不上，大雷，根本不到2.5小时，不如自己看介绍，避坑,来自订单,IP属地:四川,,,都江堰差评
唐德卡门,铂金贵宾,1分,不佳,景色1,趣味1,性价比1,过个桥排队一小时，停车简直难比登天,来自订单,IP属地:陕西,,,都江堰差评
唐德卡门,铂金贵宾,1分,不佳,景色1,趣味1,性价比1,过＆桥排队一小时，停车简直不可能,来自订单,IP属地:陕西,,,都江堰差评
匿名用户,,1分,不佳,景色4,趣味4,性价比1,景点很有教育意义，但导游素质不行，请注意耳麦10元一人，我们有10人，带我们的导游收了20一人，也提醒其他订的人注意，订单的备注和包含内容,来自订单,IP属地:云南,,,都江堰差评
M25****2493,黄金贵宾,1分,不佳,景色1,趣味1,性价比1,真垃圾……堵车2个小时，景区过桥排队又两个小时，里面啥都没有……,来自订单,IP属地:四川,,,都江堰差评
M25****2493,黄金贵宾,1分,不佳,景色1,趣味1,性价比1,堵车一小时，排队2小时,来自订单,IP属地:四川,,,都江堰差评
300****256,黄金贵宾,1分,不佳,景色1,趣味1,性价比1,交通混乱，路窄，路况也不好，服务也很差，没有残疾人设施，标识也不清楚，游客没走完八路六封了，不管老孙病弱都要走索桥，这种管理方式，早晚会出事,来自订单,IP属地:四川,,,都江堰差评
匿名用户,黄金贵宾,1分,不佳,景色1,趣味1,性价比1,交通混乱，路窄，路况也不好，服务也很差，没有残疾人设施，标识也不清楚，游客没走完八路六封了，不管老孙病弱都要走索桥，这种管理方式，早晚会出事,来自订单,IP属地:四川,,,都江堰差评
M15****234,钻石贵宾,2分,一般,景色5,趣味4,性价比3,景区和讲解都很不错，赶上春节假期，标注的2.5小时讲解缩短为2小时也可以理解，但不明白为什么已经花了大价钱包团讲解，还要收每人10元的耳机租赁费,来自订单,IP属地:四川,,,都江堰差评
M51****6352,铂金贵宾,1分,不佳,景色1,趣味1,性价比1,"体验感极差！
首先：景区门口无法停车，我订的是秦堰楼入口（我记得好像是，因为我也没进去，忘记了）门口只有寥寥二三十个停车位，根本无法停车！
其次：如果停车位不足，或者无法停车，请园区管理想想，是不是可以在景区下面设停车场，通过大巴摆渡车将游客送往？如果园区对无法停车的解决办法是给游客限时两个小时来解决，我只能说，很佩服景区管理的智商！
最后：本次旅游给我的感官让我对***这个地方非常失望以及绝望，甚至有点愤怒，令我对贵方****的能力产生极大的不信任感。
个人觉得：在其位谋其政，管理职位的人员不是只长了两只眼睛，一张嘴巴的无能之辈能胜任的！如果不能解决景区的痛处，不能妥善的管理，敬请阁下退去职位，以游客身份去自己尝试一下自己造的孽！谢谢阁下",来自订单,IP属地:四川,,,都江堰差评
M47****4216,黄金贵宾,1分,不佳,景色1,趣味1,性价比1,垃圾 非常垃圾  非常不推荐,来自订单,IP属地:四川,,,都江堰差评
M47****4216,黄金贵宾,1分,不佳,景色1,趣味1,性价比1,非常差 都是排队 物价贵的很 没看点 门票贵,来自订单,IP属地:四川,,,都江堰差评
_WeCh****949823,,2分,一般,景色5,趣味3,性价比2,"景点值得去，导游就不建议了哦。
首先，我约的10点半，9点多导游都还没联系我，可想而知其他家庭也没联系。就导致了有家庭的迟到。以至于入园讲解延迟到11点才正式开始；
其次，在讲解的过程中，野史偏多，实用性不强，都江堰的介绍也很勉强（我妈说跟牌子上写的差不多），导游硬讲了很多乱七八糟的人物故事，个人觉得跟都江堰几乎无关；
再就是，中间讲解的过程中也一直在等人，有家庭带小朋友去买吃的，导游硬说她们走错了，一会就回来，让大部队在桥上等了近20分钟，期间很多人都问回来没有，能走了吗，导游依然不为所动，一定要等最后一家回来才开始桥上的讲解并带着往下走………我觉得大概是不愿意多费一遍口舌吧。到最里面解散的时候已经1点多了，完全从景区出来已经2点+，还是飞奔快走的情况下。直接将我下一程熊猫谷的时间大大压缩。也间接导致我差点赶不上回去的车。
总而言之言而总之，个人认为导游可以提前2个小时以上联系游客，提醒大家不要迟到，旅途中可以强调擅自离队，错过了讲解自己负责，离队后可以找其他地方汇合，减少大家等待的时间。另外增加讲解的知识性和实用性，就算是拼团也不是拼个摆设。",来自订单,IP属地:四川,,,都江堰差评
_QTJD****11135,铂金贵宾,1分,不佳,景色1,趣味1,性价比2,差评是给携程的，订个票竟然买了9元保险，9元不多，但明显诱导购买，最后是可以选择退，但最讨厌这种默认勾选，诱导强卖的行为。恶心！！！！！！就算9分钱都是恶心。,来自订单,IP属地:四川,,,都江堰差评
M28****344,黄金贵宾,1分,不佳,景色1,趣味1,性价比1,不推荐去，没啥看头，还不如外面看看,来自订单,IP属地:上海,,,都江堰差评
Kajiurasakurahio,钻石贵宾,2分,一般,景色2,趣味2,性价比2,去了成都十多次，都江堰景区是第一次来。之前一直没什么兴趣，抱着来都来了的看法，就在携程买了票。从离堆公园高铁站，花了10块钱到秦晏楼最高点进入。走了走，没什么意思，我也没花28块钱在现场找解说。水利工程是伟大的，不过我就当遛弯了。我觉得可以按照淡季旺季来定门票的价格。,,IP属地:北京,,,都江堰差评
M42****9040,黄金贵宾,1分,不佳,景色2,趣味2,性价比1,管理很差，服务很差！,来自订单,IP属地:四川,,,都江堰差评
M48****0943,铂金贵宾,2分,一般,景色5,趣味3,性价比1,很震撼，但并不值得，无需进入景点，南桥就超美的,来自订单,IP属地:四川,,,都江堰差评
M33****4358,黄金贵宾,1分,不佳,景色5,趣味4,性价比2,都江堰景色不错，讲一下景区内不愉快经历。我购买的讲解服务，首先肯定都江堰本地小妹讲解不错，只是最后涉及金钱的不厚道还是让人有些失望。首先是景区内景观车，讲解小妹最开始居然说来回需要30，我之前看过价格，所以我反驳了，最后她是按15一人收取的，这也是景区内明码标价的，至于她究竟付款给景区内没有，我不确定，因为看得出来她跟景区内司机是认识的，而且付款时我看不到付款的两步动作，貌似密码都不输。然后就是耳机问题，小妹说耳机她是五元一位租的，然后要我们付款10块一个耳机……去过不少地方，请过不少讲解，此例是头一遭，钱不多，但影响性质恶劣，或许游击队和正规军差距在此吧，说自毁前程或许是过了，目光短浅还是可以适用，请后来者注意吧。,来自订单,IP属地:四川,,,都江堰差评
M49****7065,,1分,不佳,景色1,趣味1,性价比1,总体来说，差到极致,来自订单,IP属地:四川,,,都江堰差评
M47****3319,,1分,不佳,景色1,趣味1,性价比1,本来不想打一星的，那天本来就下雨，住的名宿也跟预期的不一样，打出租车一个二个都拽得跟二五八万似的，我以为出租车行业都这个样子心想就算了，可能全国出租车都一个样，可是进了都江堰景区，我和媳妇都是外地人，有段路不知道咋走，就问了下收门票咨询处的***，那个*********，凶我们就像凶儿子一样，回去的时候不敢打出租，就打了一辆滴滴，这**不得了咯，以为我们是外地人，听不懂他讲话，一个劲的在电话里抱怨我们是一口价，这就是都江堰的待客之道？都说一颗***坏了一锅粥，我就纳闷了，难道***都被我们遇见了？,来自订单,IP属地:贵州,,,都江堰差评
133****5258,铂金贵宾,1分,不佳,景色2,趣味2,性价比1,景点大门进去就是一百米左右距离正规导游和野导游的轮流询问要不要讲解。你们景区就不能把导游安排在一个地方么。,来自订单,IP属地:四川,,,都江堰差评
匿名用户,,2分,一般,景色5,趣味2,性价比2,预定的是2.5小时的讲解，实际讲解时间不足2小时，且很无聊，趣味性不好，不要选择携程讲解。,来自订单,IP属地:四川,,,都江堰差评
匿名用户,黄金贵宾,1分,不佳,景色1,趣味1,性价比1,由于堵车不能再闭园前到达，6点闭园，我3点申请的退票。客服联系无果，让我自己沟通。我在你这个平台买的票，为什么让我自己去和景区联系？当时客服回复是只要没核销使用，就可以退。我3点多就开始申请退，也没有使用。到现在都没有给我退，还是让我自己联系景区。非常无语。如果这样的话，在你这个平台买票等都没有售后的保障。,来自订单,IP属地:河北,,,都江堰差评
M25****1783,铂金贵宾,2分,一般,景色2,趣味1,性价比1,和我想象的不太一样吧 感觉水很小 没有那么壮观 总体的话 一般般 不抱希望,来自订单,IP属地:广西,,,都江堰差评
_WeCh****10033,铂金贵宾,2分,一般,景色5,趣味3,性价比2,导游请的最失败的一次，全程也没介绍什么，一直在联系掉队的队员。不知道是因为这个景点可介绍的确实太少还是怎样，感觉很业余。,来自订单,IP属地:广东,,,都江堰差评
长顺骆统,铂金贵宾,1分,不佳,景色1,趣味1,性价比1,人很多也很差，建议大节大假不要去，真是很坑,来自订单,IP属地:四川,,,都江堰差评
_WeCh****059588,铂金贵宾,1分,不佳,景色4,趣味4,性价比1,订单通知，在 P4停车场，从景区出口走到停车场将近20分钟，好不容易赶到了，门口保安说车子在P2停车场，这个时候临近发车还有5分钟，再从P4赶到P2将近要10分钟，这个是在逗我玩吗？？？调整停车场不应该事先通知吗？？？本来一天玩下来就已经很累了，还要如此赶路，真的火气很大，本来开开心心出来玩，遇到这种情况，如果回不了成都，损失有你们承担吗？？？,来自订单,IP属地:安徽,,,都江堰差评
_WeCh****631119,黄金贵宾,1分,不佳,景色5,趣味1,性价比1,临时在携程上找的都江堰讲解导览导游，以为携程能提供一层保障，没想到体验不尽人意。讲解并不详细，讲解内容就像在背课文完成任务，只是为了赚钱，一丝丝传扬都江堰文化的感觉都没有，跟上次朋友介绍的价格相同的导游讲解功底相差太大，预订了1.5小时讲解的到鱼嘴结束，实际时间满打满算1小时10分钟。在秦堰楼上蹭的导游讲的真好，真是天差地别。劝大家谨慎下单，一个原因是想看携程上的导览讲解评价都看不到，其他平台的用户评价显而易见，可以让我们从中选优。另一个原因是付过的讲解费不包含耳机，额外付费15块钱/人，这个价格算下来对标隔壁平台大咖讲解了，不戴耳机就根本听不到讲解，避雷避雷,来自订单,IP属地:四川,,,都江堰差评
隼王-晓明,黄金贵宾,1分,不佳,景色1,趣味1,性价比1,整个下来有上当的感觉，景点没有特色，没有亮点，没有想拍照的景点！20多年在走下坡路！,来自订单,IP属地:江西,,,都江堰差评
日常吃喝,黄金贵宾,2分,一般,景色2,趣味2,性价比2,不建议去都江堰,来自订单,IP属地:广东,,,都江堰差评
M47****8322,铂金贵宾,1分,不佳,景色3,趣味1,性价比1,环境优美但景区管理太差了，建议大家想看选人少的时候来,来自订单,IP属地:内蒙古,,,都江堰差评
M52****9697,铂金贵宾,2分,一般,景色4,趣味1,性价比2,国庆七天假来旅游，广汉三星堆逛完后直接找大巴来到了都江堰，到了广场处感觉比三星堆的人还多，密密麻麻都是人，检票处人太多这也就算了，还没有绿色通道，这点差评，这票价也很不值，太贵了，里面也没什么好看的，风景感觉也就那样，一点也不好耍，下次不想来了，也不推荐来这,来自订单,IP属地:四川,,,都江堰差评
M32****697,黄金贵宾,2分,一般,景色2,趣味1,性价比1,景区居然没有信号，而且人巨多，人员分流管理这块一塌糊涂,来自订单,IP属地:四川,,,都江堰差评
M17****803,铂金贵宾,1分,不佳,景色5,趣味1,性价比1,导游太敷衍了。,来自订单,IP属地:四川,,,都江堰差评
M59****7853,,1分,不佳,景色4,趣味1,性价比1,体验感不好。车还不让到售票口自己走上去，保安还跟吵架似的,来自订单,IP属地:四川,,,都江堰差评
M49****588,黄金贵宾,1分,不佳,景色1,趣味1,性价比1,景区真的很差，路标真是看不懂,来自订单,IP属地:四川,,,都江堰差评
M28****0701,铂金贵宾,2分,一般,景色4,趣味3,性价比3,"过去景点不方便
另外坐缆车花费2.5小时，太耗时间了。",来自订单,IP属地:四川,,,都江堰差评
zhangrui041104,铂金贵宾,1分,不佳,景色1,趣味1,性价比1,平台上定的时候说60岁以上老人免费，到了景区就变成65岁以上了，订的时候系统也不提示，然后在检票口各种等，补票，服务态度一点都不好,来自订单,IP属地:四川,,,都江堰差评
匿名用户,黄金贵宾,1分,不佳,景色1,趣味1,性价比1,订的贵宾区结果位置被人占了，商家没安排只给了个塑料椅子坐最后排，花198结果只提供不到二十的服务,来自订单,IP属地:四川,,,都江堰差评
有腹肌的草莓熊,,1分,不佳,景色1,趣味1,性价比1,人特别多，下雨排队进景区也没有遮阳棚，居然国庆期间闸口还有坏的，不知道提前去修吗？也不知道扩建一下，所有人都堵着排队进去，很让人失望，安澜索桥要排一个小时，下次不会再来了,来自订单,IP属地:四川,,,都江堰差评
M55****749,,1分,不佳,景色1,趣味1,性价比1,反正是很垃圾，最好在景区买，携程就是垃圾,来自订单,IP属地:四川,,,都江堰差评
M42****335,铂金贵宾,1分,不佳,景色1,趣味1,性价比1,laji服务，提前联系不到，联系电话业没有，走的也快，耳机换了2个还是效果差。糟心的,来自订单,IP属地:四川,,,都江堰差评
匿名用户,铂金贵宾,1分,不佳,景色3,趣味1,性价比1,人太多，本来两个半小时的，只有一个半小时结束，过节真没有看到什么，只有人多。不满意,来自订单,IP属地:四川,,,都江堰差评
300****716,铂金贵宾,1分,不佳,景色1,趣味2,性价比2,服务太差,来自订单,IP属地:河北,,,都江堰差评
_CFT0****1208,铂金贵宾,2分,一般,景色4,趣味4,性价比1,没有联系到我们 也没有及时在线上联系 打电话反映情况 全程强调是我们订票的问题 我也承认了我们的电话留错的问题 但是平台不及时联系我们就没有错了吗 客服也挺搞笑的  只能说是没情商 有这样的员工也是你们的福气  反馈是想大家好好解决问题 不是一直推卸责任 一直在说是我们的问题 我们留错电话 前一晚八点之前下单 一直到晚上11点之前都没有在平台联系我们，第二天10:21才给我们发消息 我请问呢 你们携程就是这样处理订单的吗？ 现在只想投诉刚刚来电话的客服，不会办事就好好学习 什么态度？,来自订单,IP属地:四川,,,都江堰差评
_WeCh****500937,铂金贵宾,1分,不佳,景色1,趣味1,性价比1,服务内容表述不清，从哪到哪没有明确表示，坑人,来自订单,IP属地:四川,,,都江堰差评
名品汇『高端潮奢馆』,铂金贵宾,1分,不佳,景色1,趣味1,性价比1,就是一个水利工程，网上宣传有些夸张不实,来自订单,IP属地:广东,,,都江堰差评
匿名用户,铂金贵宾,2分,一般,景色4,趣味2,性价比1,导游讲解很一般，讲解时长也不够,来自订单,IP属地:北京,,,都江堰差评
182****3290,黄金贵宾,2分,一般,景色1,趣味2,性价比2,一是景区门票偏贵，每人80元，不值这个钱，美景应有中华儿女共享。二是景区文物原貌被破坏，岷江鱼嘴左侧有现代化的拦水大坝，让都江堰的功能大打折扣，飞沙堰左侧鱼嘴分水堤修了暗渠，让内江外江联通。但是让导游没法讲了。??????,来自订单,IP属地:陕西,,,都江堰差评
M43****2157,钻石贵宾,2分,一般,景色5,趣味1,性价比1,一条河，什么都没有,来自订单,IP属地:四川,,,都江堰差评
M28****4865,铂金贵宾,1分,不佳,景色2,趣味3,性价比4,景点一般化 不咋滴,来自订单,IP属地:山东,,,都江堰差评
fisherman_zy,铂金贵宾,1分,不佳,景色3,趣味3,性价比1,"大学生票不能在线退，还必须现场窗口退，这规定及其不合理。
我的出游计划有变，咋可能专门跑去现场窗口退？？？",来自订单,IP属地:四川,,,都江堰差评
匿名用户,铂金贵宾,2分,一般,景色2,趣味2,性价比2,导游很不耐烦，影响旅游心情，我们选的一小时讲解，总说接这种单没法讲，推荐坐电瓶车，说到时间讲不完就走，实际到了鱼嘴，讲完还不到一小时。差评。影响心情。,来自订单,IP属地:山东,,,都江堰差评
M31****0918,黄金贵宾,1分,不佳,景色1,趣味1,性价比1,上海身份证不但用不了这个票，还不给退，也没收到挂件,来自订单,IP属地:上海,,,都江堰差评
M30****965,铂金贵宾,1分,不佳,景色3,趣味1,性价比1,"景区可以去，但是这个所谓的金牌讲解非常水，2.5小时最多只讲了1.5小时不到的干货，旅游旺季连默默排队进门半小时和当天都江堰改出口，讲解完后走出去的半个多小时全部计入讲解时长，这就很坑了！带孩子这么多年出去旅游，请过N次私家团的讲解，这是唯一一个这么来计算时长的，而且我们问了夜观“蓝眼泪”的情况，都没有提醒我们南桥在晚上是不开灯的……结果等到晚上8:30也只看到两岸的灯光，导致回成都都已经接近5午夜，体验感极差。
后面的朋友请千万避坑，千万不要拍这个项目。讲解的水平也很初级，我们家初中的小朋友对都江堰历史方面知识储备已经高于了讲解，跟小*书上请的三星堆讲解相比就是天壤之别。",来自订单,IP属地:广东,,,都江堰差评
维维豆奶超,铂金贵宾,2分,一般,景色2,趣味2,性价比2,凉快还可以，爬到山顶发现只能买电梯票才能上去，太**了，都没有在山下提醒,来自订单,IP属地:四川,,,都江堰差评
M61****9510,黄金贵宾,1分,不佳,景色1,趣味1,性价比1,景色  服务 导游很好\,来自订单,IP属地:四川,,,都江堰差评
M22****1424,铂金贵宾,1分,不佳,景色1,趣味1,性价比1,客服欺骗我，我要曝光，去蓝眼泪根本不要门票的,来自订单,IP属地:安徽,,,都江堰差评
匿名用户,,2分,一般,景色3,趣味3,性价比2,我们的服务态度好！但环境堪忧,来自订单,IP属地:四川,,,都江堰差评
匿名用户,,1分,不佳,景色1,趣味1,性价比1,学生票为什么不退，还有这样的霸王要求,来自订单,IP属地:四川,,,都江堰差评
_WeCh****91155,,1分,不佳,景色3,趣味1,性价比1,不想再去的景点，管理很乱，尤其那个离堆公园车站，秩序乱得很，没人管秩序，排队，乱插队，体验感不佳,来自订单,IP属地:四川,,,都江堰差评
公主爱英超,铂金贵宾,2分,一般,景色5,趣味5,性价比1,别的网有优惠价便宜30，呜呜呜，不合适了。都江堰还是很美丽的。,来自订单,IP属地:四川,,,都江堰差评
M30****2358,黄金贵宾,1分,不佳,景色3,趣味1,性价比1,"不知道哪里找的讲解，内容乏味可陈。讲解设备另外租赁，且质量差劲，听不清楚。
都江堰我去过3次，2次请了讲解，这次的讲解知识明显缺乏，感受不到专业。哪里找的人哦",来自订单,IP属地:四川,,,都江堰差评
134****8666,铂金贵宾,1分,不佳,景色5,趣味5,性价比1,"景点本身没有问题。
对讲解感受非常不好，首先是几乎没有什么讲解内容，到一个景点告诉大家这是什么什么，可以拍照了??只是带着走了一圈而已。
其次是讲解结束以后贴心推荐“自家表姐开的”景区外饭店，说是很近，饭后还可以车送到秦晏阁观景10分钟以后再送回景区大门口。其实要坐车走好久，饭店是纯景区高价那种。我们三人点了一条鱼，一个青菜，花了600+。回程时饭店老板和司机都表示说秦晏阁只进不出，去不了的（其实就是不愿意等，后来导游解释说是可以的之类的，已经没心情去了，也不愿意和司机掰扯了）
给大家发一张饭店的*团评价，当时16年的鱼最便宜的是98一斤，现在最便宜的是198和298！",来自订单,IP属地:辽宁,,,都江堰差评
匿名用户,钻石贵宾,1分,不佳,景色1,趣味1,性价比1,非常差，不会再来，1点半到的，订了三间房，2点提供了一间，说其余两间在打扫。中间催促了无数次，直至下午四点半仍未打扫完毕，导致老人小孩无处休息，一直等待。,来自订单,IP属地:广东,,,都江堰差评
匿名用户,,2分,一般,景色2,趣味2,性价比2,不好玩，没什么景色,来自订单,IP属地:四川,,,都江堰差评
匿名用户,铂金贵宾,1分,不佳,景色1,趣味1,性价比1,为了省高速费，有高速不走，走的不知道是乡道还是省道，一个半小时的车程硬是开了两个小时，产品介绍也有意省去车程时间，有欺诈嫌疑，不要购买，避免上当入坑！,来自订单,IP属地:四川,,,都江堰差评
_CFT01****5307824,铂金贵宾,1分,不佳,景色1,趣味1,性价比1,景区脏乱差，不会再去了,来自订单,IP属地:河南,,,都江堰差评
138****4655,铂金贵宾,2分,一般,景色4,趣味4,性价比2,讲解缺乏内容故事性、系统性和趣味性，2.5小时讲解仅从景区大门到鱼嘴，讲解深度严重不足,来自订单,IP属地:四川,,,都江堰差评
M48****0894,铂金贵宾,1分,不佳,景色2,趣味2,性价比1,人多，熊猫难得看不见，不建议暑假去,来自订单,IP属地:湖北,,,都江堰差评
M29****1351,铂金贵宾,1分,不佳,景色1,趣味1,性价比1,没有什么景点像个镇里公园又太商业化门票和物价都太贵.. 不值的去,来自订单,IP属地:菲律宾,,,都江堰差评
wdlin1107,铂金贵宾,1分,不佳,景色3,趣味2,性价比1,不能走回头路，所有工作人员都是引导直接出园，就为了工作人员赶着下班，非常差的体验，希望广大旅游爱好者赶紧避雷。出口交通简直太差了，人车共行险象环生，也没有人管也没有人疏导。绝对不会再来，留下印象简直无法形容。太乱了~工作人员服务太差了，避雷~~避雷~~~当地文旅也应该做出相应措施好好管管了~~印象分值有待提高??????????,来自订单,IP属地:四川,,,都江堰差评
M43****1635,铂金贵宾,1分,不佳,景色1,趣味1,性价比1,废，贵，烂，热,来自订单,IP属地:吉林,,,都江堰差评
乖乖小媚,铂金贵宾,1分,不佳,景色1,趣味1,性价比1,人多管理乱没有什么景色，还是看个纪录片吧不值得一去。,来自订单,IP属地:浙江,,,都江堰差评
匿名用户,铂金贵宾,1分,不佳,景色3,趣味1,性价比1,管理太混乱，鲤鱼沱大桥因为修有轨电车活生生变成瓶颈，结果电车也不到景区门口，所以电车上基本没人，大部分人还是靠开车，这个设计不知道是怎么想的，进来的路糟糕得要死，人行道都没有，走在路边胆战心惊的，结果到了里面两座钢索桥成了瓶颈，半个小时都过不去，上山下山各种路标缺失，再加上道路设计反人类，导致想出去的人出不去，进来的人又进不来，还号称景区接待能力6万人，真不知道怎么想的，白白瞎了这么好的一个景区，只顾着各种收钱，就没有想过提升下旅游体验，收钱没问题，但是不能牺牲体验呀，哎，李冰父子要是知道这么拉垮的也该气晕了。,来自订单,IP属地:四川,,,都江堰差评
匿名用户,黄金贵宾,1分,不佳,景色1,趣味1,性价比1,差，实在是差，演员不专业，演出时在台上互相讲话嬉笑，对观众不尊重，实际演出和官网介绍不一致，压痕没看到威亚的部分，也不会推荐给身边朋友！,来自订单,IP属地:湖南,,,都江堰差评
匿名用户,铂金贵宾,1分,不佳,景色2,趣味2,性价比1,没有任何服务，再不来了,来自订单,IP属地:贵州,,,都江堰差评
匿名用户,铂金贵宾,1分,不佳,景色2,趣味1,性价比1,不值得去游览,来自订单,IP属地:四川,,,都江堰差评
M31****8073,铂金贵宾,1分,不佳,景色4,趣味1,性价比1,景区的导游特别差，明码标价一个导游300元，但是他们不执行，愣是要每个游客40元，所有导游都去拉客，然后集中起来让一个导游带队，马马虎虎应付一程，纯粹为了利益。,来自订单,IP属地:江苏,,,都江堰差评
320****942,铂金贵宾,1分,不佳,景色1,趣味1,性价比1,非常非常差的一次体验，在携程买了两个大人的和一个孩子的票，竟然被分到了两家旅游公司，其中一家旅游公司来电话说，我们只有孩子的订单，成人的订单我们没有不能单独接待孩子，让去找携程处理，另一家旅游公司来电话，只有两个成人的订单，没有孩子的订单。弄得很乱，携程客服迟迟也无法回复，2点就要入园了，客服回复2点才能给处理，这不是闹着玩吗？这次体验太差,来自订单,IP属地:辽宁,,,都江堰差评
zqw715,钻石贵宾,1分,不佳,景色1,趣味1,性价比1,这是近几年租到的最差导游，说话吐词都不清，找个小孩来介绍。携程的平台真要换换了！,来自订单,IP属地:河南,,,都江堰差评
匿名用户,黄金贵宾,1分,不佳,景色2,趣味2,性价比1,这个剧场应该是我去看过舞台剧服务比较差的，其他看过的自己可以对比一下，没必要在这里看，vip票更没必要买，空间很小，除非你排到中间前排的票，不然哪个位置都差不多，全被挡住，小朋友更看不到，体验感差。,来自订单,IP属地:四川,,,都江堰差评
匿名用户,黄金贵宾,1分,不佳,景色1,趣味1,性价比1,没什么。记忆点,来自订单,IP属地:四川,,,都江堰差评
匿名用户,,1分,不佳,景色1,趣味1,性价比1,解说根本没有2.5小时，也就连走再说1小时。80元一位的讲解一点都不值，希望以后购买讲解的不要上当受骗。,来自订单,IP属地:四川,,,都江堰差评
上善若水荀文若,铂金贵宾,1分,不佳,景色5,趣味1,性价比1,川剧变脸真不错，其他表演催眠,来自订单,IP属地:四川,,,都江堰差评
M43****1635,铂金贵宾,1分,不佳,景色2,趣味1,性价比1,太破太贵坑人,来自订单,IP属地:四川,,,都江堰差评
杰格德尔布尔易牙,铂金贵宾,1分,不佳,景色1,趣味1,性价比1,我最开始还以为是和拜水都江堰差不多的表演，结果大失所望，就在茶馆里面跑跑龙套，真没看头，不推荐这个，还是期待之前的拜水都江堰重新开放,来自订单,IP属地:重庆,,,都江堰差评
M25****374,钻石贵宾,1分,不佳,景色3,趣味3,性价比1,摆渡车并未告知付费，体验非常差，等待25分钟，坐车很短，导致时间拖长。,来自订单,IP属地:上海,,,都江堰差评
_WeCh****18648,钻石贵宾,2分,一般,景色5,趣味2,性价比2,感觉过程非常凑付，讲的也很一般，只是到景点简单说说，更别说什么趣味性了，耳机质量也很差，听不清楚,来自订单,IP属地:四川,,,都江堰差评
M31****341,,2分,一般,景色4,趣味3,性价比1,平台下单包团讲解，到了景区导游说，旅游公司服务包不含耳麦，喊加钱，第一次遇斗这种服务包，牛*,来自订单,IP属地:四川,,,都江堰差评
_WeCh****831304,黄金贵宾,1分,不佳,景色5,趣味5,性价比1,景区很大，看的内容很多。很漂亮，有历史气息。但是，周边环境太差了，是真的太差了！收这么多钱**干啥去了，停车的地方，住宿的地方，人行的地方。完全匹配不上都江堰这个世界文明的景区，南桥的那家餐厅，脏乱差凶贵，我们一家人进去以为进了黑店，外地的不敢说。丢脸啊，整个都江堰的脸都被丢尽了！望政府的行为起来。发挥都江堰的强大名片效应！绝对真实感受！,来自订单,IP属地:四川,,,都江堰差评
M25****1260,铂金贵宾,1分,不佳,景色1,趣味1,性价比1,身体够高，年龄8岁，强行收取门票，四川的景区一个通病，掉进钱眼里了。,来自订单,IP属地:山东,,,都江堰差评
追梦人19840909,黄金贵宾,1分,不佳,景色1,趣味1,性价比1,风景不错，但是宰客厉害！千万不要听景区导游的，把我们带到一家农家乐去吃饭，2大1小3个人吃了条鱼，花了700多！真的是坑人！,来自订单,IP属地:陕西,,,都江堰差评
M25****6786,黄金贵宾,1分,不佳,景色1,趣味1,性价比1,要说景区没得说，这个上善都江堰就算咯**的不能再**了，还是买个景区门票就行,来自订单,IP属地:四川,,,都江堰差评
小飞侠12345888,铂金贵宾,1分,不佳,景色1,趣味1,性价比1,乱七八糟，相当差，最次的景区,来自订单,IP属地:四川,,,都江堰差评
118****355,黑钻贵宾,1分,不佳,景色1,趣味1,性价比1,没有服务，导游人都找不到，自己还要重新买票，找导游,来自订单,IP属地:四川,,,都江堰差评
马克多夫齐泰,铂金贵宾,1分,不佳,景色1,趣味1,性价比1,很明显拼凑感，总共45分钟，不值这个价，只有最后变脸有个看点，前面十几分钟吆喝卖东西感觉就是浪费时间,来自订单,IP属地:四川,,,都江堰差评
M78****1341,黄金贵宾,2分,一般,景色3,趣味4,性价比1,"买了贵宾座，而且是提前一天定的票，座位安排不值这个票价！
这个位置虽然居中，但是第八排，孩子一直说看不到，前排的大哥可能是听到了，一直“出留着”往下坐，感觉是给孩子腾出空间看演出，感谢这位白衣大哥了。幸好后面的表演，尤其是变脸，很精彩，拯救了我们的心情。上善若水！",来自订单,IP属地:四川,,,都江堰差评
名品汇『高端潮奢馆』,铂金贵宾,1分,不佳,景色3,趣味1,性价比1,没啥玩的，景区服务特别差,来自订单,IP属地:四川,,,都江堰差评
老兵宾,铂金贵宾,1分,不佳,景色1,趣味1,性价比1,为什么歧视上海身份证？一定要加表演和包团？否则单买门票就不行！！！,,IP属地:四川,,,都江堰差评
151****6549,铂金贵宾,1分,不佳,景色4,趣味1,性价比1,目前成都之旅，遇到的最不值的一个导游。反而花钱最多。链接说2.5小时，见面跟我们说只有1.5小时。以为我没做功课。然后耳麦说不含在内，15/个人，我们包团。不含耳麦也挺有意思的。当时觉得也能理解。讲得好也就算了。但是因为讲的很不好，我连耳麦钱都后悔给。旅游来来回回那么多城市，每到一个景点都会请导游。还是第一次遇到公开平台请了之后不对版的。下次再也不在携程请讲解了。**请的讲解都很不错。,来自订单,IP属地:四川,,,都江堰差评
M67****69,铂金贵宾,1分,不佳,景色3,趣味1,性价比1,体验感极差！下山索道排了两小时,来自订单,IP属地:四川,,,都江堰差评
洪砖头,铂金贵宾,2分,一般,景色5,趣味1,性价比1,景点不错，讲解很枯燥，还不如纪录片里说的好,来自订单,IP属地:四川,,,都江堰差评
M51****2175,黄金贵宾,1分,不佳,景色5,趣味2,性价比3,不值得不值得,来自订单,IP属地:四川,,,都江堰差评
_CFT01****1480037,铂金贵宾,1分,不佳,景色1,趣味1,性价比1,付了讲解费后，到现场讲解员说耳机还要自己掏钱，一个人30元，真坑，真坑,来自订单,IP属地:四川,,,都江堰差评
匿名用户,铂金贵宾,2分,一般,景色5,趣味2,性价比2,讲解很拖沓，讲原理逻辑不清楚，无关内容多。定的2:00讲解推迟到2:30，给的理由是避开高峰，其实人更多。讲解结束还要纠缠给五星好评。,来自订单,IP属地:四川,,,都江堰差评
匿名用户,铂金贵宾,1分,不佳,景色3,趣味1,性价比1,演出太差了 不值得看 感觉像推销演出,来自订单,IP属地:四川,,,都江堰差评
M28****701,钻石贵宾,1分,不佳,景色1,趣味1,性价比1,不咋地儿，国内去过的算是差的景点了，做浏览摆渡车那是个啥，排队两小时，坐车从东拉到西完事儿，就十分钟，景区里上百个讲解员，素质低，拉活的模式堪比站街，问你要是不用讲解立马翻脸，嘴里嘀咕着有的没的，我家里人给她们一顿臭骂，出来时走了一个小时因为景区就这么设计必须从商业街出，出租车就在前方等你，等你多给他们钱，因为网约车不让进，总之真的不如附近的熊猫谷，环境优雅干净有规章制度，这个都江堰真的不建议去游玩。,来自订单,IP属地:河北,,,都江堰差评
敏儿敏之,黑钻贵宾,1分,不佳,景色1,趣味1,性价比1,购买了门票和讲解，到了景区门口却进不去，简直太差了，大无语事件,来自订单,IP属地:四川,,,都江堰差评
M23****7654,黄金贵宾,2分,一般,景色5,趣味2,性价比2,都江堰环境不错，导游水跨跨的，随时想跑,来自订单,IP属地:四川,,,都江堰差评
M75****2830,黄金贵宾,1分,不佳,景色1,趣味1,性价比1,不好不好不好,来自订单,IP属地:四川,,,都江堰差评
M50****3577,黄金贵宾,1分,不佳,景色5,趣味4,性价比1,景区观光车太坑了！！！上去的时候还好，排队时间不长，买的往返，下来的时候一个小时才排到，太耽误时间了！恶心,来自订单,IP属地:四川,,,都江堰差评
匿名用户,黄金贵宾,1分,不佳,景色1,趣味1,性价比1,很多内容都没讲。体验不好。有的景点不问都不进。携程太差了，不如在别的平台上面找的，知识面太少了，一问三不知。不会在这上面找导游了,来自订单,IP属地:辽宁,,,都江堰差评
185****3102,黄金贵宾,1分,不佳,景色1,趣味1,性价比1,好吧，我看九寨沟的千古情的时候，我觉得世界上不会有比这个更烂的了，看了都江堰之后，发现是真的有，这弄得什么玩意啊，烂出个境界来了,来自订单,IP属地:四川,,,都江堰差评
匿名用户,铂金贵宾,1分,不佳,景色1,趣味1,性价比2,插队现象严重，景区毫无管理，险些发生肢体冲突，给成都抹黑。,来自订单,IP属地:四川,,,都江堰差评
M28****454,铂金贵宾,1分,不佳,景色1,趣味1,性价比1,服务差，有具体发车时间和发车的车牌号，竟然说找不到具体哪辆车哪个司机,来自订单,IP属地:四川,,,都江堰差评
匿名用户,黑钻贵宾,2分,一般,景色3,趣味2,性价比1,"1.景区大门附近有野生导游拉私活
2.做电瓶车的人多且存在插队现象，最主要的是景区管理人员不作为
3.枯水期，水位不高，不好看没意思
总结不推荐游玩，就是一个大公园",来自订单,IP属地:四川,,,都江堰差评
M28****750,铂金贵宾,2分,一般,景色2,趣味3,性价比2,景点都是忽悠，全国都一样。,来自订单,IP属地:云南,,,都江堰差评
匿名用户,铂金贵宾,1分,不佳,景色1,趣味1,性价比1,根本不是官方讲解，收费不比官方便宜多少，希望大家不要被骗了。建议大家不要买。是携程派单给商家，大家不要被骗了,来自订单,IP属地:四川,,,都江堰差评
匿名用户,钻石贵宾,1分,不佳,景色1,趣味1,性价比1,怎么耳机还收费啊。提前也不说要收费。,来自订单,IP属地:四川,,,都江堰差评
M29****9655,铂金贵宾,1分,不佳,景色1,趣味1,性价比1,直通车上车点写错 提前半小时到达 没找到车 客服无法解决 且无法退款,来自订单,IP属地:四川,,,都江堰差评
M28****2051,,1分,不佳,景色1,趣味1,性价比1,VIP 票居然放在后面很多排，而甲票在前几排，观感十分差，十分差，十分差，十分差，十分差，十分差，十分差，十分差，十分差，十分差，十分差，十分差，十分差，十分差，十分差，十分差，十分差，十分差，十分差，十分差，十分差，十分差，十分差，十分差，十分差，十分差，十分差，十分差，十分差，十分差，十分差，十分差，十分差，十分差，十分差，十分差，十分差，十分差，十分差，十分差，十分差，十分差，十分差，十分差，十分差，十分差，十分差，十分差，十分差，十分差，十分差，十分差，十分差，十分差，十分差，十分差，十分差，十分差，十分差，十分差，十分差，十分差，十分差，十分差，十分差，十分差，十分差，十分差，十分差，十分差，十分差，十分差，十分差，十分差，十分差，十分差，十分差，十分差，十分差，十分差，十分差，十分差，十分差，十分差，十分差，十分差，十分差，十分差，十分差，十分差，十分差，十分差，十分差，十分差，十分差。,来自订单,IP属地:四川,,,都江堰差评
匿名用户,黄金贵宾,1分,不佳,景色1,趣味1,性价比1,因为堵车导游走了没使用，建议不要在网上订，都江堰太堵了，现场有很多导游,来自订单,IP属地:四川,,,都江堰差评
匿名用户,钻石贵宾,1分,不佳,景色1,趣味1,性价比1,不值得，位置是平面，不是阶梯的,来自订单,IP属地:四川,,,都江堰差评
g1720,铂金贵宾,1分,不佳,景色1,趣味1,性价比1,"成人票可以全额退，学生票不能退，不能理解。
优惠了就不退了。",来自订单,IP属地:四川,,,都江堰差评
M59****243,黄金贵宾,1分,不佳,景色1,趣味1,性价比1,擅自修改了上车点，并且没有任何的通知，让我们在外面多走了两个小时的路并且没有任何的道歉表示,来自订单,IP属地:四川,,,都江堰差评
M40****9653,黄金贵宾,1分,不佳,景色4,趣味4,性价比1,"景点很好，客服一般，总体*，说的p4停车场p4
停车场没有车，后面又说去p2停车场，也没有车要不是路上试着想原路返回一下看能不能看到车，不然回都回不去了，客服发的电话都联系不到，只会一直说抱歉抱歉，旅游一天心情是不错的，回去的好心情全被这搞乱了",来自订单,IP属地:四川,,,都江堰差评
M50****0949,,1分,不佳,景色1,趣味1,性价比1,售票员咨询态度撇答非所问没回答完就让我走,来自订单,IP属地:四川,,,都江堰差评
M28****3067,,1分,不佳,景色1,趣味1,性价比1,。。。。。,来自订单,IP属地:广东,,,都江堰差评
匿名用户,,1分,不佳,景色1,趣味1,性价比1,开演前收到短信说在鱼嘴附近，对不熟悉的外地人来说肯定就导航鱼嘴了，结果导到了都江堰出口下车，一路跑到了剧场，上山下山跑了半个小时！全家！！剧本身也不值得看，没什么新颖的，跟昨天看的梅花剧社完美重叠，舞台设在地面上，除了第一排后面皆看不到演了个啥，钱白花还累够呛，避雷！,来自订单,IP属地:四川,,,都江堰差评
佯洋杨,黄金贵宾,1分,不佳,,,,景区电话联系打几天都打不通。。。,,IP属地:四川,,,都江堰差评
匿名用户,铂金贵宾,2分,一般,景色2,趣味2,性价比2,班车要等很久。人特别多。我4/19号 工作日去的还是很多很多人。到处大喇叭??广告 没有优美的音乐什么的。体验感差。不推荐。想看水坝不用买票 看门口的反而更有气势。,来自订单,IP属地:四川,,,都江堰差评
M39****866,铂金贵宾,1分,不佳,景色1,趣味1,性价比1,一般 没什么风景  不推荐。价格高,来自订单,IP属地:辽宁,,,都江堰差评
_m13****8923,铂金贵宾,1分,不佳,景色1,趣味1,性价比1,差评是给这个上善都江堰的，极不划算，别在携程买，现场没啥人看，小孩还送票，现场打折，88可以带一个小孩，即使占位置，我花了210块，还不如现场88的还送盖碗茶，所以结论就是别在携程买,来自订单,IP属地:四川,,,都江堰差评
匿名用户,黄金贵宾,1分,不佳,景色1,趣味1,性价比1,非常差，不允许退票，人又很多，大太阳，排队二三十米进园，非常不推荐去，人太多，排队太长了不想去，结果不允许退票，只有哑巴吃黄连,来自订单,IP属地:四川,,,都江堰差评
M68****5836,黄金贵宾,1分,不佳,景色5,趣味2,性价比1,说实话，水少，一点参观的意义都没有，去了就是看到两条岷江西流在流淌，雄伟壮观绝对没有，而且门票价格太高了,来自订单,IP属地:黑龙江,,,都江堰差评
NeverGiveup6,铂金贵宾,1分,不佳,景色5,趣味5,性价比1,非常差的一次体验，当日早上按照导游去指定地点停车，那边车停不进去，车子只能停在景区的马路边，耽误了十分钟进景区，我在群里反馈说晚个几分钟，群里不回信息，也联系不上导游，等了快二十分钟左右，群里说已经在讲解了，我们想着先进景区后是否能够联系上导游，结果刷身份证进不去景区，我就赶紧联系客服，一开始先电话联系客服，联系了几次之后，客服说系统有问题，我说不等了，看能否退票，我重新购票，电话里客服说扣10%的服务费，我说同意，我问了很清楚连门票一起退，我自己重新购票进景区，我又继续发信息联系客服之后，我就重新买了两张门票进景区，现在门票钱却又一分钱不退，我自己多花了两张门票钱。商家真的是无语,来自订单,IP属地:四川,,,都江堰差评
M47****7122,黄金贵宾,1分,不佳,景色1,趣味1,性价比1,破地方要八十一个人浪费160,来自订单,IP属地:四川,,,都江堰差评
M18****830,铂金贵宾,2分,一般,景色2,趣味2,性价比2,很失望，没有性价比可言，还不如在南桥看看夜景,来自订单,IP属地:浙江,,,都江堰差评
M37****8586,黄金贵宾,1分,不佳,景色4,趣味3,性价比1,买了挂件不发货？,来自订单,IP属地:四川,,,都江堰差评
_WeCh****58216,黄金贵宾,1分,不佳,景色3,趣味3,性价比2,不值票价，景区太无聊了，真不如看看免费南桥。然后顺着江一路逛逛。最好晚上去看南桥,来自订单,IP属地:云南,,,都江堰差评
夏无无得,铂金贵宾,1分,不佳,景色1,趣味1,性价比1,非常差！在规定的时间到达景点，一直联系不上讲解导游，全程带着家人在客流量巨大的景点，闲逛-电联讲解员-赶返程中焦虑中度过，最后因为人流量、等待联系讲解员，拉长了时间，只得匆匆结束赶返程，如此狼狈到尾声的时候，讲解员来电话了，让我们返回，帮我们讲解，这个时候已经耽误了很多时间，赶返程，到火车站都已经来不及，未在时效内及时提供服务，携程与第三方沟通协调不下三次都无果，简直就是劣质商家！有理碰到如此不讲理的商家，恶心到家。,来自订单,IP属地:江西,,,都江堰差评
M17****546,钻石贵宾,2分,一般,景色3,趣味2,性价比2,景色一般，就一条河，景区里的东西贼贵！解说要150，挺贵的，没点，反而都江堰的大熊猫基地特别好，性价比特别高！,来自订单,IP属地:广东,,,都江堰差评
_WeCh****054654,黄金贵宾,1分,不佳,景色1,趣味1,性价比1,此差评针对携程平台。搞个破旅行家每月领券，结果总用不了，预定失败，不愿意让利就直说，搞这些破事儿，大家千万别买超级旅行家，垃圾券包,来自订单,IP属地:黑龙江,,,都江堰差评
匿名用户,铂金贵宾,2分,一般,景色2,趣味2,性价比2,越来越差，这不叫都江堰景区，改名叫都江堰商业街一日游，成都最坑的景点！不配那80元门票,来自订单,IP属地:江苏,,,都江堰差评
139****7779,钻石贵宾,1分,不佳,景色1,趣味1,性价比1,性价比很底。景区内的接驳车开的太快，给我感觉就是行人应该要让接驳车。对比熊猫基地的接驳车，都江堰景区工作人员的意识还有待提高。,来自订单,IP属地:浙江,,,都江堰差评
匿名用户,铂金贵宾,1分,不佳,景色1,趣味1,性价比1,买票时没有车牌号，却被撵下车,来自订单,IP属地:四川,,,都江堰差评
M18****088,钻石贵宾,1分,不佳,景色1,趣味1,性价比1,商品本来就有很大问题！服务跟不上导致没有用也不肯退回讲解费！根本没有服务可言，出了问题像踢皮球一样踢来踢去！体验太差了！,来自订单,IP属地:广东,,,都江堰差评
匿名用户,钻石贵宾,1分,不佳,景色5,趣味1,性价比1,订单包含付费讲解2.5小时，实际体验1小时匆匆结束，导游没有契约精神，组织不合理，协调沟通不畅，不建议购买！,来自订单,IP属地:甘肃,,,都江堰差评
kevinyangshu,黄金贵宾,1分,不佳,景色1,趣味1,性价比1,2月14日大年初五去的都江堰景区。一行三人从秦堰楼入口进，光进景区排队就等了半小时。三点十分到的安澜桥准备过桥看演出，排队的人那是人山人海啊，看到那个场面我就担心赶不上演出，联系携程客服想退票，客服说跟景区联系说不让退，说是已经预留了我们的座位，这点我能理解。问题是景区没有尽到告知义务啊，没有提醒过桥排队要一个多小时啊。而且当天那么多人，即便我们的票退掉了，也会很快卖给那些现场购票的的人，根本不愁卖不出去。再说当天那么多人那么堵，肯定不止我们没赶上演出，难道景区会让座位空着而不卖给现场购票的？做人不能太没良心啊！当天我们过完桥都4点半了，终生难忘，再也不会去了！,来自订单,IP属地:湖南,,,都江堰差评
匿名用户,,1分,不佳,景色1,趣味1,性价比1,日程有变，没去，还以为自动退票，字写那么小谁能看见啊，一肚子火，六百块钱打水漂,来自订单,IP属地:安徽,,,都江堰差评
135****6701,铂金贵宾,1分,不佳,景色1,趣味1,性价比1,商家恶心到极致！从杭州到四川专门提前订票都江堰演出，早上想跟商家确定地址是否正确，打电话2分钟无人接听，自动挂断。然后满怀期待的携带一家老小，按照携程页面上地址直接点击导航过去，开车两小时。结果定位是错的，看不到演出，要求退票，至今未退，还未得到道歉！更恶心的是：由于我的不停投诉，现在他们的页面上地址旁边没有导航两个字，改成了地图。,来自订单,IP属地:浙江,,,都江堰差评
匿名用户,铂金贵宾,1分,不佳,景色3,趣味1,性价比1,二王庙那里其实有两个入口，相隔几十米，第一个入口排晒长龙，塔里面更是人满为患，举步维艰！景区工作人员都不提醒游客分流进入，估计是希望游客多帮衬塔里面的消费！,来自订单,IP属地:广东,,,都江堰差评
M32****092,黄金贵宾,1分,不佳,景色1,趣味1,性价比1,垃圾中的垃圾，这么大的景区没有多少个工作人员，《上善都江堰》一个提示的指示牌都没有，问了所有工作人员在哪里看演出，个个说不知道。打电话去景区，接电话的人说景区没有演出叫我联系平台。后来平台确认是有演出，叫我去这去那，票又不让退，大家千万不要买～这是坑，大坑～这是最垃圾的表演票～,来自订单,IP属地:四川,,,都江堰差评
匿名用户,黑钻贵宾,1分,不佳,景色5,趣味1,性价比1,游览耳机竟然还要额外收费一人20，小孩不想戴耳机，竟然说掏出来就要收费,来自订单,IP属地:四川,,,都江堰差评
_CFT01****8855774,,2分,一般,景色2,趣味2,性价比2,不好玩，排队多，景色没什么特别的,来自订单,IP属地:重庆,,,都江堰差评
M23****295,钻石贵宾,1分,不佳,景色1,趣味1,性价比1,不去为什么不退，腿坏了还有时间？,来自订单,IP属地:四川,,,都江堰差评
_CFT****51280,黄金贵宾,2分,一般,景色2,趣味2,性价比4,住在靠小区里面的房间，5点钟就被吵醒了,来自订单,IP属地:四川,,,都江堰差评
M27****1523,铂金贵宾,2分,一般,景色4,趣味3,性价比1,景区管理欠缺，建议景区给各个点位出一个讲解，增加体验值,来自订单,IP属地:四川,,,都江堰差评
匿名用户,铂金贵宾,2分,一般,景色2,趣味1,性价比1,基础没施缺失，服务差，交通混乱，服务跟不上，整个景区乱哄哄的。,来自订单,IP属地:安徽,,,都江堰差评
匿名用户,,2分,一般,景色2,趣味2,性价比1,定单上没有导游联系电话，到了景区门口人山人海，根本找不到，到了指定时间，在景区门口也没看到，也没有人联系我，有点无语。,来自订单,IP属地:广东,,,都江堰差评
bing****ege,铂金贵宾,1分,不佳,景色5,趣味1,性价比1,"久负盛名的地方，但，第一次到访，体验感很差（纯自助游，跟团游可跳过）。
具体如下，
1，线上联系不方便。
景区客服中心电话，网上查不到，查不到！查到的也打不通，度娘都没有正解，现在提倡的大数据时代，貌似这里我们没有感受到。想咨询、想退票都无法。
至少没有清晰的网上预订票的介绍，说明，提示，景区人数动态信息。相比较贵州黄果树景区大数据管理，体验感差的不是一点半点。
2，通往安澜索桥等交通关键点通行管理不科学。
景区索桥排队时间长、太长。不是一般的长，上下山原本就很累了，还要站着排队几个小时，无论是东北门进入还是南门进入，不管是先下山过桥还是过桥再上山，20-30岁小伙子转一圈下来，都喊遭不住哦！
建议排队就排单排，双向鱼贯而过，不要扎堆，保障大家都在走，三四人一排，看似队伍不长，但是通过效率太低。
3，景区内外部人车管理不科学。
自驾游停车难、客流疏导不科学。
都江堰原本就是依山而建的5A级景区，但是周边人车混行，单向通行管制少，上下客不方便，停车难，自驾车体验很差。与其这样半开放式管理，不如适当予以集中封闭管理，统一设置景区内部交通，除滑杆自费外，剩余景区内外各点到游客中心停车场，均采用景区电瓶车，凭身份证免费乘坐，对于年轻人，老弱病残孕等，丰俭由人。
4，水利科普严重缺位。
作为古今闻名的水利枢纽设施，仅有的水利文化馆，内容几何？，科学价值几何？，科普意义几何？这么大人流，这么多青年人，未成年，水利文化缺位啊！！
5，景区宏观的服务管理欠缺。
如，没有总体游览图。",,IP属地:四川,,,都江堰差评
187****6867,钻石贵宾,1分,不佳,景色3,趣味1,性价比1,下单预定的是2.5小时的讲解，实际仅讲解1个小时，然后导游说剩下的1.5小时是陪同往返走路的，在携程预定了多次讲解服务，这是最最最最最差的一次，没有之一，仅有唯一，强烈建议携程把这种无良商家清除出平台，简直是影响携程的整体,来自订单,IP属地:四川,,,都江堰差评
大江大河我要去看一看,铂金贵宾,1分,不佳,景色1,趣味1,性价比1,真的是被携程和*****恶心到了，支付了讲解费用，结果到了讲解处告诉我不可以，让我找携程，互相推诿，**,来自订单,IP属地:四川,,,都江堰差评
小袋鼠小老鼠,钻石贵宾,1分,不佳,景色1,趣味1,性价比1,人挤人，过桥排队要 3 小时，表演都看不到,来自订单,IP属地:四川,,,都江堰差评
匿名用户,铂金贵宾,1分,不佳,景色4,趣味3,性价比1,真对不起这5A级的名声。一路上的路线图真不知道是什么人设计的，看的一头雾水，总是看到一堆人围着研究半天，而且路线图有的已经破旧模糊了，也不及时更换。另外，非要把停车场搞的那样远，而且还要花每人20元坐观光车到山门，不会再推荐朋友来这里，你不尊重游客，游客为啥要来支持你。,来自订单,IP属地:四川,,,都江堰差评
匿名用户,铂金贵宾,2分,一般,景色4,趣味3,性价比2,一般，人太多了，导游也没跟完两岸，说话也听不太清,来自订单,IP属地:四川,,,都江堰差评
M25****9428,黄金贵宾,1分,不佳,景色4,趣味1,性价比1,"买了门票加演出票，结果进门后，问了好多人，包括服务人员，竟然不知演出地点。按给的导航走，竟然不是的，没看成，还没法退票。
门票加演出票，慎买！",来自订单,IP属地:四川,,,都江堰差评
,,1分,不佳,景色1,趣味1,性价比1,这个破地方景色非常一般，说是耍人文，结果景区管理差的要死，各种堵塞，出景区吃饭也是一样拥堵，整个行程基本靠走，停车不是一般的困难！这破地方下次给我钱我也不来，结果2大1小门票200，人文讲解120，但都是狗屎,来自订单,IP属地:四川,,,都江堰差评
大江大河我要去看一看,铂金贵宾,2分,一般,景色4,趣味1,性价比1,千万不能买这个套票，讲解是散拼一定都不好,来自订单,IP属地:四川,,,都江堰差评
,,1分,不佳,景色1,趣味1,性价比1,太差太差太差,来自订单,IP属地:四川,,,都江堰差评
M44****6393,铂金贵宾,1分,不佳,,,,堵死了，调度分流完全跟不上，交警还不让进路口，只能坐黑车上，赶紧倒闭,,IP属地:四川,,,都江堰差评
匿名用户,黄金贵宾,2分,一般,景色5,趣味3,性价比1,景区无序化管理 秦宴楼入口进出人员相互拥挤 进景区一验票小时 进来下到景区一小时 过桥两小时 太没有体验感了 差评,来自订单,IP属地:四川,,,都江堰差评
,,1分,不佳,景色1,趣味1,性价比1,就是来看人，排队做观光车50分钟，走路都只要20分钟。也没人引导一下队伍过长，排队不划算，就给你排着赚那个观光车费吗。5A真没啥意思。还80门票，真对不起这门票钱。也没啥可玩的。不推荐，没几分钟就逛完了,来自订单,IP属地:四川,,,都江堰差评
,,1分,不佳,景色1,趣味1,性价比1,没什么可玩的,来自订单,IP属地:四川,,,都江堰差评
匿名用户,铂金贵宾,2分,一般,景色4,趣味2,性价比1,特意买的两个半小时讲解 实际讲解一个半小时都不到 多次确认我下的两个半小时的单 讲解一直说景点很小 一个小时足够  非常不值 讲解很敷衍 潦草  都江堰景点本身很值得来,来自订单,IP属地:江苏,,,都江堰差评
203****100,铂金贵宾,1分,不佳,景色4,趣味4,性价比3,自己包团导游，已经多次确定时间，临时进行导游替换，不同意更改后导游让我们多等了近40分钟。非常差的一次体验。建议大家擦亮选择携程代理的旅行社。,来自订单,IP属地:四川,,,都江堰差评
,,1分,不佳,景色4,趣味1,性价比1,两个半小时的讲解，一个小时完事，帮买景区的小交通还加价了，自己买的15往返，帮买15单程，不好,来自订单,IP属地:四川,,,都江堰差评
匿名用户,黄金贵宾,1分,不佳,景色1,趣味1,性价比1,因临时有事不能去了，平台退不了票，白白损失了,来自订单,IP属地:四川,,,都江堰差评
tim****5765,铂金贵宾,1分,不佳,景色1,趣味1,性价比1,携程靠抢劫诈骗发家致富！,来自订单,IP属地:浙江,,,都江堰差评
匿名用户,,1分,不佳,景色1,趣味1,性价比1,不值得千万不要去，宣传的夜景只有南桥，景区5点半就闭园，景区东西很贵,来自订单,IP属地:四川,,,都江堰差评
M43****4367,,1分,不佳,景色1,趣味1,性价比1,性价比不高,来自订单,IP属地:湖南,,,都江堰差评
博博ovo。,铂金贵宾,1分,不佳,景色1,趣味1,性价比1,不好玩没意思 纯浪费时间，并且门口一堆黑导游很不满意 一点看不出五星景区,来自订单,IP属地:四川,,,都江堰差评
匿名用户,铂金贵宾,2分,一般,景色5,趣味2,性价比2,原本为了更好的体验特地订了一个贵的VIP小团2.5小时讲解，结果全程半小时结束。一路上匆匆忙忙，带我们坐了景区游览车，结束时候还收了钱。半小时就讲了半边景区。我们自己从鱼嘴过桥以后发现从秦堰楼进来的讲解景区全部景区都会讲解。景区是值得看，但是花了更高价钱却没有享受到更好地服务，太减分了。,来自订单,IP属地:陕西,,,都江堰差评
匿名用户,黄金贵宾,1分,不佳,景色1,趣味1,性价比1,"一如途中某个导游说的：这儿的工作人员拿的是死工资，到点就下班，厕所都卷帘门拉上！
事实正是如此，外加天黑沿途无照明路灯！
多数都是后造的人工景点，看着就没美感，，，宝瓶口和鱼嘴2个水利景点相对较好的拍摄位置，都被景区卖给了私人拍摄小店。

80元门票，景点风景最多5元，剩下的都是情怀。
最差的5A景点，没有之一！",来自订单,IP属地:江苏,,,都江堰差评
匿名用户,铂金贵宾,2分,一般,景色3,趣味3,性价比3,果真套餐都…,来自订单,IP属地:上海,,,都江堰差评
一个人的路在路灯,黄金贵宾,1分,不佳,景色4,趣味1,性价比1,纯垃圾，没入园到期了门票还不给退。。。。。。。。。。。。。。。。。。。。。。。。。。。。。。。。。。。。。。。。。。。。。,来自订单,IP属地:河北,,,都江堰差评
小胖,钻石贵宾,1分,不佳,景色5,趣味5,性价比1,携程上明确注明2.5小时，而我们从停车场到景点结束正好一小时。,来自订单,IP属地:四川,,,都江堰差评
M54****2790,,1分,不佳,景色1,趣味1,性价比1,不给退票。。,来自订单,IP属地:四川,,,都江堰差评
李楠的评论,黄金贵宾,2分,一般,景色3,趣味2,性价比3,没什么意思,来自订单,IP属地:重庆,,,都江堰差评
201****126,铂金贵宾,2分,一般,景色2,趣味2,性价比2,周润发我们的发哥是不是去了都江堰啊！好像遇到了呢，他手帕是蓝色的毛巾帕，掉地上了。哈哈。我一看，这不就是可爱的发哥吗？哈哈，风景没啥看的，好失望。,来自订单,IP属地:重庆,,,都江堰差评
M30****1321,钻石贵宾,1分,不佳,景色3,趣味1,性价比1,这辈子不可能再来了，等个观光车等一个多小时,来自订单,IP属地:四川,,,都江堰差评
shuaifei PEI,铂金贵宾,1分,不佳,景色1,趣味1,性价比1,在都江堰被坑了，我对都江堰商家真的服了,来自订单,IP属地:陕西,,,都江堰差评
M39****560,铂金贵宾,1分,不佳,景色3,趣味2,性价比1,订票信息客服和导游没有核对清楚，导致门票差价不能退，事后未协调处理，没有责任心，服务很差,来自订单,IP属地:浙江,,,都江堰差评
M22****9291,铂金贵宾,1分,不佳,景色1,趣味1,性价比1,最差的一次旅游体验，没有之一。各位朋友记住了，千万不要买携程推出的都江堰讲解服务，真是太坑人了！我们在下午2点半到达了集合地点，拿到了耳机，但没想到人越来越多，一个导游竟然带了黑压压一堆人，得有好几十。然后一个非常恶俗的穿着牛仔服的短头发女人带着队伍出发，这让人很膈应，觉得这种街溜子似的人竟然能当导游？更不可思议的是这个导游竟然丝毫不管队伍有没有跟上，自己进了景区就急急忙忙往前赶了，丝毫不顾有好多人还堵在检票口。等我们进去了导游早就没影了，五六个人面面相觑不知何去何从。电话联系卖票方，面对我们的愤怒给的解决方案是让我们在门口等下一个导游，那好那就等吧，等了一会儿终于来了，一个光头油腻男，边解说边发表自己的评论，很不专业，而且也是着急忙慌往前赶，整个队伍都听得一知半解，走着走着都放弃了对解说的期待，只想尽快结束这恶心的旅程。最后终于结束了，大家都迫不及待地还耳机退押金，如释重负。总体就是这样，真不知道这种野生导游团体是怎样登录携程平台的，这些天用这么劣质的服务坑了多少钱？,来自订单,IP属地:甘肃,,,都江堰差评
水獭麻麻,铂金贵宾,1分,不佳,景色1,趣味1,性价比1,景点疏散人流能力不行，就过个桥人都排到出口了，出了门还没车，都被管制了，走很远很远才能打车。如果看都江堰，一定避开暑假和大节。,来自订单,IP属地:四川,,,都江堰差评
神农架州吁,,1分,不佳,景色1,趣味1,性价比2,不是随时自动取消退，容易踩坑,来自订单,IP属地:四川,,,都江堰差评
树清凡,钻石贵宾,1分,不佳,景色3,趣味1,性价比1,人太多了没法玩,来自订单,IP属地:山西,,,都江堰差评
浩钊天下,黄金贵宾,1分,不佳,景色1,趣味1,性价比1,作为一个5A级风景区，景区的道路破损不堪，规划一塌糊涂。停车场外包出去，然后骗我们说进入景区的道路交通管制，不让开车进入。让停在滑雪场内打车过去。幸好没听他的，停了30分钟收费20，游玩出来一台车不是好几百？计时收费。好似提了把砍刀在门口等你！进入景区5.6公里的路程开车一个半小时，到了门口不让转，又让去绕一个大圈，丝毫不会考虑游客的时间成本！由于时间关系，在外面找个停车点，1公里路程，花费10元，步行！进入景区，标识不清，也没有工作人员引导！原本3点就到的景区附近，结果被骗去停车场，然后堵了一个半小时，终于在即将关闭入口时进入，天已经快黑了！又下起了小雨！观光车售票点也下班了！好吧，步行！天越来越黑。景区内居然没有照明灯！过吊桥也没有工作人员指挥或者提示注意事项，有些人就故意在吊桥上晃！一旦发生意外，后果可想而知！总之，如果对水利方面没有知识的话，那这个点，不去也罢！旅游最怕搞得一肚子气！,来自订单,IP属地:四川,,,都江堰差评
M50****0645,铂金贵宾,1分,不佳,景色1,趣味1,性价比1,"请了个1V1导游，全程下来给娃儿讲解内容不超过20分钟左右，太水了，我听很多其他导游讲到的这个导游都没讲。
整体景区很混乱，上个桥都要排队两个小时，太坑爹了",来自订单,IP属地:四川,,,都江堰差评
,,1分,不佳,景色1,趣味1,性价比1,简直无语了，就是倒卖高价门票，讲解差到极致，都不如电子讲解，完全不顾团队人员，一路小跑，就是为了到鱼嘴收麦，别说拍照，压根还没看到要讲解的地方人都走了，一路上追，耳麦因为讲解走太快距离原因根本啥也没听到，团队人员喊着，根本不管不顾。一到经典就说不会带你去，因为人太多，感觉要要么你直接高价卖算了，还整个这噱头，搞得大家没有体验感。,来自订单,IP属地:四川,,,都江堰差评
,,1分,不佳,,,,这里的工作人员太糟糕，一点都不人性,,IP属地:四川,,,都江堰差评
匿名用户,铂金贵宾,1分,不佳,景色1,趣味1,性价比1,体验感极差,来自订单,IP属地:四川,,,都江堰差评
匿名用户,黄金贵宾,1分,不佳,景色3,趣味1,性价比1,游客多，全程都在排队，还有些路不能走，容不了那么多人就不要放那么多人进入，工作人员服务态度差！体验感不好，桥挺有意思的，小朋友喜欢！,来自订单,IP属地:四川,,,都江堰差评
,,1分,不佳,景色1,趣味1,性价比1,最坑的购票，其它平台未使用可退，这个由于途中景区人太多实在赶不及进场申请改期，就赚游客这个钱，不退不改，真的很无语??上次西藏也是商家虚假宣传，定酒店送当天预约布达拉宫门票，结果做不到忽悠我们跑机场浪费一晚还错过了布达拉宫门票，管理太差劲，再也不用这平台，果断卸载了??,来自订单,IP属地:四川,,,都江堰差评
匿名用户,铂金贵宾,1分,不佳,景色1,趣味1,性价比1,买了往返直通车，返程在约定地点约定时间没有车，重新打车回市区，坑，非常不建议订,来自订单,IP属地:四川,,,都江堰差评
,,2分,一般,景色2,趣味2,性价比2,很无聊门票又贵，电瓶车都是老人家坐，搞笑,来自订单,IP属地:福建,,,都江堰差评
,,1分,不佳,景色3,趣味1,性价比2,太小了，一小时逛完,来自订单,IP属地:四川,,,都江堰差评
M34****297,钻石贵宾,2分,一般,景色5,趣味1,性价比1,解说非常不专业，缺乏本地相关的历史、文化知识储备，游客若要咨询到本地有什么好吃的餐馆（旅游景区之外），疑被引导消费（推荐了“周鸡肉”、和南桥旁景区的饭店），没采纳其建议就给脸色、说话很难听。整个行程只讲解了1.5小时。一次极为不好的消费体验,来自订单,IP属地:四川,,,都江堰差评
_CFT0****4046,铂金贵宾,1分,不佳,景色1,趣味1,性价比1,没什么看的,来自订单,IP属地:陕西,,,都江堰差评
M34****4357,,2分,一般,景色4,趣味2,性价比1,这个还是一样，当时网上约的团带讲解！感觉有点坑！我们2大2小，门票不贵，在网上预约下来就多出了2倍的钱！感觉被坑了,来自订单,IP属地:陕西,,,都江堰差评
M35****7106,,1分,不佳,景色1,趣味1,性价比1,自己看图 垃圾景区 垃圾工作人员,来自订单,IP属地:四川,,,都江堰差评
风舞青杨,铂金贵宾,1分,不佳,景色4,趣味1,性价比1,总体来说非常不好！,来自订单,IP属地:辽宁,,,都江堰差评
小傲娇零蛋,黄金贵宾,2分,一般,景色3,趣味3,性价比3,"雨天去的 人特别多  导游一路讲解很好 值得去 
被蚊子叮了一个小包  蓝湖可以去一下 手机上拍照跟网上看到的一样 人超级多",来自订单,IP属地:甘肃,,,都江堰差评
匿名用户,,1分,不佳,景色1,趣味1,性价比1,非常垃圾 跟50块钱大团的讲解内容一样 就是普通当地导游 整个过程只想着怎么多收费 震惊于成都消费行业整体的垃圾水平 避雷吧,来自订单,IP属地:四川,,,都江堰差评
M56****087,铂金贵宾,1分,不佳,景色1,趣味1,性价比1,垃圾景区，有桥不让过,来自订单,IP属地:四川,,,都江堰差评
飞行家摩客,黄金贵宾,2分,一般,景色3,趣味4,性价比4,非常古典和古老的一个景区了，太美了，很好玩的地方,,IP属地:辽宁,,,都江堰差评
M19****469,,2分,一般,景色5,趣味2,性价比1,买的回程缆车要排队一个小时，醉了。更关键的是竟然不给退票，必须差评！,来自订单,IP属地:四川,,,都江堰差评
匿名用户,铂金贵宾,2分,一般,景色2,趣味1,性价比1,去过国内国内那么多景点，都江堰基本可以排在倒数最差的范围…好的是历史文化底蕴，是古人修建的水利工程，和现代人一点屁关系都没有！景点管理混乱，遍地的野导游和质量很差的景点卖货店，人多混乱管理差的无法形容，和四川这个旅游大省一点都不匹配…那可怜的栈桥在超载超负荷下还能坚持真不容易…最差的是景区的观光车，15块往返的价格看着不贵，距离有多远，排队时间有多长有没有人管？景区超载不限流吗？太差了,来自订单,IP属地:四川,,,都江堰差评
_WeCh****36878,铂金贵宾,1分,不佳,景色3,趣味1,性价比1,看了地图看到离堆公园这个出入口有无障碍通道特意找的这个入口去问，推个婴儿车去问买票说买了马上可以用，只字不提婴儿车上不去阶梯，进门只能逛公园，花80看坑坑洼洼的公园，打工作号客服问有没有无障碍通道，人家拽得很说只能逛公园，我说我可以退票出去不，非常拽的说不可以还说啥几A景区都推不到婴儿车，意思还是我的错，垃圾景区垃圾服务，还不如晚上的灯光水,来自订单,IP属地:四川,,,都江堰差评
M57****2267,黄金贵宾,1分,不佳,景色4,趣味3,性价比1,建议不要坐什么观光巴士，自己开车或者高铁过去，时间好掌控在自己手里，游游玩时间不超过两小时,来自订单,IP属地:四川,,,都江堰差评
匿名用户,黄金贵宾,1分,不佳,景色1,趣味1,性价比1,携程紫金花旅游纯属欺骗，奉劝大家谨慎选择,来自订单,IP属地:湖南,,,都江堰差评
小-肥-牛,,1分,不佳,景色3,趣味3,性价比1,人多如牛毛，体验感极差，性价比极低！,来自订单,IP属地:四川,,,都江堰差评
M36****9578,铂金贵宾,2分,一般,景色5,趣味2,性价比2,如果没有导游，真的不建议来，没什么观赏性,来自订单,IP属地:上海,,,都江堰差评
匿名用户,,1分,不佳,景色4,趣味1,性价比1,"1，态度恶劣，游客问的问题，导游都觉得弱智，回答都很粗鲁。
2，提前结束讲解，应该是在二王庙结束，但是以人多需要排队过索桥为由，如果是这样的话，应该退部分钱给我们。
3，旅途过程中，一直提及80元的导游费，本身导游水平就有限，一直提及，反而让人觉得更加不值。
总结，态度极为恶劣，携程可以对平台的导游进行评级和考核。或者进行分级，游客可以根据经济能力进行选择。
说实话，80元一个人的导游费，确实不便宜。
请携程认真考虑。
毕竟，我使用携程快10年了，不要伤害每一个客户的心。",来自订单,IP属地:北京,,,都江堰差评
M50****9342,黄金贵宾,1分,不佳,景色5,趣味5,性价比1,不退票什么意思,来自订单,IP属地:四川,,,都江堰差评
匿名用户,铂金贵宾,2分,一般,景色5,趣味4,性价比2,太塞车了，那么好的地方，交通太拥挤，希望领导重视，管理好交通。,来自订单,IP属地:四川,,,都江堰差评
M21****990,铂金贵宾,2分,一般,景色3,趣味1,性价比1,第四次来这个地方了，一切还是老样子，景区除了网上订票，就没什么服务，这次我是反方向先上青城山再看水利工程的，到了飞沙堰不让走吊桥返回离堆，硬生生让走到远处的停车场，水泥路边杂草丛生，旁边一堵墙，哪像五A景区？完全就是用游客不掏钱的时间去分流，票价和游客那么多就不能再建个吊桥吗？鱼嘴和青城山的吊桥巨堵,来自订单,IP属地:陕西,,,都江堰差评
M50****1534,,2分,一般,景色2,趣味2,性价比2,压根没去，钱也没给退,来自订单,IP属地:四川,,,都江堰差评
来须苍真soma,黄金贵宾,1分,不佳,景色5,趣味1,性价比3,这个地方没有点专业知识，听讲解也不一定能明白到底讲了啥，景点就是都江堰口水利口，景区内其余感觉就没啥可玩的，要不是5a景区不计划去，去了感觉有点不值,来自订单,IP属地:四川,,,都江堰差评
137****2796,铂金贵宾,1分,不佳,景色1,趣味1,性价比1,最坑人景区,来自订单,IP属地:四川,,,都江堰差评
M22****7805,黄金贵宾,1分,不佳,景色1,趣味1,性价比1,性价比很低,来自订单,IP属地:四川,,,都江堰差评
匿名用户,铂金贵宾,2分,一般,景色4,趣味1,性价比1,景区路线设计不合理,来自订单,IP属地:四川,,,都江堰差评
M23****6968,铂金贵宾,1分,不佳,景色3,趣味1,性价比1,"电瓶车正中午的时候，游客都在太阳底下暴晒等候，司机们在轮流吃饭！
一元一根的老冰棍，景区里面是五元。三元一瓶的绿茶，景区里面8元。纯粹宰客！",来自订单,IP属地:重庆,,,都江堰差评
vic****yhj,黄金贵宾,2分,一般,景色4,趣味2,性价比3,景区开发商整体规划太差，应对暑期客流量大，未有动线分流措施，多处游客拥挤，安全隐患多，各方面基础配套不足，且景区内消费太浮夸，一瓶5元的饮料能卖到27元。,来自订单,IP属地:四川,,,都江堰差评
匿名用户,钻石贵宾,2分,一般,景色4,趣味3,性价比1,携程这个讲解真的糟心，导游提前电话嘱咐不要迟到，结果当天出发晚了20分钟连句解释都没有，购票规则写了晚到自行和导游会和，那导游就能随意为了等个别客人整个团晚出发？后面还是电话催了才出发；路上一直赶时间走得飞快，这两天景区人特别多，还那么多打伞的，中途也不管大家跟没跟上，耳机先是杂音后面也没声音，这都算了，打电话问去哪找导游结果先被一通埋怨为什么走得远了叨叨半天才说要去哪里找，见了面又是一顿被指责耳机不好使你先跟他说，我也得能找到你在哪啊，但最重要的是不准时出发，毫无歉意，对守时的客人也不公平，携程作为平台不能只要求客人遵守规定，而对执行方毫无约束！,来自订单,IP属地:四川,,,都江堰差评
AKA阿狼,钻石贵宾,1分,不佳,景色4,趣味1,性价比1,怎么说呢，就是到处都是人，连丫的地图都找不到信号，去看什么？看离堆看鱼嘴？好的地方都圈起来付费拍照了，你去了只能在人群之中找个空隙钻进去赶紧拍两张，本人十年前来过，这次陪对象来没办法，奉劝那种想自己出去玩旅游的人不要选这种，如果我自己我是万万不会来的，在家看纪录片不好吗？有空调有吃个，看看纪录片还有讲解,来自订单,IP属地:四川,,,都江堰差评
匿名用户,钻石贵宾,2分,一般,景色4,趣味2,性价比1,交通组织极差无比，堵车一两个小时。,来自订单,IP属地:四川,,,都江堰差评
300****860,铂金贵宾,1分,不佳,景色1,趣味1,性价比1,这个景区强烈推荐不去,来自订单,IP属地:新疆,,,都江堰差评
匿名用户,,1分,不佳,景色5,趣味2,性价比2,导游估计是临时找来对付的，只是简单介绍了一下是那个景点。典故什么的一概没讲。看着其他旅行社讲的，一对比差的太远了。,来自订单,IP属地:四川,,,都江堰差评
匿名用户,铂金贵宾,1分,不佳,景色5,趣味3,性价比1,景区没有任何问题，都江堰和青城山共160，联票154，如果有临时闭园的情况，单独买可以退票，联票是不行的。客服电话也打不通，各位选择联票慎重。,来自订单,IP属地:四川,,,都江堰差评
匿名用户,铂金贵宾,1分,不佳,景色2,趣味1,性价比1,订的1点，差不多1点40才开始，时间根本就不够2.5小时，导游也不知道哪里找来的，怀疑是不是专业的，全程2小时，讲了半小时不到，剩下的时间就傻傻带着在景区走了一圈，第一次碰到这样的，无语……,来自订单,IP属地:四川,,,都江堰差评
肖肖大魔王,黄金贵宾,1分,不佳,景色2,趣味1,性价比1,没劲，没啥看头，存包还要钱,来自订单,IP属地:江苏,,,都江堰差评
匿名用户,钻石贵宾,1分,不佳,景色3,趣味2,性价比1,"都江堰不错不要选这家  没有所谓的小吃  
购买后没入园不能退
慎重购买",来自订单,IP属地:四川,,,都江堰差评
匿名用户,铂金贵宾,1分,不佳,景色1,趣味1,性价比1,联系不到导游，比游客中心贵很多,来自订单,IP属地:四川,,,都江堰差评
M36****9462,黄金贵宾,1分,不佳,景色2,趣味2,性价比1,景区很乱，该旅行社有控制景区门票嫌疑，且讲解费用过高,来自订单,IP属地:湖北,,,都江堰差评
M49****3337,黄金贵宾,1分,不佳,景色2,趣味2,性价比1,最糟糕的一次体验，去的时候没有下雨，走半路上下大雨，于是原路折返，带着两个老人一个小孩，打着伞全身被淋湿了，雨太大了，到了吊桥那里，还有大批的人往里进，我们往外出，不明白那么大雨不顾安危还那么多游客往里冲，好多是旅游团，导游根本不管一个劲往里冲，必经之路就是吊桥，本应是双向一个出，一个近，结果无人管理，吊桥又窄，出的方向一直滞留不前，排了几百米的长队，，好多游客都上前起了争执，一路上没有看到一个景区工作人员，这么大的雨也没人疏导和关闭景区，管理和应变实在是太差，太差了，多处积水，都是趟着水过，在吊桥等待的时候，被人流挤散了老人和其中一个孩子，非常危险，景区不作为！不配5A的经典管理！,来自订单,IP属地:福建,,,都江堰差评
320****107,,1分,不佳,景色1,趣味1,性价比1,这个门票是假的，根本进不去园区，跟平台沟通也没有得到妥善解决，大家慎拍。,来自订单,IP属地:广东,,,都江堰差评
M53****3387,,1分,不佳,景色1,趣味1,性价比1,骗子骗钱的！根本没有人和你联系！打电话到携程说是联系后来也没有人和我联系！请需要购买的朋友擦亮双眼！省的上当！网上显示没票可以直接去现场购买！也希望携程能处理下这样的不良商家！！！,来自订单,IP属地:四川,,,都江堰差评
匿名用户,铂金贵宾,2分,一般,景色4,趣味1,性价比1,大运会期间限流，单独购买不了门票，只能买绑定的票，每张都贵一百块，绑定的小吃店根本没有联系方式，更没有主动联系，应该说很失望,来自订单,IP属地:四川,,,都江堰差评
M31****5716,,1分,不佳,景色1,趣味1,性价比1,买的连导游讲解的套票，所以路线是导游选的但是她按照她的路线带我们走了最差的路线从游客中心旁边的大门入是因为从景区门口带到上面去了，以后上面有个出入口，还有几个人等着她再带，还有因为我们没有提前在网上买票导致我自己买的门票加导游就是个大坑，到了景区门口才发现就是你下午去玩在售票中心一样能买到普通门票80的哎真的气死！在这里提醒大家大家！,来自订单,IP属地:四川,,,都江堰差评
M57****3671,,1分,不佳,景色1,趣味1,性价比1,刚进来就下雨，特别大，根本没法玩了，也不给退票,,IP属地:四川,,,都江堰差评
海事笨笨,铂金贵宾,1分,不佳,景色1,趣味1,性价比1,都江堰风景区导游差，讲解差，服务差，千万别去中坑,来自订单,IP属地:重庆,,,都江堰差评
Ccccccc飞,黄金贵宾,1分,不佳,景色1,趣味1,性价比1,讲解体验极差，因为网上没有预约票了，没办法买的票加讲解，后悔。,来自订单,IP属地:四川,,,都江堰差评
130****3298,,2分,一般,景色2,趣味2,性价比3,比较一般化,来自订单,IP属地:安徽,,,都江堰差评
匿名用户,黄金贵宾,1分,不佳,景色1,趣味1,性价比1,别去了，还不如去多看两个熊猫，真没啥好看的，还不如就看看门口的南桥，一点特色也没有，当然如果你热爱水利工程可以去看，不可否认古人的智慧是很牛的，就是当成景点那真没啥看头,来自订单,IP属地:四川,,,都江堰差评
137****8333,钻石贵宾,1分,不佳,景色1,趣味1,性价比1,孩子发烧了，票都没办法退票，垃圾,来自订单,IP属地:四川,,,都江堰差评
百晓生09,铂金贵宾,2分,一般,景色2,趣味3,性价比3,…………..,来自订单,IP属地:重庆,,,都江堰差评
M22****3612,,2分,一般,景色4,趣味4,性价比1,"景区很美毕竟是公元前古人智慧的结晶。
差评给到套票里的，锦宴楼-套票餐饮店。
门票单定80，套票188成人一张，学生148一张，
除去门票价格，餐饮部分108成人，60学生，
晚餐说不含表演，退了我10元一人，
餐饮就是98成人一顿，学生50一顿，
给你们看看吃的啥，文字内容就是一个鱼目混珠，
就是小吃，根本不是晚餐，
不建议订套票，饭店位置偏僻，关键连口热水都喝不上的小吃哈哈哈。
早上人民公园点了一餐也就一百多（不含喝茶），
这家的套票，锦宴楼，千万慎重。（速冻水饺小混沌芝麻汤圆凉拌粉凉拌面指甲盖大小红豆馅儿的小馒头等等）",来自订单,IP属地:四川,,,都江堰差评
匿名用户,,1分,不佳,景色5,趣味1,性价比1,看网上说没有线下售票了，当天公众号上又不能预定了于是就买了这个，结果到了门口可以买票，景区内挺好的。就这附加的100块太不值得了！本来还挺期待川剧表演的，结果下午没有，所以多付100块钱吃了巨难吃巨难吃的菜，本来就是吃的晚饭，下午还没有川剧表演，只配了晚饭却在中午表演，我哭了。哪来的性价比啊，我们两个人，明明可以直接抢我们200块，还给我们上了九个难吃的速食菜（凉面 凉粉 水饺 没味道的鸭子 腊肉 汤圆 速冻馄饨 鸡汤 包子） 饺子也是速冻的，鸡汤没有油，豆沙馅的包子没有豆沙味，还做成这个模样，那两个肉我不愿再评价。成都名小吃……,来自订单,IP属地:四川,,,都江堰差评
风X是雅,钻石贵宾,1分,不佳,景色5,趣味3,性价比3,网上不能预约老人等优惠，景区售票点也很坑，,来自订单,IP属地:山东,,,都江堰差评
M48****5283,黄金贵宾,2分,一般,景色5,趣味3,性价比1,25号下午门口售票处的那个男的 素质教育有待提高 不耐烦不喜欢这份工作可以不干哈,来自订单,IP属地:四川,,,都江堰差评
M33****8371,黄金贵宾,1分,不佳,景色1,趣味1,性价比1,没文化看不懂，真没啥玩的,来自订单,IP属地:河南,,,都江堰差评
M58****067,黄金贵宾,2分,一般,景色3,趣味2,性价比2,很一般，又热，啥都没,来自订单,IP属地:福建,,,都江堰差评
110****797,黄金贵宾,1分,不佳,景色2,趣味1,性价比1,只管收钱，毫无管理,来自订单,IP属地:四川,,,都江堰差评
M43****882,黄金贵宾,2分,一般,景色2,趣味2,性价比1,景区图有虚名，感觉和票价不符，一条江圈起来收费有点坑！,来自订单,IP属地:山东,,,都江堰差评
E03****55,,2分,一般,景色5,趣味3,性价比2,这次是所有旅游中体验最差的，标识不明显。停雨后把一把很有意义文艺伞收起靠内江边的栏杆旁，去拍张相片过来就遗失了。图片是丢失的伞。,来自订单,IP属地:四川,,,都江堰差评
不知道取什么名字的屑GzMXY10,黄金贵宾,1分,不佳,景色2,趣味1,性价比1,人太多了，园内没什么可看的，项目也很无聊，感觉景点太敷衍了，交通非常不方便，不管是去到那里还是离开，都非常的麻烦。不推荐去。,来自订单,IP属地:四川,,,都江堰差评
凤凰涅,铂金贵宾,2分,一般,景色2,趣味2,性价比2,鸡肋景区。无需打卡。,来自订单,IP属地:贵州,,,都江堰差评
M22****913,铂金贵宾,1分,不佳,景色1,趣味1,性价比1,景区管理很差，没有看到一个工作人员，导游不必要，自己随便逛逛就可以,来自订单,IP属地:四川,,,都江堰差评
M22****913,铂金贵宾,1分,不佳,景色1,趣味1,性价比1,景区没有管理，特别差,来自订单,IP属地:四川,,,都江堰差评
M32****314,黄金贵宾,2分,一般,景色3,趣味1,性价比2,人太多了，老是要排队，又没什么地方好看，根本不值80票价和我的一天时间,来自订单,IP属地:四川,,,都江堰差评
631****912,铂金贵宾,1分,不佳,景色4,趣味3,性价比1,管理混乱 景区观光车大热天都在排队 和导游认识的负责排队的就安排那个导游的游客插队 导游就更不用说了根本不排队 游客排三四十分钟 导游直接上车 景区弄几个东倒西歪的围栏 剩下的游客自己挤去吧,,IP属地:四川,,,都江堰差评
炎阳、,铂金贵宾,1分,不佳,景色3,趣味1,性价比1,真的很普通，失望。,来自订单,IP属地:四川,,,都江堰差评
M54****3403,黄金贵宾,2分,一般,景色3,趣味2,性价比2,1.导游讲解的很差没有耐心全程都在敷衍 这是来自孩子的真心评价 因为前一天刚去了武侯祠那位小姐姐讲的非常有耐心 相当专业 服务有好 孩不懂的都会耐心讲解,来自订单,IP属地:江苏,,,都江堰差评
320****654,,1分,不佳,景色5,趣味2,性价比2,导游知识储备量很差，讲的很多地方都不对，也讲的不详细，秦昭王，都讲成了秦始皇,来自订单,IP属地:四川,,,都江堰差评
M50****9379,,1分,不佳,景色5,趣味1,性价比1,都江堰去旅游，你不给钱就看不到风景.河的两边两岸修了很多围墙，高山上也修了很多围墙.钻到钱眼里面去了穷游的人不要去都江堰.你是一点风景也看不到.都江堰的政府一点胸怀都没有.,,IP属地:四川,,,都江堰差评
惠先生66,黄金贵宾,2分,一般,景色5,趣味4,性价比3,不推荐套票，这两个地方相差太远，想一天玩两个地方，基本不可能，而且套票不能退，体验感极差,来自订单,IP属地:甘肃,,,都江堰差评
M50****1378,铂金贵宾,2分,一般,景色2,趣味2,性价比2,一次很不好的体验，请了个讲解，讲一半丢下我们，接别的单，实在无语,来自订单,IP属地:四川,,,都江堰差评
M55****3101,,2分,一般,景色3,趣味2,性价比2,人多，天热，没看明白,来自订单,IP属地:重庆,,,都江堰差评
_M18****8011,,2分,一般,景色4,趣味1,性价比2,说好的2.5小时的导游讲解时间，1个半小时就结束了。感觉一点不值！,来自订单,IP属地:四川,,,都江堰差评
M54****0685,黄金贵宾,1分,不佳,景色1,趣味1,性价比1,没意思很差劲,来自订单,IP属地:重庆,,,都江堰差评
M26****8735,,1分,不佳,景色5,趣味1,性价比1,交通太差 停车场附近的路真窄.车堵半天。,,IP属地:四川,,,都江堰差评
M22****785,铂金贵宾,1分,不佳,景色5,趣味1,性价比1,景区很好，但设计很差造成拥挤严重，来回都要过很窄的桥,来自订单,IP属地:北京,,,都江堰差评
M33****6237,钻石贵宾,1分,不佳,景色1,趣味1,性价比1,差评必须差评，换车不通知，司机也没有任何提示，白白等了半小时，到达都江堰只有不到两小时，走马观花都看不全；发车晚点，导游代订青城山观光车票说好不用排队，还是自己正常排队，浪费时间山顶都没上去，气愤,来自订单,IP属地:四川,,,都江堰差评
M47****5767,,1分,不佳,景色1,趣味1,性价比1,携程是真的垃圾,来自订单,IP属地:陕西,,,都江堰差评
155****9851,铂金贵宾,2分,一般,景色4,趣味1,性价比1,"性价比低，除了景色之外
服务根本没有，里面都是各种收费，
排队人这么多，电瓶车司机竟然都在闲着看手机，不去接乘客，乘客排队那么长了。不值得80块钱，最多30",来自订单,IP属地:湖北,,,都江堰差评
大头头大呀,,2分,一般,景色5,趣味4,性价比2,整体还是挺好，节假日多能理解，就是第一次去不小心以为秦堰楼出口就是单单这个楼的出口，出去后就不让我们再进去了，只能打车自己下去，出口也没人提醒，出去就不能进了，本来还想从另一个寺庙下去 …,来自订单,IP属地:四川,,,都江堰差评
冷眼看烟花,铂金贵宾,2分,一般,景色5,趣味2,性价比2,以后不来了,来自订单,IP属地:四川,,,都江堰差评
早餐喝粥不放糖,钻石贵宾,1分,不佳,景色1,趣味1,性价比1,**景区 弄个吊桥进来 排队半小时进去 坐个观光车也是疯狂排队 别来了 景色*音上都能看到,来自订单,IP属地:四川,,,都江堰差评
M26****2915,黄金贵宾,1分,不佳,景色1,趣味1,性价比1,被导游坑了，导游极差,来自订单,IP属地:贵州,,,都江堰差评
M29****3777,,2分,一般,景色3,趣味1,性价比2,水好看，其他也没什么意思。这种地方去一次就够了。,来自订单,IP属地:四川,,,都江堰差评
M51****349,黄金贵宾,2分,一般,景色5,趣味5,性价比1,景区挺大的！各种小吃都有！风景也不错！但是！！！！转完了一圈才意识到根本不用门票的！所以这个费用是专门坑外地过来旅游的人吗????????,来自订单,IP属地:四川,,,都江堰差评
M28****7372,黑钻贵宾,1分,不佳,景色5,趣味4,性价比1,好好的心情被一个素质低下的停车场保安弄得一团糟，态度恶劣面目可憎！千万要提高服务从业人员的专业素质！,来自订单,IP属地:湖北,,,都江堰差评
M38****2557,黄金贵宾,1分,不佳,景色1,趣味1,性价比1,太差 环境差 政策差 服务差 态度差 南桥可以直接进入 还要收取门票 谁来谁后悔,来自订单,IP属地:北京,,,都江堰差评
臭屁小宝贝,,1分,不佳,景色1,趣味1,性价比1,啥破玩意儿，玉垒阁完有一条诱导去做20块钱电梯的路，如果不坐电梯就要从山顶原路返回，坐不坐吧,来自订单,IP属地:四川,,,都江堰差评
风不见了,黄金贵宾,1分,不佳,景色1,趣味1,性价比1,太垃圾了而且偏贵不值这个价,来自订单,IP属地:四川,,,都江堰差评
M27****5575,钻石贵宾,1分,不佳,景色1,趣味1,性价比1,根本不是12:30发车，是下午13:00，白白在太阳底下晒了1个多小时，之后还有迟到的，只要旅行社打个电话都会等。路程的话要是堵车1.5小时根本到不了,来自订单,IP属地:上海,,,都江堰差评
